{
  "type": "FeatureCollection",
  "features": [
    {
      "type": "Feature",
      "geometry": {
        "type": "MultiPolygon",
        "coordinates": [
          [
            [
              [
                2.256618583728198,
                41.45592270892195
              ],
              [
                2.256606272420082,
                41.45591828408348
              ],
              [
                2.2566137106134807,
                41.45590593522146
              ],
              [
                2.2566137290277024,
                41.455905904553354
              ],
              [
                2.256616128827114,
                41.45590190055739
              ],
              [
                2.2566302195893746,
                41.4559069833719
              ],
              [
                2.256618583728198,
                41.45592270892195
              ]
            ]
          ],
          [
            [
              [
                2.2566536753650164,
                41.45591535682691
              ],
              [
                2.2566104628743635,
                41.455899825752574
              ],
              [
                2.2566104628040713,
                41.45589982572112
              ],
              [
                2.2566390938583405,
                41.455854740921886
              ],
              [
                2.2566435041107495,
                41.455847796168236
              ],
              [
                2.2566435041125263,
                41.45584779616891
              ],
              [
                2.256646842597162,
                41.455848996059935
              ],
              [
                2.2566468426031503,
                41.45584899605112
              ],
              [
                2.256647785664897,
                41.45584932917243
              ],
              [
                2.2566487937094357,
                41.4558476631837
              ],
              [
                2.256648858963783,
                41.455847554372994
              ],
              [
                2.2566574020602337,
                41.45583318341324
              ],
              [
                2.256657576760591,
                41.45583288959065
              ],
              [
                2.2566748881359233,
                41.45583911150684
              ],
              [
                2.2566945814333046,
                41.45582983303425
              ],
              [
                2.256720000701815,
                41.45586036752994
              ],
              [
                2.2566899846491775,
                41.455874509555976
              ],
              [
                2.256684102492916,
                41.45586744370764
              ],
              [
                2.25667006721546,
                41.455889544848134
              ],
              [
                2.2566536753650164,
                41.45591535682691
              ]
            ]
          ]
        ]
      },
      "properties": {
        "intersection_id": "10265139316",
        "modes": [
          "ON_FOOT"
        ],
        "stop_line": [
          2.2566625297819702,
          41.45585962532734
        ],
        "waiting_zone_id": "10265139316_w1_straight_ped"
      }
    },
    {
      "type": "Feature",
      "geometry": {
        "type": "Polygon",
        "coordinates": [
          [
            [
              2.256667594398719,
              41.45585647458903
            ],
            [
              2.2566792610488764,
              41.45584070511723
            ],
            [
              2.2566662522630656,
              41.4558360125415
            ],
            [
              2.256697770139734,
              41.45584738165148
            ],
            [
              2.2566439033348074,
              41.45593189737502
            ],
            [
              2.2566121689900616,
              41.45592045017994
            ],
            [
              2.2565853873557287,
              41.455926946323
            ],
            [
              2.2565761740469505,
              41.455905449100435
            ],
            [
              2.256613404654184,
              41.455896418456604
            ],
            [
              2.2566442339807056,
              41.45584804803304
            ],
            [
              2.256667594398719,
              41.45585647458903
            ]
          ]
        ]
      },
      "properties": {
        "intersection_id": "10265139316",
        "modes": [
          "ON_FOOT"
        ],
        "stop_line": [
          2.2566352528437505,
          41.45590380448721
        ],
        "waiting_zone_id": "10265139316_w3_straight_ped"
      }
    },
    {
      "type": "Feature",
      "geometry": {
        "type": "Polygon",
        "coordinates": [
          [
            [
              2.255365264575993,
              41.45535873649836
            ],
            [
              2.255328816984061,
              41.45533193203709
            ],
            [
              2.255362294128746,
              41.45530616865399
            ],
            [
              2.255379417008823,
              41.455318761246176
            ],
            [
              2.2553794170399626,
              41.455318761222216
            ],
            [
              2.255397642930277,
              41.45533216498691
            ],
            [
              2.2554084658838445,
              41.45532328304578
            ],
            [
              2.25537083912888,
              41.455298628072946
            ],
            [
              2.2554022929615023,
              41.45527145997572
            ],
            [
              2.2554203494324176,
              41.45528329150477
            ],
            [
              2.255420349466834,
              41.45528329147506
            ],
            [
              2.255440837988182,
              41.455296716593445
            ],
            [
              2.2554409695819326,
              41.4552966085893
            ],
            [
              2.2554466155264157,
              41.45530050232785
            ],
            [
              2.2554492275317615,
              41.45530221384535
            ],
            [
              2.2554492275016695,
              41.45530221387131
            ],
            [
              2.2554672839611647,
              41.455314045358406
            ],
            [
              2.2554668262446342,
              41.45531444070414
            ],
            [
              2.255476271346411,
              41.45532095453618
            ],
            [
              2.255400368249463,
              41.455383245034575
            ],
            [
              2.255390953508292,
              41.45537675212954
            ],
            [
              2.255390371022106,
              41.45537720039014
            ],
            [
              2.255371800678728,
              41.45536354330245
            ],
            [
              2.255365066503113,
              41.45535889906477
            ],
            [
              2.255365264575993,
              41.45535873649836
            ]
          ]
        ]
      },
      "properties": {
        "intersection_id": "1091496852",
        "modes": [
          "ON_FOOT"
        ],
        "stop_line": [
          2.2553857060528766,
          41.455348577960585
        ],
        "waiting_zone_id": "1091496852_w0_straight_ped"
      }
    },
    {
      "type": "Feature",
      "geometry": {
        "type": "Polygon",
        "coordinates": [
          [
            [
              2.257040733006544,
              41.45583893303593
            ],
            [
              2.2570286371697112,
              41.45583827272273
            ],
            [
              2.257042516827851,
              41.455826127240826
            ],
            [
              2.257060674379793,
              41.45583787100069
            ],
            [
              2.2570606743855586,
              41.45583787099576
            ],
            [
              2.2570659523908656,
              41.455841284648
            ],
            [
              2.257074875871105,
              41.45584212546134
            ],
            [
              2.257074875869584,
              41.45584212546951
            ],
            [
              2.2570986356138367,
              41.45584436422697
            ],
            [
              2.2570959213190727,
              41.45586066762802
            ],
            [
              2.2571079512128325,
              41.455868448195616
            ],
            [
              2.2570767304178623,
              41.45589576819487
            ],
            [
              2.2570456775251104,
              41.45587568413117
            ],
            [
              2.2570409646838057,
              41.45587524007652
            ],
            [
              2.2570423114996148,
              41.45587536696619
            ],
            [
              2.2570366439486653,
              41.45587483294097
            ],
            [
              2.256916366952424,
              41.455868266950574
            ],
            [
              2.2569160757964672,
              41.45586824880377
            ],
            [
              2.2569161009172003,
              41.45586825037483
            ],
            [
              2.2569158791454575,
              41.45586823655523
            ],
            [
              2.2568630791390247,
              41.45586453650932
            ],
            [
              2.256867520864409,
              41.455828663453474
            ],
            [
              2.256920077153805,
              41.4558323463752
            ],
            [
              2.257040733006544,
              41.45583893303593
            ]
          ]
        ]
      },
      "properties": {
        "intersection_id": "1091758345",
        "modes": [
          "ON_FOOT"
        ],
        "stop_line": [
          2.25706964385921,
          41.455867428494685
        ],
        "waiting_zone_id": "1091758345_w0_straight_ped"
      }
    },
    {
      "type": "Feature",
      "geometry": {
        "type": "Polygon",
        "coordinates": [
          [
            [
              2.256282076542696,
              41.456417912964284
            ],
            [
              2.2562619920466336,
              41.456408104096894
            ],
            [
              2.2562880691663922,
              41.45637788510026
            ],
            [
              2.2563925349732026,
              41.456428904019496
            ],
            [
              2.2563664578806075,
              41.456459123056966
            ],
            [
              2.256346373344533,
              41.45644931419703
            ],
            [
              2.2563463733327787,
              41.456449314210786
            ],
            [
              2.2562820765304905,
              41.456417912978495
            ],
            [
              2.256282076542696,
              41.456417912964284
            ]
          ]
        ]
      },
      "properties": {
        "intersection_id": "1091758397",
        "modes": [
          "ON_FOOT"
        ],
        "stop_line": [
          2.256300136218297,
          41.45640525568919
        ],
        "waiting_zone_id": "1091758397_w1_straight_ped"
      }
    },
    {
      "type": "Feature",
      "geometry": {
        "type": "Polygon",
        "coordinates": [
          [
            [
              2.2564193219137922,
              41.456533128161716
            ],
            [
              2.2563495046415287,
              41.45649501308687
            ],
            [
              2.2563776325350418,
              41.45646585355707
            ],
            [
              2.256447449793003,
              41.45650396861492
            ],
            [
              2.2564193219137922,
              41.456533128161716
            ]
          ]
        ]
      },
      "properties": {
        "intersection_id": "1091758445",
        "modes": [
          "ON_FOOT"
        ],
        "stop_line": [
          2.2564091603950738,
          41.456505323086816
        ],
        "waiting_zone_id": "1091758445_w0_straight_ped"
      }
    },
    {
      "type": "Feature",
      "geometry": {
        "type": "Polygon",
        "coordinates": [
          [
            [
              2.252986231576342,
              41.45894092704581
            ],
            [
              2.252979701543406,
              41.45887624963534
            ],
            [
              2.2530274569701496,
              41.45887352109225
            ],
            [
              2.2530292705317385,
              41.45889148352669
            ],
            [
              2.2530292705627155,
              41.45889148352487
            ],
            [
              2.2530321735314334,
              41.458920236054695
            ],
            [
              2.2530321735080445,
              41.45892023605609
            ],
            [
              2.253033987073178,
              41.4589381985006
            ],
            [
              2.252986231576342,
              41.45894092704581
            ]
          ]
        ]
      },
      "properties": {
        "intersection_id": "1095443100",
        "modes": [
          "ON_FOOT"
        ],
        "stop_line": [
          2.2530078424099673,
          41.45891710972386
        ],
        "waiting_zone_id": "1095443100_w0_straight_ped"
      }
    },
    {
      "type": "Feature",
      "geometry": {
        "type": "Polygon",
        "coordinates": [
          [
            [
              2.250672888740174,
              41.46103021430889
            ],
            [
              2.250637410513332,
              41.461006011465585
            ],
            [
              2.2506953353794588,
              41.46095796324034
            ],
            [
              2.2507308136478534,
              41.46098216606623
            ],
            [
              2.2507147265400818,
              41.4609955102022
            ],
            [
              2.2507147265474297,
              41.46099551020715
            ],
            [
              2.250688975869342,
              41.46101687019964
            ],
            [
              2.250688975853321,
              41.46101687018866
            ],
            [
              2.250672888740174,
              41.46103021430889
            ]
          ]
        ]
      },
      "properties": {
        "intersection_id": "1096813827",
        "modes": [
          "ON_FOOT"
        ],
        "stop_line": [
          2.25069296565053,
          41.4609867448281
        ],
        "waiting_zone_id": "1096813827_w1_straight_ped"
      }
    },
    {
      "type": "Feature",
      "geometry": {
        "type": "Polygon",
        "coordinates": [
          [
            [
              2.2351957596920196,
              41.44304632136422
            ],
            [
              2.235208359692737,
              41.44303502136614
            ],
            [
              2.2352083597093793,
              41.44303502137686
            ],
            [
              2.235223747584302,
              41.443021221140704
            ],
            [
              2.2352297703371184,
              41.443025023466895
            ],
            [
              2.235240728641926,
              41.44301365789135
            ],
            [
              2.2352761335931124,
              41.44303298538073
            ],
            [
              2.2352951806730554,
              41.44304336332935
            ],
            [
              2.2352221384483615,
              41.44311926458503
            ],
            [
              2.2351943550196256,
              41.443104126560634
            ],
            [
              2.235165380715879,
              41.443130959588174
            ],
            [
              2.2351652593997016,
              41.44313107103789
            ],
            [
              2.235136514511772,
              41.44315726080537
            ],
            [
              2.2350995957682787,
              41.44313431873974
            ],
            [
              2.2351148406541896,
              41.443120428964185
            ],
            [
              2.2351148406437438,
              41.44312042895753
            ],
            [
              2.235128279684771,
              41.44310818450107
            ],
            [
              2.2351715193297585,
              41.44306814040601
            ],
            [
              2.2351717329474665,
              41.443067945386304
            ],
            [
              2.2351888360280388,
              41.443052552619676
            ],
            [
              2.2351957596920196,
              41.44304632136422
            ]
          ]
        ]
      },
      "properties": {
        "intersection_id": "11362029510",
        "modes": [
          "ON_FOOT"
        ],
        "stop_line": [
          2.2352202989606744,
          41.44309046105109
        ],
        "waiting_zone_id": "11362029510_w0_straight_ped"
      }
    },
    {
      "type": "Feature",
      "geometry": {
        "type": "Polygon",
        "coordinates": [
          [
            [
              2.2507606706531536,
              41.453095596542994
            ],
            [
              2.2507237063841035,
              41.4530726907913
            ],
            [
              2.250802914695651,
              41.453000341827874
            ],
            [
              2.2508398789750794,
              41.453023247554455
            ],
            [
              2.2508246559091245,
              41.45303715234041
            ],
            [
              2.2508246559334824,
              41.45303715235547
            ],
            [
              2.250775893773711,
              41.45308169178087
            ],
            [
              2.2507758937476714,
              41.45308169176473
            ],
            [
              2.2507606706531536,
              41.453095596542994
            ]
          ]
        ]
      },
      "properties": {
        "intersection_id": "11406441405",
        "modes": [
          "ON_FOOT"
        ],
        "stop_line": [
          2.2507612174048632,
          41.45306676271766
        ],
        "waiting_zone_id": "11406441405_w0_straight_ped"
      }
    },
    {
      "type": "Feature",
      "geometry": {
        "type": "Polygon",
        "coordinates": [
          [
            [
              2.253294366557396,
              41.454492438898015
            ],
            [
              2.2532957687684045,
              41.454490875280264
            ],
            [
              2.253301133124892,
              41.454484893574445
            ],
            [
              2.253307785337401,
              41.45447751525552
            ],
            [
              2.2533067173368826,
              41.45447694892287
            ],
            [
              2.2533466184126594,
              41.454434360723965
            ],
            [
              2.25334661858381,
              41.45443436053239
            ],
            [
              2.2533646338216298,
              41.45441513204095
            ],
            [
              2.253403777190794,
              41.45443588871957
            ],
            [
              2.2533899820579752,
              41.45445061290991
            ],
            [
              2.2533899820622327,
              41.45445061291208
            ],
            [
              2.253345860724553,
              41.45449770561864
            ],
            [
              2.2533458607226913,
              41.45449770561761
            ],
            [
              2.2533320656024944,
              41.454512429759156
            ],
            [
              2.253294366557396,
              41.454492438898015
            ]
          ]
        ]
      },
      "properties": {
        "intersection_id": "11406463744",
        "modes": [
          "ON_FOOT"
        ],
        "stop_line": [
          2.2533297378122494,
          41.45448364623223
        ],
        "waiting_zone_id": "11406463744_w3_straight_ped"
      }
    },
    {
      "type": "Feature",
      "geometry": {
        "type": "Polygon",
        "coordinates": [
          [
            [
              2.241327313146709,
              41.44833950658263
            ],
            [
              2.2413210722664196,
              41.44830378552128
            ],
            [
              2.2413448106770133,
              41.44830143772463
            ],
            [
              2.241344810671329,
              41.44830143769192
            ],
            [
              2.2414207990610655,
              41.448293922189265
            ],
            [
              2.241420799066665,
              41.44829392222159
            ],
            [
              2.241444537348925,
              41.44829157441623
            ],
            [
              2.2414507782959725,
              41.44832729547152
            ],
            [
              2.241327313146709,
              41.44833950658263
            ]
          ]
        ]
      },
      "properties": {
        "intersection_id": "13608027774",
        "modes": [
          "ON_FOOT"
        ],
        "stop_line": [
          2.2413538657016603,
          41.448318711274226
        ],
        "waiting_zone_id": "13608027774_w0_straight_ped"
      }
    },
    {
      "type": "Feature",
      "geometry": {
        "type": "Polygon",
        "coordinates": [
          [
            [
              2.2405410457226904,
              41.44808987313019
            ],
            [
              2.240533294114549,
              41.44808276274917
            ],
            [
              2.240551805808999,
              41.448071338286624
            ],
            [
              2.24055180577829,
              41.44807133825823
            ],
            [
              2.240611012915196,
              41.448034798630545
            ],
            [
              2.240611012940081,
              41.44803479865353
            ],
            [
              2.2406295246437993,
              41.44802337415558
            ],
            [
              2.2406335342525767,
              41.44802705207336
            ],
            [
              2.2406718718290324,
              41.448003537457296
            ],
            [
              2.2406718718512684,
              41.44800353747798
            ],
            [
              2.24069042932399,
              41.44799215511263
            ],
            [
              2.2407206856831983,
              41.44802008018277
            ],
            [
              2.2406638911771495,
              41.44805491551337
            ],
            [
              2.240667707383856,
              41.44805842318917
            ],
            [
              2.240571326739355,
              41.44811778312861
            ],
            [
              2.2405409954691526,
              41.44808990406661
            ],
            [
              2.2405410457226904,
              41.44808987313019
            ]
          ]
        ]
      },
      "properties": {
        "intersection_id": "13608027777",
        "modes": [
          "ON_FOOT"
        ],
        "stop_line": [
          2.2405793196974217,
          41.44808958042198
        ],
        "waiting_zone_id": "13608027777_w0_straight_ped"
      }
    },
    {
      "type": "Feature",
      "geometry": {
        "type": "Polygon",
        "coordinates": [
          [
            [
              2.241023683071261,
              41.44820354278731
            ],
            [
              2.24101523393718,
              41.448141723099184
            ],
            [
              2.241062867737691,
              41.44813803763534
            ],
            [
              2.241065316894235,
              41.448155957269755
            ],
            [
              2.2410653169138786,
              41.44815595726801
            ],
            [
              2.241071316929733,
              41.44819985726677
            ],
            [
              2.2410713170247494,
              41.448199857961335
            ],
            [
              2.2410759987150413,
              41.44823412525338
            ],
            [
              2.2410823050338164,
              41.44823349337373
            ],
            [
              2.2410854655746744,
              41.44825134986224
            ],
            [
              2.241085465585393,
              41.448251349860975
            ],
            [
              2.2411006290435425,
              41.448337020540144
            ],
            [
              2.2411006290331836,
              41.448337020541146
            ],
            [
              2.241103789602779,
              41.44835487713455
            ],
            [
              2.241092579506646,
              41.44835600033943
            ],
            [
              2.241092754530618,
              41.44835728773318
            ],
            [
              2.2410451178981536,
              41.44836095372498
            ],
            [
              2.241045092303687,
              41.44836076539724
            ],
            [
              2.241038792357915,
              41.44836139094458
            ],
            [
              2.24101748456348,
              41.448239912334664
            ],
            [
              2.2410285024701024,
              41.448238818312554
            ],
            [
              2.2410236829653076,
              41.44820354208221
            ],
            [
              2.241023683071261,
              41.44820354278731
            ]
          ]
        ]
      },
      "properties": {
        "intersection_id": "13608027778",
        "modes": [
          "ON_FOOT"
        ],
        "stop_line": [
          2.2410586133860027,
          41.448336709793395
        ],
        "waiting_zone_id": "13608027778_w0_straight_ped"
      }
    },
    {
      "type": "Feature",
      "geometry": {
        "type": "Polygon",
        "coordinates": [
          [
            [
              2.2404951227320162,
              41.44822511258033
            ],
            [
              2.2404923149042486,
              41.448207222655014
            ],
            [
              2.240539869515802,
              41.44820299749175
            ],
            [
              2.2405461758701963,
              41.44824317778467
            ],
            [
              2.2405519756878363,
              41.44827979747875
            ],
            [
              2.2405597626773517,
              41.448279167120404
            ],
            [
              2.240577171711811,
              41.44840091073122
            ],
            [
              2.240563379983867,
              41.44840202716682
            ],
            [
              2.240563387984895,
              41.44840208317596
            ],
            [
              2.2405490660377643,
              41.448403241224966
            ],
            [
              2.240523657579193,
              41.44840551846138
            ],
            [
              2.240523622741758,
              41.44840529851226
            ],
            [
              2.2405157769371518,
              41.448405932895156
            ],
            [
              2.240513218622657,
              41.44838802189951
            ],
            [
              2.2405132185785517,
              41.44838802190311
            ],
            [
              2.2405009330823744,
              41.4483020098524
            ],
            [
              2.2405009331229095,
              41.44830200984904
            ],
            [
              2.2404983748034617,
              41.44828409876346
            ],
            [
              2.2405043563741747,
              41.44828361510204
            ],
            [
              2.2404986256600994,
              41.44824743154583
            ],
            [
              2.240498622670875,
              41.44824741258573
            ],
            [
              2.2404951226788,
              41.44822511258509
            ],
            [
              2.2404951227320162,
              41.44822511258033
            ]
          ]
        ]
      },
      "properties": {
        "intersection_id": "13608027779",
        "modes": [
          "ON_FOOT"
        ],
        "stop_line": [
          2.2405501649642674,
          41.44838044928315
        ],
        "waiting_zone_id": "13608027779_w0_straight_ped"
      }
    },
    {
      "type": "Feature",
      "geometry": {
        "type": "Polygon",
        "coordinates": [
          [
            [
              2.2393566758597983,
              41.448354589571615
            ],
            [
              2.2393504404274402,
              41.448306625005294
            ],
            [
              2.23939809811597,
              41.44830311777616
            ],
            [
              2.2394004288403866,
              41.44832104638568
            ],
            [
              2.239400428851459,
              41.448321046384685
            ],
            [
              2.2394043265224814,
              41.4483510283849
            ],
            [
              2.2394087641888403,
              41.44838447158776
            ],
            [
              2.2394146545971765,
              41.44838387682105
            ],
            [
              2.2394181352648475,
              41.448403390938644
            ],
            [
              2.239433120175127,
              41.44848740259669
            ],
            [
              2.239433120165485,
              41.448487402597436
            ],
            [
              2.2394363047555195,
              41.448505256722086
            ],
            [
              2.239430666812092,
              41.44850582599751
            ],
            [
              2.2394306710987157,
              41.448505849992394
            ],
            [
              2.2393832113004595,
              41.448510642084756
            ],
            [
              2.2393819716471572,
              41.4485036920941
            ],
            [
              2.239376439035352,
              41.448504105224195
            ],
            [
              2.239363575139722,
              41.44840658430247
            ],
            [
              2.239362248649764,
              41.44839658753238
            ],
            [
              2.2393566758597983,
              41.448354589571615
            ]
          ]
        ]
      },
      "properties": {
        "intersection_id": "13608027780",
        "modes": [
          "ON_FOOT"
        ],
        "stop_line": [
          2.239402960473512,
          41.448485928387846
        ],
        "waiting_zone_id": "13608027780_w0_straight_ped"
      }
    },
    {
      "type": "Feature",
      "geometry": {
        "type": "Polygon",
        "coordinates": [
          [
            [
              2.237992333467829,
              41.448451180613716
            ],
            [
              2.237989435222312,
              41.44843329893308
            ],
            [
              2.238036968299412,
              41.44842893770128
            ],
            [
              2.2380457483983403,
              41.448483109255235
            ],
            [
              2.2380476074173883,
              41.44849457902341
            ],
            [
              2.2380558511129776,
              41.44849390614319
            ],
            [
              2.2380707196137903,
              41.44859702547646
            ],
            [
              2.2380708353700927,
              41.44859782829399
            ],
            [
              2.2380734176418846,
              41.448615737408105
            ],
            [
              2.2380678616371066,
              41.44861619091735
            ],
            [
              2.238067861826319,
              41.44861619231022
            ],
            [
              2.238067442399515,
              41.44861622588572
            ],
            [
              2.238067582493439,
              41.448617084163054
            ],
            [
              2.2380200541793953,
              41.44862147559012
            ],
            [
              2.2380171358577616,
              41.44860359570981
            ],
            [
              2.2380171358554395,
              41.44860359571007
            ],
            [
              2.238002935886738,
              41.448516595707574
            ],
            [
              2.238002933432375,
              41.44851658061679
            ],
            [
              2.237992333455863,
              41.448451180614846
            ],
            [
              2.237992333467829,
              41.448451180613716
            ]
          ]
        ]
      },
      "properties": {
        "intersection_id": "13608027781",
        "modes": [
          "ON_FOOT"
        ],
        "stop_line": [
          2.2380408872419477,
          41.44859570675511
        ],
        "waiting_zone_id": "13608027781_w0_straight_ped"
      }
    },
    {
      "type": "Feature",
      "geometry": {
        "type": "Polygon",
        "coordinates": [
          [
            [
              2.236976496918453,
              41.44861449205185
            ],
            [
              2.2369730894172144,
              41.44859666124689
            ],
            [
              2.237020487276818,
              41.448591533726066
            ],
            [
              2.237023894788455,
              41.44860936451752
            ],
            [
              2.237023894802388,
              41.448609364515995
            ],
            [
              2.237040251128293,
              41.44869495355258
            ],
            [
              2.2370402511072163,
              41.448694953554856
            ],
            [
              2.2370436586319666,
              41.448712784358
            ],
            [
              2.2369962606856433,
              41.44871791188751
            ],
            [
              2.236992853176,
              41.448700081095325
            ],
            [
              2.2369928531742125,
              41.44870008109558
            ],
            [
              2.2369764969095214,
              41.44861449205287
            ],
            [
              2.236976496918453,
              41.44861449205185
            ]
          ]
        ]
      },
      "properties": {
        "intersection_id": "13608027782",
        "modes": [
          "ON_FOOT"
        ],
        "stop_line": [
          2.2370157002728996,
          41.448693059627026
        ],
        "waiting_zone_id": "13608027782_w0_straight_ped"
      }
    },
    {
      "type": "Feature",
      "geometry": {
        "type": "Polygon",
        "coordinates": [
          [
            [
              2.239883770102021,
              41.4384496604998
            ],
            [
              2.2398852737667436,
              41.4384510876897
            ],
            [
              2.239885303539059,
              41.43845107000167
            ],
            [
              2.239896004209347,
              41.4384612723861
            ],
            [
              2.239907634566588,
              41.43847231122124
            ],
            [
              2.239907602333317,
              41.43847233045642
            ],
            [
              2.2399149658053945,
              41.43847935104838
            ],
            [
              2.239833338289696,
              41.4385278313422
            ],
            [
              2.239807794923502,
              41.43854311037075
            ],
            [
              2.2397707703857783,
              41.438508060063114
            ],
            [
              2.2397741695640785,
              41.43850602681075
            ],
            [
              2.2397690035763014,
              41.43850080302164
            ],
            [
              2.2397882082957823,
              41.43849004839075
            ],
            [
              2.239788208265463,
              41.43849004835995
            ],
            [
              2.2398257082616335,
              41.43846904836447
            ],
            [
              2.2398261893498175,
              41.43846878587323
            ],
            [
              2.2398515893469964,
              41.43845528587627
            ],
            [
              2.239854287525795,
              41.43845816056629
            ],
            [
              2.2398591312049696,
              41.438455270786
            ],
            [
              2.239864975413979,
              41.43846081776756
            ],
            [
              2.239883770102021,
              41.4384496604998
            ]
          ]
        ]
      },
      "properties": {
        "intersection_id": "13615640860",
        "modes": [
          "ON_FOOT"
        ],
        "stop_line": [
          2.239818665039023,
          41.43850240218117
        ],
        "waiting_zone_id": "13615640860_w0_straight_ped"
      }
    },
    {
      "type": "Feature",
      "geometry": {
        "type": "Polygon",
        "coordinates": [
          [
            [
              2.250571646453606,
              41.461092085076345
            ],
            [
              2.250554399853205,
              41.46105847369265
            ],
            [
              2.2505767406309087,
              41.46105198688869
            ],
            [
              2.2505767406138952,
              41.461051986855416
            ],
            [
              2.250612543083972,
              41.461041591350494
            ],
            [
              2.2506125430968846,
              41.461041591375746
            ],
            [
              2.2506348838914287,
              41.461035104552096
            ],
            [
              2.2506521305275564,
              41.46106871592414
            ],
            [
              2.250571646453606,
              41.461092085076345
            ]
          ]
        ]
      },
      "properties": {
        "intersection_id": "1828108785",
        "modes": [
          "ON_FOOT"
        ],
        "stop_line": [
          2.250615581187604,
          41.46106001874621
        ],
        "waiting_zone_id": "1828108785_w1_straight_ped"
      }
    },
    {
      "type": "Feature",
      "geometry": {
        "type": "Polygon",
        "coordinates": [
          [
            [
              2.250552938436603,
              41.46120697855202
            ],
            [
              2.2505075733960846,
              41.46119542456352
            ],
            [
              2.2505152530996164,
              41.46117836183533
            ],
            [
              2.250515253032635,
              41.46117836181825
            ],
            [
              2.250527541511453,
              41.46115105933134
            ],
            [
              2.2505275415719406,
              41.46115105934677
            ],
            [
              2.250535221255055,
              41.46113399663877
            ],
            [
              2.250580586258386,
              41.46114555058182
            ],
            [
              2.250552938436603,
              41.46120697855202
            ]
          ]
        ]
      },
      "properties": {
        "intersection_id": "1828108787",
        "modes": [
          "ON_FOOT"
        ],
        "stop_line": [
          2.2505398554788147,
          41.4611798731224
        ],
        "waiting_zone_id": "1828108787_w0_straight_ped"
      }
    },
    {
      "type": "Feature",
      "geometry": {
        "type": "Polygon",
        "coordinates": [
          [
            [
              2.2392374400532646,
              41.45150296476857
            ],
            [
              2.239205263228833,
              41.45147628150604
            ],
            [
              2.239222996381521,
              41.45146417733533
            ],
            [
              2.2392229963534303,
              41.451464177311784
            ],
            [
              2.2393080797001828,
              41.451406101604306
            ],
            [
              2.239308079736933,
              41.45140610163488
            ],
            [
              2.2393258128769737,
              41.451393997430294
            ],
            [
              2.239357989688525,
              41.45142068064224
            ],
            [
              2.2392374400532646,
              41.45150296476857
            ]
          ]
        ]
      },
      "properties": {
        "intersection_id": "2026312093",
        "modes": [
          "ON_FOOT"
        ],
        "stop_line": [
          2.2392435180506256,
          41.45147449288781
        ],
        "waiting_zone_id": "2026312093_w0_straight_ped"
      }
    },
    {
      "type": "Feature",
      "geometry": {
        "type": "Polygon",
        "coordinates": [
          [
            [
              2.235128197540426,
              41.44895612500568
            ],
            [
              2.2351282010448745,
              41.44895612684546
            ],
            [
              2.2351300024883765,
              41.448957171729816
            ],
            [
              2.235144776594843,
              41.44896661593576
            ],
            [
              2.235168236442569,
              41.448978483857545
            ],
            [
              2.23517686378196,
              41.448970850970284
            ],
            [
              2.2352133423581337,
              41.448994191153204
            ],
            [
              2.235161032199821,
              41.449040471633445
            ],
            [
              2.235131887936255,
              41.449021824175546
            ],
            [
              2.235104407333272,
              41.44900521556361
            ],
            [
              2.2351044073457196,
              41.44900521555187
            ],
            [
              2.2350857410254976,
              41.448993934076334
            ],
            [
              2.2350968014788344,
              41.44898357448104
            ],
            [
              2.235092798947933,
              41.448981473151875
            ],
            [
              2.235120201045771,
              41.448951926846426
            ],
            [
              2.235128197540426,
              41.44895612500568
            ]
          ]
        ]
      },
      "properties": {
        "intersection_id": "2112389514",
        "modes": [
          "ON_FOOT"
        ],
        "stop_line": [
          2.235144572619341,
          41.44900638412675
        ],
        "waiting_zone_id": "2112389514_w0_straight_ped"
      }
    },
    {
      "type": "Feature",
      "geometry": {
        "type": "Polygon",
        "coordinates": [
          [
            [
              2.2351424405329534,
              41.44900884920251
            ],
            [
              2.2351169405298688,
              41.44899594919952
            ],
            [
              2.235114797505866,
              41.44899472827009
            ],
            [
              2.235099865205864,
              41.44898518293776
            ],
            [
              2.2350927989479423,
              41.448981473151875
            ],
            [
              2.235092798958152,
              41.44898147314075
            ],
            [
              2.2350731638167822,
              41.4489711646965
            ],
            [
              2.2351005659371754,
              41.44894161839415
            ],
            [
              2.23507477963828,
              41.44896942246453
            ],
            [
              2.2350830085739135,
              41.44897442099025
            ],
            [
              2.235111752764269,
              41.44894749154686
            ],
            [
              2.2351076242166013,
              41.448945323977725
            ],
            [
              2.2351279076164214,
              41.44895597278565
            ],
            [
              2.235139949764135,
              41.44894580098104
            ],
            [
              2.235204215346959,
              41.44898886959871
            ],
            [
              2.2351723652552393,
              41.449015772986066
            ],
            [
              2.2351678242728874,
              41.4490127297795
            ],
            [
              2.2351623096868014,
              41.449018900637654
            ],
            [
              2.2351471012352224,
              41.44901120695393
            ],
            [
              2.2351599067699732,
              41.44899921280754
            ],
            [
              2.2351544864768935,
              41.44900379125875
            ],
            [
              2.2351497795670117,
              41.44900063684697
            ],
            [
              2.235146511877588,
              41.44900429338126
            ],
            [
              2.2351424405329534,
              41.44900884920251
            ]
          ]
        ]
      },
      "properties": {
        "intersection_id": "2112389514",
        "modes": [
          "ON_FOOT"
        ],
        "stop_line": [
          2.235146373140097,
          41.448974229853164
        ],
        "waiting_zone_id": "2112389514_w1_straight_ped"
      }
    },
    {
      "type": "Feature",
      "geometry": {
        "type": "Polygon",
        "coordinates": [
          [
            [
              2.2377649887851128,
              41.454709488163324
            ],
            [
              2.237718918119728,
              41.45468138247506
            ],
            [
              2.2377490812995644,
              41.45465339855033
            ],
            [
              2.2377676797708377,
              41.454664744674155
            ],
            [
              2.2377676797761583,
              41.45466474466922
            ],
            [
              2.2378272387074767,
              41.45470107893324
            ],
            [
              2.23782723868908,
              41.45470107895023
            ],
            [
              2.2378458372243295,
              41.45471242508394
            ],
            [
              2.2378156741040423,
              41.454740408999825
            ],
            [
              2.237797075557117,
              41.4547290628677
            ],
            [
              2.237797075550803,
              41.454729062873646
            ],
            [
              2.2377649887851128,
              41.454709488163324
            ]
          ]
        ]
      },
      "properties": {
        "intersection_id": "2112816883",
        "modes": [
          "ON_FOOT"
        ],
        "stop_line": [
          2.2378075075037556,
          41.454712234374256
        ],
        "waiting_zone_id": "2112816883_w0_straight_ped"
      }
    },
    {
      "type": "Feature",
      "geometry": {
        "type": "Polygon",
        "coordinates": [
          [
            [
              2.2344055073059286,
              41.45354761706586
            ],
            [
              2.2343837896393555,
              41.45354003064335
            ],
            [
              2.2344039573638987,
              41.4535073530358
            ],
            [
              2.234482090589578,
              41.4535346465297
            ],
            [
              2.2344619228953815,
              41.45356732415104
            ],
            [
              2.234440205360076,
              41.45355973778953
            ],
            [
              2.2344402053352486,
              41.453559737829906
            ],
            [
              2.234405507284011,
              41.453547617101556
            ],
            [
              2.2344055073059286,
              41.45354761706586
            ]
          ]
        ]
      },
      "properties": {
        "intersection_id": "2119385407",
        "modes": [
          "ON_FOOT"
        ],
        "stop_line": [
          2.2344448597921573,
          41.4535415024372
        ],
        "waiting_zone_id": "2119385407_w0_straight_ped"
      }
    },
    {
      "type": "Feature",
      "geometry": {
        "type": "Polygon",
        "coordinates": [
          [
            [
              2.235828580964828,
              41.45399610163765
            ],
            [
              2.235828580965538,
              41.453996101637934
            ],
            [
              2.235805431510655,
              41.45404359796608
            ],
            [
              2.235781337163581,
              41.454094972727255
            ],
            [
              2.2357536387929766,
              41.45415682920831
            ],
            [
              2.2357470490523084,
              41.45418376123168
            ],
            [
              2.2357312504249327,
              41.454181573331795
            ],
            [
              2.235730379292193,
              41.454183106891755
            ],
            [
              2.2357434581532396,
              41.45418731576672
            ],
            [
              2.2357246240698605,
              41.454220440818254
            ],
            [
              2.2356651018264513,
              41.45420128609877
            ],
            [
              2.235683935934279,
              41.45416816105708
            ],
            [
              2.235683977353145,
              41.45416817438608
            ],
            [
              2.235698756346533,
              41.454142070478916
            ],
            [
              2.2356987563507955,
              41.45414207048055
            ],
            [
              2.2357081395762375,
              41.45412549700959
            ],
            [
              2.235716006289935,
              41.45412801784725
            ],
            [
              2.235736008340298,
              41.454083348978365
            ],
            [
              2.235736119648336,
              41.4540831061404
            ],
            [
              2.2357603196638096,
              41.45403150614502
            ],
            [
              2.235760419024757,
              41.454031298352795
            ],
            [
              2.2357836190386213,
              41.453983698357575
            ],
            [
              2.235828580964828,
              41.45399610163765
            ]
          ]
        ]
      },
      "properties": {
        "intersection_id": "2119385411",
        "modes": [
          "ON_FOOT"
        ],
        "stop_line": [
          2.2357104859204733,
          41.45417228695311
        ],
        "waiting_zone_id": "2119385411_w0_straight_ped"
      }
    },
    {
      "type": "Feature",
      "geometry": {
        "type": "Polygon",
        "coordinates": [
          [
            [
              2.2358285809793554,
              41.45399610164181
            ],
            [
              2.235826983494255,
              41.45399937924989
            ],
            [
              2.2358269834764157,
              41.45399937924977
            ],
            [
              2.2358173409275945,
              41.45401916311945
            ],
            [
              2.2358174873279855,
              41.45401954146943
            ],
            [
              2.2358351331089903,
              41.45402756939637
            ],
            [
              2.235866371358809,
              41.45402072930842
            ],
            [
              2.2358668055784934,
              41.454020926880006
            ],
            [
              2.235854415086443,
              41.4540363416924
            ],
            [
              2.2358544150981534,
              41.45403634169785
            ],
            [
              2.235834610257599,
              41.454060980556605
            ],
            [
              2.2358346102505013,
              41.45406098055333
            ],
            [
              2.2358222197565043,
              41.45407639534602
            ],
            [
              2.2357957067975662,
              41.4540643333314
            ],
            [
              2.235781337177714,
              41.4540949727397
            ],
            [
              2.2357536388017,
              41.45415682919521
            ],
            [
              2.23575043632784,
              41.4541699175663
            ],
            [
              2.2357470490523146,
              41.45418376123169
            ],
            [
              2.235747049046615,
              41.45418376123086
            ],
            [
              2.2357427141632606,
              41.45420147769381
            ],
            [
              2.2356956160826758,
              41.4541949552274
            ],
            [
              2.2356999509576845,
              41.45417723876457
            ],
            [
              2.2356999509502042,
              41.45417723876344
            ],
            [
              2.2357025823704637,
              41.454166484282105
            ],
            [
              2.2357068509567855,
              41.454149038723614
            ],
            [
              2.2357077083209522,
              41.45414654894696
            ],
            [
              2.235736008349965,
              41.45408334894569
            ],
            [
              2.235736054365579,
              41.454083248566256
            ],
            [
              2.235736119648342,
              41.45408310614041
            ],
            [
              2.235740751861474,
              41.45407322920448
            ],
            [
              2.2357603196525146,
              41.45403150610469
            ],
            [
              2.2357603793629095,
              41.454031381296986
            ],
            [
              2.235760419024763,
              41.4540312983528
            ],
            [
              2.235783619038628,
              41.453983698357575
            ],
            [
              2.2357836190556966,
              41.45398369836253
            ],
            [
              2.235791862366655,
              41.453966785355846
            ],
            [
              2.235835357401726,
              41.45397878398387
            ],
            [
              2.235804346471517,
              41.453985574307616
            ],
            [
              2.2358060103560993,
              41.45398987527051
            ],
            [
              2.2358285809793554,
              41.45399610164181
            ]
          ]
        ]
      },
      "properties": {
        "intersection_id": "2119385421",
        "modes": [
          "ON_FOOT"
        ],
        "stop_line": [
          2.2358308279121966,
          41.45403087372714
        ],
        "waiting_zone_id": "2119385421_w1_straight_ped"
      }
    },
    {
      "type": "Feature",
      "geometry": {
        "type": "Polygon",
        "coordinates": [
          [
            [
              2.23582172856887,
              41.454030504538764
            ],
            [
              2.23581103794513,
              41.45400287079553
            ],
            [
              2.2358269835026485,
              41.4539993792815
            ],
            [
              2.235828581004758,
              41.45399610162014
            ],
            [
              2.2358185175782705,
              41.453993325502694
            ],
            [
              2.2358187491544697,
              41.45398242077945
            ],
            [
              2.2358119869001123,
              41.45398390136416
            ],
            [
              2.235850327835569,
              41.45397550605828
            ],
            [
              2.235874401413738,
              41.45403773266546
            ],
            [
              2.2358487891781804,
              41.454043340848116
            ],
            [
              2.2358544151098405,
              41.45403634168445
            ],
            [
              2.2358668056782087,
              41.45402092684517
            ],
            [
              2.2358663714774383,
              41.45402072931141
            ],
            [
              2.23582172856887,
              41.454030504538764
            ]
          ]
        ]
      },
      "properties": {
        "intersection_id": "2119385421",
        "modes": [
          "ON_FOOT"
        ],
        "stop_line": [
          2.235835701467247,
          41.45400216076304
        ],
        "waiting_zone_id": "2119385421_w2_straight_ped"
      }
    },
    {
      "type": "Feature",
      "geometry": {
        "type": "Polygon",
        "coordinates": [
          [
            [
              2.236800447581487,
              41.44870407261686
            ],
            [
              2.2367977012788924,
              41.448686177306804
            ],
            [
              2.2368452705975157,
              41.44868204477425
            ],
            [
              2.236859549988943,
              41.44877509079524
            ],
            [
              2.2368119806026736,
              41.44877922336742
            ],
            [
              2.236809234303321,
              41.448761328118934
            ],
            [
              2.2368092342633195,
              41.44876132812242
            ],
            [
              2.2368004475530037,
              41.44870407261936
            ],
            [
              2.236800447581487,
              41.44870407261686
            ]
          ]
        ]
      },
      "properties": {
        "intersection_id": "2136574887",
        "modes": [
          "ON_FOOT"
        ],
        "stop_line": [
          2.2368249187998015,
          41.44870648015962
        ],
        "waiting_zone_id": "2136574887_w1_straight_ped"
      }
    },
    {
      "type": "Feature",
      "geometry": {
        "type": "Polygon",
        "coordinates": [
          [
            [
              2.243002170981329,
              41.44807811247092
            ],
            [
              2.24299182157198,
              41.44806990254203
            ],
            [
              2.2430091931711686,
              41.448057505836246
            ],
            [
              2.2430091931245917,
              41.4480575057993
            ],
            [
              2.243064723542943,
              41.448017878182526
            ],
            [
              2.243064723587663,
              41.44801787821807
            ],
            [
              2.2430820951625305,
              41.448005481498456
            ],
            [
              2.2431064471122726,
              41.44802479929997
            ],
            [
              2.2431204828837674,
              41.44803450605017
            ],
            [
              2.243036226095326,
              41.44810347565709
            ],
            [
              2.2430251210302146,
              41.448095795668166
            ],
            [
              2.2430247742705505,
              41.448096043119534
            ],
            [
              2.2430199832585065,
              41.44809224253935
            ],
            [
              2.243000971388683,
              41.448079094421225
            ],
            [
              2.243002170981329,
              41.44807811247092
            ]
          ]
        ]
      },
      "properties": {
        "intersection_id": "2141756674",
        "modes": [
          "ON_FOOT"
        ],
        "stop_line": [
          2.243030012371373,
          41.4480674769116
        ],
        "waiting_zone_id": "2141756674_w0_straight_ped"
      }
    },
    {
      "type": "Feature",
      "geometry": {
        "type": "Polygon",
        "coordinates": [
          [
            [
              2.2456655529883873,
              41.44941959471472
            ],
            [
              2.2454818074917946,
              41.44935798229
            ],
            [
              2.2454853583437586,
              41.449351987795
            ],
            [
              2.245485357683993,
              41.44935198758451
            ],
            [
              2.245504819506523,
              41.44931906895573
            ],
            [
              2.2455266959075058,
              41.44932639030863
            ],
            [
              2.245526695928793,
              41.449326390272795
            ],
            [
              2.2456667036256075,
              41.449373246369156
            ],
            [
              2.2456667036043214,
              41.44937324640487
            ],
            [
              2.245688579933496,
              41.44938056769093
            ],
            [
              2.2456849762543283,
              41.44938666314098
            ],
            [
              2.2456850460855766,
              41.44938668655178
            ],
            [
              2.2456655529883873,
              41.44941959471472
            ]
          ]
        ]
      },
      "properties": {
        "intersection_id": "2141756695",
        "modes": [
          "ON_FOOT"
        ],
        "stop_line": [
          2.245647962847412,
          41.44939397424681
        ],
        "waiting_zone_id": "2141756695_w0_straight_ped"
      }
    },
    {
      "type": "Feature",
      "geometry": {
        "type": "Polygon",
        "coordinates": [
          [
            [
              2.2335364040070393,
              41.440007790384975
            ],
            [
              2.233521116382187,
              41.43999392770073
            ],
            [
              2.2335579613435015,
              41.439970920175156
            ],
            [
              2.233613053382002,
              41.44002087713115
            ],
            [
              2.233576208457013,
              41.440043884674395
            ],
            [
              2.233560920783399,
              41.44003002196644
            ],
            [
              2.2335609207515033,
              41.44003002198644
            ],
            [
              2.233536403985925,
              41.44000779039819
            ],
            [
              2.2335364040070393,
              41.440007790384975
            ]
          ]
        ]
      },
      "properties": {
        "intersection_id": "2160215028",
        "modes": [
          "ON_FOOT"
        ],
        "stop_line": [
          2.233575521313283,
          41.44001505254354
        ],
        "waiting_zone_id": "2160215028_w0_straight_ped"
      }
    },
    {
      "type": "Feature",
      "geometry": {
        "type": "Polygon",
        "coordinates": [
          [
            [
              2.248194555781334,
              41.45361379172198
            ],
            [
              2.2481915642722328,
              41.45361315653155
            ],
            [
              2.2482045719125385,
              41.453578482685884
            ],
            [
              2.248227616272554,
              41.4535833757017
            ],
            [
              2.248227616283594,
              41.45358337567264
            ],
            [
              2.248375117769856,
              41.453614694578974
            ],
            [
              2.2483751177580795,
              41.453614694610046
            ],
            [
              2.248398162059481,
              41.45361958757401
            ],
            [
              2.2483851545362477,
              41.453654261442274
            ],
            [
              2.2483818017728447,
              41.45365354955722
            ],
            [
              2.248380253005736,
              41.4536582314831
            ],
            [
              2.248286517182821,
              41.453640680965115
            ],
            [
              2.248286486671372,
              41.45364067523368
            ],
            [
              2.248191558516557,
              41.45362280172552
            ],
            [
              2.248194555781334,
              41.45361379172198
            ]
          ]
        ]
      },
      "properties": {
        "intersection_id": "228725703",
        "modes": [
          "ON_FOOT"
        ],
        "stop_line": [
          2.248226873560218,
          41.453601935855104
        ],
        "waiting_zone_id": "228725703_w1_straight_ped"
      }
    },
    {
      "type": "Feature",
      "geometry": {
        "type": "Polygon",
        "coordinates": [
          [
            [
              2.2479620843068466,
              41.454237339601946
            ],
            [
              2.247956319344195,
              41.454236134648376
            ],
            [
              2.2479691385900553,
              41.45420142108358
            ],
            [
              2.2480721095057743,
              41.4542229431862
            ],
            [
              2.2480721118067164,
              41.45422294366512
            ],
            [
              2.248172182104326,
              41.45424386743224
            ],
            [
              2.248159358378445,
              41.45427858007976
            ],
            [
              2.2481558742626513,
              41.45427785157528
            ],
            [
              2.2481545490827286,
              41.454281245679965
            ],
            [
              2.248131574995921,
              41.4542761687903
            ],
            [
              2.2481315749951793,
              41.45427616879272
            ],
            [
              2.2479845645381533,
              41.454243681819385
            ],
            [
              2.2479845645427528,
              41.45424368180733
            ],
            [
              2.24796159031119,
              41.454238604846
            ],
            [
              2.2479620843068466,
              41.454237339601946
            ]
          ]
        ]
      },
      "properties": {
        "intersection_id": "228725708",
        "modes": [
          "ON_FOOT"
        ],
        "stop_line": [
          2.248132579775078,
          41.454257615596326
        ],
        "waiting_zone_id": "228725708_w0_straight_ped"
      }
    },
    {
      "type": "Feature",
      "geometry": {
        "type": "Polygon",
        "coordinates": [
          [
            [
              2.247868909458736,
              41.454527898073124
            ],
            [
              2.247845650524345,
              41.45452361695498
            ],
            [
              2.2478570316240094,
              41.4544886207999
            ],
            [
              2.247870210314439,
              41.45449104651362
            ],
            [
              2.2478714484829574,
              41.45448603744445
            ],
            [
              2.2480691459987305,
              41.45451369556961
            ],
            [
              2.2480658320043503,
              41.45452710272159
            ],
            [
              2.2480717606402862,
              41.454528196998815
            ],
            [
              2.248060349636622,
              41.45456318765375
            ],
            [
              2.248037094498922,
              41.454558895313816
            ],
            [
              2.2480370944967003,
              41.45455889532079
            ],
            [
              2.247958001867276,
              41.45454429668074
            ],
            [
              2.2478689094574356,
              41.454527898077544
            ],
            [
              2.247868909458736,
              41.454527898073124
            ]
          ]
        ]
      },
      "properties": {
        "intersection_id": "228725710",
        "modes": [
          "ON_FOOT"
        ],
        "stop_line": [
          2.247896497386507,
          41.45450786486038
        ],
        "waiting_zone_id": "228725710_w1_straight_ped"
      }
    },
    {
      "type": "Feature",
      "geometry": {
        "type": "Polygon",
        "coordinates": [
          [
            [
              2.2390546320250104,
              41.46432680064941
            ],
            [
              2.239035997615572,
              41.46431548548955
            ],
            [
              2.239066083073226,
              41.464287451588895
            ],
            [
              2.2391630412559245,
              41.4643463263076
            ],
            [
              2.239132955812057,
              41.46437436023346
            ],
            [
              2.2391143212300313,
              41.464363044997846
            ],
            [
              2.2391143211695956,
              41.46436304505423
            ],
            [
              2.239054631958892,
              41.46432680071104
            ],
            [
              2.2390546320250104,
              41.46432680064941
            ]
          ]
        ]
      },
      "properties": {
        "intersection_id": "2590963274",
        "modes": [
          "ON_FOOT"
        ],
        "stop_line": [
          2.2391247052666285,
          41.46434619929988
        ],
        "waiting_zone_id": "2590963274_w0_straight_ped"
      }
    },
    {
      "type": "Feature",
      "geometry": {
        "type": "Polygon",
        "coordinates": [
          [
            [
              2.2368144915081887,
              41.44846845058752
            ],
            [
              2.2367998042293524,
              41.4484542240574
            ],
            [
              2.2368376212001095,
              41.44843212287184
            ],
            [
              2.236838335614371,
              41.44843281485847
            ],
            [
              2.2368409368409887,
              41.44843102350887
            ],
            [
              2.23689911702991,
              41.44847884906984
            ],
            [
              2.236891396359237,
              41.44848416594715
            ],
            [
              2.2369098028464043,
              41.448501934022275
            ],
            [
              2.23687203458282,
              41.44852408238795
            ],
            [
              2.236857315909032,
              41.44850987415931
            ],
            [
              2.2368573158857696,
              41.44850987417298
            ],
            [
              2.2368536330826427,
              41.44850631909707
            ],
            [
              2.2368507172995513,
              41.448507772950606
            ],
            [
              2.2368374910417264,
              41.448492756858265
            ],
            [
              2.2368374910293443,
              41.44849275686451
            ],
            [
              2.236827856263467,
              41.448481818254834
            ],
            [
              2.236825323640119,
              41.448478942903755
            ],
            [
              2.236815967853099,
              41.44846988061809
            ],
            [
              2.2368144915073795,
              41.44846845058806
            ],
            [
              2.2368144915081887,
              41.44846845058752
            ]
          ]
        ]
      },
      "properties": {
        "intersection_id": "279310149",
        "modes": [
          "ON_FOOT"
        ],
        "stop_line": [
          2.236854142332107,
          41.448479051579525
        ],
        "waiting_zone_id": "279310149_w0_straight_ped"
      }
    },
    {
      "type": "Feature",
      "geometry": {
        "type": "Polygon",
        "coordinates": [
          [
            [
              2.23215150821469,
              41.44160815180981
            ],
            [
              2.232150730316851,
              41.44160867949569
            ],
            [
              2.232118669725895,
              41.44158192053267
            ],
            [
              2.2321186696895086,
              41.44158192050222
            ],
            [
              2.2321584696878998,
              41.44155492050776
            ],
            [
              2.2321597619085556,
              41.44155410411566
            ],
            [
              2.2321745619072257,
              41.441545404117534
            ],
            [
              2.232174617987738,
              41.44154537125206
            ],
            [
              2.2322292179830967,
              41.4415134712589
            ],
            [
              2.2322292461585738,
              41.441513454822676
            ],
            [
              2.232243327343909,
              41.44150525315662
            ],
            [
              2.2322724181908162,
              41.44147269308167
            ],
            [
              2.23227241821422,
              41.44147269309365
            ],
            [
              2.2322857750454626,
              41.44145774337679
            ],
            [
              2.2323065929035586,
              41.4414682747975
            ],
            [
              2.2322968472625906,
              41.44147401283933
            ],
            [
              2.2323052585960794,
              41.44148210170798
            ],
            [
              2.2323216673189727,
              41.44146864920833
            ],
            [
              2.2323158241091092,
              41.44146302976692
            ],
            [
              2.2323452069741894,
              41.44149128617762
            ],
            [
              2.232315652816165,
              41.44150868725836
            ],
            [
              2.2323155538649893,
              41.44150874518299
            ],
            [
              2.232278748838271,
              41.441530182490325
            ],
            [
              2.2322753647679012,
              41.4415339701273
            ],
            [
              2.232229581455431,
              41.441585213283545
            ],
            [
              2.232252157709168,
              41.44159741202671
            ],
            [
              2.2322242302551634,
              41.44162667686803
            ],
            [
              2.2321685499677772,
              41.44159659082911
            ],
            [
              2.23215150821469,
              41.44160815180981
            ]
          ]
        ]
      },
      "properties": {
        "intersection_id": "2805069251",
        "modes": [
          "ON_FOOT"
        ],
        "stop_line": [
          2.2322101047497096,
          41.44157472513308
        ],
        "waiting_zone_id": "2805069251_w0_straight_ped"
      }
    },
    {
      "type": "Feature",
      "geometry": {
        "type": "Polygon",
        "coordinates": [
          [
            [
              2.242614206142888,
              41.45381972739338
            ],
            [
              2.242613631422345,
              41.453818740071235
            ],
            [
              2.2426202684091825,
              41.45380605599788
            ],
            [
              2.2426195976817715,
              41.45380577176614
            ],
            [
              2.2426223191336114,
              41.45380213680768
            ],
            [
              2.242626513302437,
              41.453794121255825
            ],
            [
              2.2426279923097288,
              41.4537945592814
            ],
            [
              2.2426430998721707,
              41.45377438050682
            ],
            [
              2.2426639626430065,
              41.45378322118016
            ],
            [
              2.2426639626680136,
              41.4537832211469
            ],
            [
              2.2427306812377865,
              41.45381149333197
            ],
            [
              2.2427306812097,
              41.453811493369244
            ],
            [
              2.2427515440035948,
              41.45382033402656
            ],
            [
              2.242745316931355,
              41.45382865138944
            ],
            [
              2.2427594308539405,
              41.453835390466814
            ],
            [
              2.2427594308233685,
              41.453835390502995
            ],
            [
              2.2427796474865054,
              41.453845043499086
            ],
            [
              2.242753985784264,
              41.45387546256207
            ],
            [
              2.24272494383388,
              41.453861595701305
            ],
            [
              2.2427247644177517,
              41.453861938590165
            ],
            [
              2.2426208695378302,
              41.45383116921279
            ],
            [
              2.2426251250418074,
              41.45382291263003
            ],
            [
              2.242614206142888,
              41.45381972739338
            ]
          ]
        ]
      },
      "properties": {
        "intersection_id": "301578022",
        "modes": [
          "ON_FOOT"
        ],
        "stop_line": [
          2.242705684748862,
          41.45383692824186
        ],
        "waiting_zone_id": "301578022_w0_straight_ped"
      }
    },
    {
      "type": "Feature",
      "geometry": {
        "type": "Polygon",
        "coordinates": [
          [
            [
              2.235109155741599,
              41.448955881586265
            ],
            [
              2.2351107530864645,
              41.448956916870635
            ],
            [
              2.235079499924937,
              41.44898421366327
            ],
            [
              2.2350573964113933,
              41.44896988774212
            ],
            [
              2.2350628235506877,
              41.448965147633444
            ],
            [
              2.235059634997848,
              41.448960223316504
            ],
            [
              2.2350164005073276,
              41.44893396192614
            ],
            [
              2.2350327968461166,
              41.44891868138319
            ],
            [
              2.235005928993763,
              41.44887680934946
            ],
            [
              2.235006432908941,
              41.44887662631129
            ],
            [
              2.23500699274212,
              41.448877569024404
            ],
            [
              2.235009098798293,
              41.44888111564647
            ],
            [
              2.2350523697221374,
              41.448866316051244
            ],
            [
              2.235051042762164,
              41.448864247994656
            ],
            [
              2.2350594614907373,
              41.448877368084716
            ],
            [
              2.2350594615090125,
              41.44887736807799
            ],
            [
              2.235082542998031,
              41.44891333921111
            ],
            [
              2.235098012976217,
              41.448937230704566
            ],
            [
              2.2351135757931093,
              41.448946683835814
            ],
            [
              2.2351123645442463,
              41.448947812672266
            ],
            [
              2.2351117527433693,
              41.44894749155875
            ],
            [
              2.2351053973818753,
              41.448953445686946
            ],
            [
              2.235109155741599,
              41.448955881586265
            ]
          ]
        ]
      },
      "properties": {
        "intersection_id": "302182247",
        "modes": [
          "ON_FOOT"
        ],
        "stop_line": [
          2.235075249064294,
          41.4489465555357
        ],
        "waiting_zone_id": "302182247_w0_straight_ped"
      }
    },
    {
      "type": "Feature",
      "geometry": {
        "type": "Polygon",
        "coordinates": [
          [
            [
              2.2358977682962693,
              41.448561782638436
            ],
            [
              2.235865871210755,
              41.4485349108959
            ],
            [
              2.235883728863754,
              41.448522911378866
            ],
            [
              2.2358837288314284,
              41.44852291135153
            ],
            [
              2.2359408053498493,
              41.44848455849698
            ],
            [
              2.2359408053984247,
              41.448484558538105
            ],
            [
              2.2359586629330384,
              41.4484725590701
            ],
            [
              2.235990559981817,
              41.44849943075259
            ],
            [
              2.235987947458281,
              41.44850118627279
            ],
            [
              2.2359890566151845,
              41.448501803332675
            ],
            [
              2.236012813208536,
              41.44849399294421
            ],
            [
              2.2360128132384345,
              41.44849399299594
            ],
            [
              2.236034752707665,
              41.4484867800153
            ],
            [
              2.2360539263153565,
              41.44851979411891
            ],
            [
              2.235995486808068,
              41.44853900713676
            ],
            [
              2.2359954700745757,
              41.44853901262641
            ],
            [
              2.2359700861369975,
              41.448547340665975
            ],
            [
              2.235954476490955,
              41.44856322382574
            ],
            [
              2.2359423082924788,
              41.44855645415847
            ],
            [
              2.235935423211389,
              41.448558713030145
            ],
            [
              2.235930214643899,
              41.44854972594298
            ],
            [
              2.235922280254145,
              41.448545311709225
            ],
            [
              2.2358977682962693,
              41.448561782638436
            ]
          ]
        ]
      },
      "properties": {
        "intersection_id": "302192394",
        "modes": [
          "ON_FOOT"
        ],
        "stop_line": [
          2.2359041417619063,
          41.44853334733691
        ],
        "waiting_zone_id": "302192394_w0_straight_ped"
      }
    },
    {
      "type": "Feature",
      "geometry": {
        "type": "Polygon",
        "coordinates": [
          [
            [
              2.2467665574423186,
              41.44781538960243
            ],
            [
              2.246747611303075,
              41.44780437576717
            ],
            [
              2.246761387018212,
              41.447790960756215
            ],
            [
              2.2467607934456058,
              41.447790552101125
            ],
            [
              2.246767304523141,
              41.4477851982054
            ],
            [
              2.246776887981558,
              41.447775865688534
            ],
            [
              2.2467779226935676,
              41.447776467177675
            ],
            [
              2.246793118772234,
              41.44776397186559
            ],
            [
              2.246884981121417,
              41.447827215331415
            ],
            [
              2.246862749506737,
              41.447845495802774
            ],
            [
              2.2468461513623597,
              41.447861659341456
            ],
            [
              2.246827205128069,
              41.44785064547952
            ],
            [
              2.246827205101363,
              41.44785064550578
            ],
            [
              2.246766557418681,
              41.44781538962563
            ],
            [
              2.2467665574423186,
              41.44781538960243
            ]
          ]
        ]
      },
      "properties": {
        "intersection_id": "303088951",
        "modes": [
          "ON_FOOT"
        ],
        "stop_line": [
          2.2468467387390327,
          41.447825304534575
        ],
        "waiting_zone_id": "303088951_w0_straight_ped"
      }
    },
    {
      "type": "Feature",
      "geometry": {
        "type": "Polygon",
        "coordinates": [
          [
            [
              2.257006131728595,
              41.45600553025602
            ],
            [
              2.257005644349658,
              41.45591185267325
            ],
            [
              2.2570535348235015,
              41.455911711658494
            ],
            [
              2.2570537777343183,
              41.45595839636523
            ],
            [
              2.2570539285205022,
              41.455987375242685
            ],
            [
              2.2570539285177365,
              41.45598737524274
            ],
            [
              2.2570540222485205,
              41.45600538924149
            ],
            [
              2.257006131728595,
              41.45600553025602
            ]
          ]
        ]
      },
      "properties": {
        "intersection_id": "303580405",
        "modes": [
          "ON_FOOT"
        ],
        "stop_line": [
          2.257029959833505,
          41.45598294224175
        ],
        "waiting_zone_id": "303580405_w3_straight_ped"
      }
    },
    {
      "type": "Feature",
      "geometry": {
        "type": "Polygon",
        "coordinates": [
          [
            [
              2.247936611546798,
              41.45711701394519
            ],
            [
              2.2479103239297773,
              41.4570868982421
            ],
            [
              2.247969077942312,
              41.45705787373442
            ],
            [
              2.247967485091814,
              41.4570555816055
            ],
            [
              2.247998055990563,
              41.45704355853913
            ],
            [
              2.2480464517493353,
              41.45701965092883
            ],
            [
              2.248049236792833,
              41.457022841545374
            ],
            [
              2.2480973037677017,
              41.457002461954914
            ],
            [
              2.248120817731229,
              41.4570338487476
            ],
            [
              2.248099956955851,
              41.45704269336638
            ],
            [
              2.2480999569739506,
              41.45704269339039
            ],
            [
              2.248053256966171,
              41.45706249339504
            ],
            [
              2.2480525939602574,
              41.45706276423482
            ],
            [
              2.248022353747063,
              41.45707465727136
            ],
            [
              2.247956627702408,
              41.45710712601182
            ],
            [
              2.24795662767124,
              41.4571071259762
            ],
            [
              2.247936611546798,
              41.45711701394519
            ]
          ]
        ]
      },
      "properties": {
        "intersection_id": "332179972",
        "modes": [
          "ON_FOOT"
        ],
        "stop_line": [
          2.247948487901026,
          41.457089596175976
        ],
        "waiting_zone_id": "332179972_w0_straight_ped"
      }
    },
    {
      "type": "Feature",
      "geometry": {
        "type": "Polygon",
        "coordinates": [
          [
            [
              2.2506342129005974,
              41.46073239322806
            ],
            [
              2.2506086237018805,
              41.460720272368
            ],
            [
              2.2506341437453545,
              41.460689784622524
            ],
            [
              2.250707065381358,
              41.46072432544971
            ],
            [
              2.2506815453580185,
              41.460754813211345
            ],
            [
              2.2506612809291497,
              41.46074521455575
            ],
            [
              2.250661280928245,
              41.46074521455688
            ],
            [
              2.2506342129005974,
              41.46073239322806
            ]
          ]
        ]
      },
      "properties": {
        "intersection_id": "332181507",
        "modes": [
          "ON_FOOT"
        ],
        "stop_line": [
          2.250668974834432,
          41.460727571020904
        ],
        "waiting_zone_id": "332181507_w0_straight_ped"
      }
    },
    {
      "type": "Feature",
      "geometry": {
        "type": "Polygon",
        "coordinates": [
          [
            [
              2.247405327731503,
              41.45014553617864
            ],
            [
              2.247382835938516,
              41.450131380178725
            ],
            [
              2.2474381200844116,
              41.45008165829578
            ],
            [
              2.2474512573371506,
              41.45008992667558
            ],
            [
              2.247451800074997,
              41.45008948824525
            ],
            [
              2.247462733242967,
              41.4500971494322
            ],
            [
              2.247474849602266,
              41.450104775287194
            ],
            [
              2.2474743093759493,
              41.45010526116892
            ],
            [
              2.2474868421978975,
              41.45011404326798
            ],
            [
              2.2474705237479857,
              41.450127225608234
            ],
            [
              2.247470523774089,
              41.45012722562647
            ],
            [
              2.24744442038127,
              41.450148312407954
            ],
            [
              2.2474444203533093,
              41.45014831238837
            ],
            [
              2.2474281019042146,
              41.45016149470788
            ],
            [
              2.247405327731503,
              41.45014553617864
            ]
          ]
        ]
      },
      "properties": {
        "intersection_id": "3859746994",
        "modes": [
          "ON_FOOT"
        ],
        "stop_line": [
          2.2474309789255367,
          41.45013273931476
        ],
        "waiting_zone_id": "3859746994_w0_straight_ped"
      }
    },
    {
      "type": "Feature",
      "geometry": {
        "type": "Polygon",
        "coordinates": [
          [
            [
              2.232151508208574,
              41.441608151787506
            ],
            [
              2.2321329495440407,
              41.44162074186406
            ],
            [
              2.2321008889126905,
              41.4415939828654
            ],
            [
              2.2321186697202435,
              41.441581920527895
            ],
            [
              2.2321186696895094,
              41.44158192050218
            ],
            [
              2.2321409863612898,
              41.44156678105843
            ],
            [
              2.232131891126843,
              41.441562175657445
            ],
            [
              2.232145256604229,
              41.441547230226796
            ],
            [
              2.23214525658969,
              41.44154723021932
            ],
            [
              2.2322307757803053,
              41.441451601501925
            ],
            [
              2.2322396719706714,
              41.44145610612617
            ],
            [
              2.232239671983316,
              41.441456106112696
            ],
            [
              2.2322471651153823,
              41.44145990030059
            ],
            [
              2.232247234112664,
              41.441459826748186
            ],
            [
              2.2322398583503404,
              41.441455907411736
            ],
            [
              2.2322534811907833,
              41.44144138559338
            ],
            [
              2.2322441412094425,
              41.441436656118164
            ],
            [
              2.232283864755296,
              41.44145677028351
            ],
            [
              2.232237441719382,
              41.44150868126934
            ],
            [
              2.232237441715933,
              41.441508681274414
            ],
            [
              2.2322861965666894,
              41.44148028371184
            ],
            [
              2.232296847199979,
              41.44147401277902
            ],
            [
              2.2322968472186715,
              41.44147401279725
            ],
            [
              2.2323157013859793,
              41.441462911745255
            ],
            [
              2.2323374378878262,
              41.441483814904245
            ],
            [
              2.232321667318954,
              41.44146864920991
            ],
            [
              2.2323052585969605,
              41.441482101708885
            ],
            [
              2.2323263528067603,
              41.441502387219195
            ],
            [
              2.2323156528057297,
              41.441508687220555
            ],
            [
              2.232315553853387,
              41.44150874516853
            ],
            [
              2.232271251225841,
              41.44153454951452
            ],
            [
              2.232272569241556,
              41.44153378183526
            ],
            [
              2.2322687940544723,
              41.44153598070851
            ],
            [
              2.2322585679482594,
              41.44154193696298
            ],
            [
              2.232204010122019,
              41.441573812326695
            ],
            [
              2.23220303701279,
              41.441574384357345
            ],
            [
              2.232201032851643,
              41.441575562499914
            ],
            [
              2.232189903346997,
              41.44158210484664
            ],
            [
              2.232187558939504,
              41.441583695285736
            ],
            [
              2.232188657026771,
              41.44158295031726
            ],
            [
              2.232151508208574,
              41.441608151787506
            ]
          ]
        ]
      },
      "properties": {
        "intersection_id": "4051451478",
        "modes": [
          "ON_FOOT"
        ],
        "stop_line": [
          2.232247296202759,
          41.44146539495071
        ],
        "waiting_zone_id": "4051451478_w1_straight_ped"
      }
    },
    {
      "type": "Feature",
      "geometry": {
        "type": "Polygon",
        "coordinates": [
          [
            [
              2.2321377014034813,
              41.4415648055323
            ],
            [
              2.23210593843668,
              41.44154792738693
            ],
            [
              2.232221932654752,
              41.44142432902087
            ],
            [
              2.2322610437184953,
              41.441445111716526
            ],
            [
              2.2322609781898977,
              41.44144518154679
            ],
            [
              2.2322534811533834,
              41.4414413855126
            ],
            [
              2.232239858274972,
              41.44145590738936
            ],
            [
              2.2322472341296242,
              41.44145982674683
            ],
            [
              2.2321588592460557,
              41.44155399522462
            ],
            [
              2.2321455373145276,
              41.44154691625408
            ],
            [
              2.2321452565399325,
              41.44154723017309
            ],
            [
              2.232151312266117,
              41.44155029653171
            ],
            [
              2.2321377014034813,
              41.4415648055323
            ]
          ]
        ]
      },
      "properties": {
        "intersection_id": "4051451478",
        "modes": [
          "ON_FOOT"
        ],
        "stop_line": [
          2.232142756125189,
          41.44153992511599
        ],
        "waiting_zone_id": "4051451478_w3_straight_ped"
      }
    },
    {
      "type": "Feature",
      "geometry": {
        "type": "Polygon",
        "coordinates": [
          [
            [
              2.22847517298156,
              41.45824073112061
            ],
            [
              2.228522807517288,
              41.45823699766958
            ],
            [
              2.2285357118633398,
              41.45833017239522
            ],
            [
              2.228506757018572,
              41.45833244178686
            ],
            [
              2.2284798335684295,
              41.45834106071335
            ],
            [
              2.2284704570583975,
              41.45832448502911
            ],
            [
              2.2284704570367264,
              41.45832448503607
            ],
            [
              2.2284404337320582,
              41.458271410120396
            ],
            [
              2.2284404337496104,
              41.45827141011475
            ],
            [
              2.2284310572424735,
              41.458254834397074
            ],
            [
              2.22847517298156,
              41.45824073112061
            ]
          ]
        ]
      },
      "properties": {
        "intersection_id": "495439490",
        "modes": [
          "ON_FOOT"
        ],
        "stop_line": [
          2.228508792747657,
          41.45830964271611
        ],
        "waiting_zone_id": "495439490_w0_straight_ped"
      }
    },
    {
      "type": "Feature",
      "geometry": {
        "type": "Polygon",
        "coordinates": [
          [
            [
              2.2329441580081784,
              41.447133667173894
            ],
            [
              2.23292865149354,
              41.44711994178418
            ],
            [
              2.2329651355429423,
              41.44709660740441
            ],
            [
              2.2329954189915977,
              41.44712341239728
            ],
            [
              2.2329989785471267,
              41.44711996278526
            ],
            [
              2.233097320371694,
              41.447177409634705
            ],
            [
              2.233075957362869,
              41.44719811281748
            ],
            [
              2.2331120694446946,
              41.447233526696785
            ],
            [
              2.2330740786010024,
              41.44725545771869
            ],
            [
              2.2330595046212127,
              41.44724116550206
            ],
            [
              2.2330595045926533,
              41.447241165518655
            ],
            [
              2.233002969603219,
              41.44718572345714
            ],
            [
              2.232944157968632,
              41.4471336671994
            ],
            [
              2.2329441580081784,
              41.447133667173894
            ]
          ]
        ]
      },
      "properties": {
        "intersection_id": "539051272",
        "modes": [
          "ON_FOOT"
        ],
        "stop_line": [
          2.233007935304712,
          41.44714800099576
        ],
        "waiting_zone_id": "539051272_w1_straight_ped"
      }
    },
    {
      "type": "Feature",
      "geometry": {
        "type": "Polygon",
        "coordinates": [
          [
            [
              2.258818741269738,
              41.456042644862315
            ],
            [
              2.258818373599713,
              41.45604241968191
            ],
            [
              2.2588333406230188,
              41.45602858952
            ],
            [
              2.258847937060458,
              41.456014536991766
            ],
            [
              2.2588483106628656,
              41.456014756609505
            ],
            [
              2.2588486099848164,
              41.45601448001091
            ],
            [
              2.2588669934623526,
              41.456025739521515
            ],
            [
              2.2588970148263243,
              41.456043387932255
            ],
            [
              2.258897014818388,
              41.4560433879398
            ],
            [
              2.258915882882128,
              41.45605447974612
            ],
            [
              2.2589151188319345,
              41.45605521532938
            ],
            [
              2.258915474618588,
              41.45605543323437
            ],
            [
              2.258900991612906,
              41.45606881614348
            ],
            [
              2.2588863951744784,
              41.456082868678315
            ],
            [
              2.258886021594389,
              41.45608264906083
            ],
            [
              2.2588852382426454,
              41.45608337292283
            ],
            [
              2.2588371287369653,
              41.456053906843906
            ],
            [
              2.2588184493415864,
              41.45604292592382
            ],
            [
              2.258818741269738,
              41.456042644862315
            ]
          ]
        ]
      },
      "properties": {
        "intersection_id": "5568932091",
        "modes": [
          "ON_FOOT"
        ],
        "stop_line": [
          2.258877553954797,
          41.4560548094477
        ],
        "waiting_zone_id": "5568932091_w0_straight_ped"
      }
    },
    {
      "type": "Feature",
      "geometry": {
        "type": "Polygon",
        "coordinates": [
          [
            [
              2.2604751558932556,
              41.45624582863875
            ],
            [
              2.2604104204473976,
              41.45620303718324
            ],
            [
              2.260442031584743,
              41.45617597230038
            ],
            [
              2.2604600197006124,
              41.45618786282359
            ],
            [
              2.260460019712233,
              41.456187862813685
            ],
            [
              2.2604887789114723,
              41.4562068732293
            ],
            [
              2.2604887788961587,
              41.456206873242365
            ],
            [
              2.2605067670247907,
              41.45621876375544
            ],
            [
              2.2604751558932556,
              41.45624582863875
            ]
          ]
        ]
      },
      "properties": {
        "intersection_id": "5568932107",
        "modes": [
          "ON_FOOT"
        ],
        "stop_line": [
          2.2604487111739027,
          41.45620436788684
        ],
        "waiting_zone_id": "5568932107_w1_straight_ped"
      }
    },
    {
      "type": "Feature",
      "geometry": {
        "type": "Polygon",
        "coordinates": [
          [
            [
              2.256833754364499,
              41.45612207124507
            ],
            [
              2.2567661343409826,
              41.45608175408181
            ],
            [
              2.2567855868110644,
              41.45606328936795
            ],
            [
              2.2567991201310407,
              41.45604983308882
            ],
            [
              2.2568182157548957,
              41.45606070225437
            ],
            [
              2.256818215755255,
              41.456060702254106
            ],
            [
              2.2568487881724075,
              41.45607810395572
            ],
            [
              2.2568487881705135,
              41.45607810395752
            ],
            [
              2.256867883828908,
              41.4560889731251
            ],
            [
              2.25686318374264,
              41.456093646454256
            ],
            [
              2.256863500664958,
              41.45609383538904
            ],
            [
              2.256852320718227,
              41.456104447646894
            ],
            [
              2.256838988014321,
              41.45611770445917
            ],
            [
              2.2568385921487635,
              41.45611747912466
            ],
            [
              2.256833754364499,
              41.45612207124507
            ]
          ]
        ]
      },
      "properties": {
        "intersection_id": "5568932109",
        "modes": [
          "ON_FOOT"
        ],
        "stop_line": [
          2.256829566356609,
          41.45608975233056
        ],
        "waiting_zone_id": "5568932109_w0_straight_ped"
      }
    },
    {
      "type": "Feature",
      "geometry": {
        "type": "Polygon",
        "coordinates": [
          [
            [
              2.2566909701314084,
              41.456110926112586
            ],
            [
              2.2565906066933175,
              41.45605552555935
            ],
            [
              2.2566189380627817,
              41.45602647785522
            ],
            [
              2.2566382439350954,
              41.4560371346925
            ],
            [
              2.2566382439893435,
              41.456037134636944
            ],
            [
              2.2566999955616973,
              41.45607122145379
            ],
            [
              2.256699995512324,
              41.456071221504345
            ],
            [
              2.2567193014811235,
              41.45608187836667
            ],
            [
              2.2566909701314084,
              41.456110926112586
            ]
          ]
        ]
      },
      "properties": {
        "intersection_id": "5568932110",
        "modes": [
          "ON_FOOT"
        ],
        "stop_line": [
          2.256628904781631,
          41.456054322709896
        ],
        "waiting_zone_id": "5568932110_w1_straight_ped"
      }
    },
    {
      "type": "Feature",
      "geometry": {
        "type": "Polygon",
        "coordinates": [
          [
            [
              2.2537738462572197,
              41.45846982709218
            ],
            [
              2.253725414879867,
              41.45841619599321
            ],
            [
              2.2537650307736423,
              41.45839595039239
            ],
            [
              2.2537784870436828,
              41.45841085136418
            ],
            [
              2.25377848705149,
              41.4584108513602
            ],
            [
              2.253800005865389,
              41.458434680478476
            ],
            [
              2.2538000058596457,
              41.458434680481396
            ],
            [
              2.2538134621690626,
              41.458449581474994
            ],
            [
              2.2537738462572197,
              41.45846982709218
            ]
          ]
        ]
      },
      "properties": {
        "intersection_id": "5568932117",
        "modes": [
          "ON_FOOT"
        ],
        "stop_line": [
          2.2537768338417097,
          41.45844107803843
        ],
        "waiting_zone_id": "5568932117_w0_straight_ped"
      }
    },
    {
      "type": "Feature",
      "geometry": {
        "type": "Polygon",
        "coordinates": [
          [
            [
              2.2535679677902523,
              41.45841927899717
            ],
            [
              2.2535323859897387,
              41.45837789948599
            ],
            [
              2.253572598626944,
              41.458358331033764
            ],
            [
              2.2535856048456777,
              41.45837345648211
            ],
            [
              2.2535856048590457,
              41.45837345647555
            ],
            [
              2.253599910133828,
              41.45839009264499
            ],
            [
              2.2536001452016396,
              41.458389978499824
            ],
            [
              2.2535728557934096,
              41.45835812279362
            ],
            [
              2.2536131130067423,
              41.45833860627754
            ],
            [
              2.25362608469501,
              41.45835374849144
            ],
            [
              2.25362608470416,
              41.458353748487006
            ],
            [
              2.253646879917569,
              41.458378023310125
            ],
            [
              2.2536468799131724,
              41.458378023312314
            ],
            [
              2.2536493792988868,
              41.45838094091136
            ],
            [
              2.2536663460673068,
              41.458400715683815
            ],
            [
              2.253585656348266,
              41.45843989504244
            ],
            [
              2.2535679677902523,
              41.45841927899717
            ]
          ]
        ]
      },
      "properties": {
        "intersection_id": "5568932118",
        "modes": [
          "ON_FOOT"
        ],
        "stop_line": [
          2.253623508388419,
          41.458383996024054
        ],
        "waiting_zone_id": "5568932118_w0_straight_ped"
      }
    },
    {
      "type": "Feature",
      "geometry": {
        "type": "Polygon",
        "coordinates": [
          [
            [
              2.2533720146170024,
              41.458454270813526
            ],
            [
              2.253326106178066,
              41.45844400780838
            ],
            [
              2.253332927498477,
              41.45842674001555
            ],
            [
              2.253332927495185,
              41.45842674001477
            ],
            [
              2.2533547545233104,
              41.45837148603636
            ],
            [
              2.253354754528827,
              41.45837148603761
            ],
            [
              2.2533615758663035,
              41.4583542181605
            ],
            [
              2.2534074842479255,
              41.458364481151165
            ],
            [
              2.2533908860101497,
              41.458406498823805
            ],
            [
              2.253378835926901,
              41.458437003020045
            ],
            [
              2.2533788359256555,
              41.45843700301976
            ],
            [
              2.2533720146170024,
              41.458454270813526
            ]
          ]
        ]
      },
      "properties": {
        "intersection_id": "5568932119",
        "modes": [
          "ON_FOOT"
        ],
        "stop_line": [
          2.253376003390051,
          41.45838093449679
        ],
        "waiting_zone_id": "5568932119_w1_straight_ped"
      }
    },
    {
      "type": "Feature",
      "geometry": {
        "type": "Polygon",
        "coordinates": [
          [
            [
              2.2538882327239267,
              41.4584657085852
            ],
            [
              2.2538726281837573,
              41.45843164626867
            ],
            [
              2.2539541754035413,
              41.4584105046586
            ],
            [
              2.2539697800044762,
              41.458444566964666
            ],
            [
              2.2539471403890405,
              41.458450436427725
            ],
            [
              2.2539471403971367,
              41.45845043644523
            ],
            [
              2.253910872321613,
              41.45845983915991
            ],
            [
              2.253910872313954,
              41.4584598391432
            ],
            [
              2.2538882327239267,
              41.4584657085852
            ]
          ]
        ]
      },
      "properties": {
        "intersection_id": "5568932722",
        "modes": [
          "ON_FOOT"
        ],
        "stop_line": [
          2.2539336782081474,
          41.45843487265629
        ],
        "waiting_zone_id": "5568932722_w1_straight_ped"
      }
    },
    {
      "type": "Feature",
      "geometry": {
        "type": "Polygon",
        "coordinates": [
          [
            [
              2.243049735165315,
              41.458886205484475
            ],
            [
              2.2430280223576533,
              41.458882569368505
            ],
            [
              2.2430384291770014,
              41.45884740191663
            ],
            [
              2.243082691685253,
              41.45885481430654
            ],
            [
              2.2430858626469625,
              41.458855342797946
            ],
            [
              2.243142880808897,
              41.45886280949611
            ],
            [
              2.24314137203187,
              41.45886932959133
            ],
            [
              2.243141609022708,
              41.45886936289982
            ],
            [
              2.243138020305525,
              41.458883814008814
            ],
            [
              2.2431346672793686,
              41.4588983040184
            ],
            [
              2.2431344296464832,
              41.45889827288756
            ],
            [
              2.243132814085725,
              41.45890477850143
            ],
            [
              2.243109274788585,
              41.45890147041049
            ],
            [
              2.2431092747874595,
              41.45890147041518
            ],
            [
              2.243071619191367,
              41.458896178482874
            ],
            [
              2.2430716191926803,
              41.45889617847737
            ],
            [
              2.2430480800157655,
              41.45889287039
            ],
            [
              2.243049735165315,
              41.458886205484475
            ]
          ]
        ]
      },
      "properties": {
        "intersection_id": "5586016683",
        "modes": [
          "ON_FOOT"
        ],
        "stop_line": [
          2.243109284388015,
          41.45887669500554
        ],
        "waiting_zone_id": "5586016683_w0_straight_ped"
      }
    },
    {
      "type": "Feature",
      "geometry": {
        "type": "Polygon",
        "coordinates": [
          [
            [
              2.243102222470858,
              41.45858222512727
            ],
            [
              2.243078394551815,
              41.45858043657783
            ],
            [
              2.2430831496407406,
              41.458544586295055
            ],
            [
              2.243124846986485,
              41.45854771612929
            ],
            [
              2.24312562814325,
              41.45854249825423
            ],
            [
              2.2431754646729214,
              41.458546720523806
            ],
            [
              2.2431770317064204,
              41.45853710739438
            ],
            [
              2.243177031824765,
              41.45853710740536
            ],
            [
              2.243179946474458,
              41.458519227158334
            ],
            [
              2.2432274830408137,
              41.45852361237349
            ],
            [
              2.243219406294451,
              41.458573160234685
            ],
            [
              2.243217140111329,
              41.458590858395404
            ],
            [
              2.2432168308043834,
              41.45859083596747
            ],
            [
              2.24320919697408,
              41.45864326834006
            ],
            [
              2.2431615889414185,
              41.458639345759
            ],
            [
              2.243164196101696,
              41.45862143871574
            ],
            [
              2.243164195985477,
              41.45862143870612
            ],
            [
              2.243168254700079,
              41.45859356182643
            ],
            [
              2.243141447836671,
              41.45859058276313
            ],
            [
              2.243141447841985,
              41.45859058273578
            ],
            [
              2.243117758691597,
              41.45858795014416
            ],
            [
              2.2431186409451644,
              41.45858345752527
            ],
            [
              2.243102222468702,
              41.45858222514391
            ],
            [
              2.243102222470858,
              41.45858222512727
            ]
          ]
        ]
      },
      "properties": {
        "intersection_id": "5586016684",
        "modes": [
          "ON_FOOT"
        ],
        "stop_line": [
          2.2431788336797474,
          41.45856513401277
        ],
        "waiting_zone_id": "5586016684_w0_straight_ped"
      }
    },
    {
      "type": "Feature",
      "geometry": {
        "type": "Polygon",
        "coordinates": [
          [
            [
              2.2430389245916458,
              41.45868441174098
            ],
            [
              2.2429951941472592,
              41.458669720951995
            ],
            [
              2.243004958449205,
              41.45865327238613
            ],
            [
              2.243004958429122,
              41.45865327237936
            ],
            [
              2.2430362233971186,
              41.45860060456462
            ],
            [
              2.243036223414624,
              41.45860060457057
            ],
            [
              2.2430459876753326,
              41.45858415603516
            ],
            [
              2.243089718074477,
              41.45859884678746
            ],
            [
              2.2430389245916458,
              41.45868441174098
            ]
          ]
        ]
      },
      "properties": {
        "intersection_id": "5586016687",
        "modes": [
          "ON_FOOT"
        ],
        "stop_line": [
          2.2430556475296655,
          41.45861206208573
        ],
        "waiting_zone_id": "5586016687_w1_straight_ped"
      }
    },
    {
      "type": "Feature",
      "geometry": {
        "type": "Polygon",
        "coordinates": [
          [
            [
              2.2429867534988057,
              41.45881699223595
            ],
            [
              2.242943160272345,
              41.45880207230349
            ],
            [
              2.242953076912586,
              41.458785675376994
            ],
            [
              2.242953076911165,
              41.45878567537644
            ],
            [
              2.2429848188011015,
              41.45873319086418
            ],
            [
              2.2429848188012786,
              41.45873319086425
            ],
            [
              2.242994735399313,
              41.45871679396869
            ],
            [
              2.243038328558233,
              41.458731713881285
            ],
            [
              2.2430284119743473,
              41.45874811077876
            ],
            [
              2.2430284119849215,
              41.45874811078237
            ],
            [
              2.2430026453153817,
              41.458790715454036
            ],
            [
              2.2429867534988057,
              41.45881699223595
            ]
          ]
        ]
      },
      "properties": {
        "intersection_id": "5586016688",
        "modes": [
          "ON_FOOT"
        ],
        "stop_line": [
          2.2429773526694476,
          41.4587890361167
        ],
        "waiting_zone_id": "5586016688_w0_straight_ped"
      }
    },
    {
      "type": "Feature",
      "geometry": {
        "type": "Polygon",
        "coordinates": [
          [
            [
              2.242187084422969,
              41.4585433115083
            ],
            [
              2.2421435041872484,
              41.4585283704499
            ],
            [
              2.242153434827988,
              41.458511978347424
            ],
            [
              2.2421534348254113,
              41.45851197834652
            ],
            [
              2.242185176171433,
              41.45845958412407
            ],
            [
              2.2421851761833396,
              41.458459584128185
            ],
            [
              2.2421951067916974,
              41.45844319204025
            ],
            [
              2.2422386869828212,
              41.45845813307893
            ],
            [
              2.2422145525646022,
              41.458497970898115
            ],
            [
              2.242197015057096,
              41.45852691940908
            ],
            [
              2.242197015051853,
              41.4585269194073
            ],
            [
              2.242187084422969,
              41.4585433115083
            ]
          ]
        ]
      },
      "properties": {
        "intersection_id": "5586016704",
        "modes": [
          "ON_FOOT"
        ],
        "stop_line": [
          2.242177707594632,
          41.458515350856
        ],
        "waiting_zone_id": "5586016704_w0_straight_ped"
      }
    },
    {
      "type": "Feature",
      "geometry": {
        "type": "Polygon",
        "coordinates": [
          [
            [
              2.2421141748380307,
              41.45856076432177
            ],
            [
              2.241992484011096,
              41.45854050630827
            ],
            [
              2.2420028319309493,
              41.45850532904299
            ],
            [
              2.242002848160257,
              41.45850533172698
            ],
            [
              2.2420065571967003,
              41.458492150880296
            ],
            [
              2.2420299844152276,
              41.458495881575146
            ],
            [
              2.2420299844167095,
              41.45849588157046
            ],
            [
              2.2421049200631566,
              41.45850781474306
            ],
            [
              2.2421049200596266,
              41.45850781475511
            ],
            [
              2.242128347195326,
              41.45851154541516
            ],
            [
              2.2421244016155977,
              41.45852556688521
            ],
            [
              2.24212452269587,
              41.45852558702795
            ],
            [
              2.242121602708153,
              41.45853551342599
            ],
            [
              2.2421184287933364,
              41.458546792645116
            ],
            [
              2.2421182912219066,
              41.458546770727224
            ],
            [
              2.2421141748380307,
              41.45856076432177
            ]
          ]
        ]
      },
      "properties": {
        "intersection_id": "5586016705",
        "modes": [
          "ON_FOOT"
        ],
        "stop_line": [
          2.242094104068442,
          41.458524505689056
        ],
        "waiting_zone_id": "5586016705_w0_straight_ped"
      }
    },
    {
      "type": "Feature",
      "geometry": {
        "type": "Polygon",
        "coordinates": [
          [
            [
              2.2466840021127075,
              41.45130919880042
            ],
            [
              2.2466835363376605,
              41.45130885360425
            ],
            [
              2.2467003397149954,
              41.45129602053312
            ],
            [
              2.2467003397148195,
              41.45129602053285
            ],
            [
              2.2467032697815776,
              41.45129378278247
            ],
            [
              2.2467313912536553,
              41.451272305839574
            ],
            [
              2.2467542877624247,
              41.451254480646185
            ],
            [
              2.246780392471419,
              41.45123415781121
            ],
            [
              2.2467803924737177,
              41.451234157812955
            ],
            [
              2.2467970315044528,
              41.45122120411662
            ],
            [
              2.246797682725297,
              41.45122167760935
            ],
            [
              2.246797830818854,
              41.4512215645189
            ],
            [
              2.246813508745195,
              41.451233184390674
            ],
            [
              2.24683146646861,
              41.45124624109854
            ],
            [
              2.2468313000764604,
              41.45124637063105
            ],
            [
              2.246831945147387,
              41.45124684873919
            ],
            [
              2.2467656666932196,
              41.45129746704088
            ],
            [
              2.2467183323721853,
              41.45133431732081
            ],
            [
              2.2467178627626723,
              41.451333975879336
            ],
            [
              2.2467176506895674,
              41.451334137841044
            ],
            [
              2.2466951981666186,
              41.45131749688522
            ],
            [
              2.2466838973829266,
              41.4513092803224
            ],
            [
              2.2466840021127075,
              41.45130919880042
            ]
          ]
        ]
      },
      "properties": {
        "intersection_id": "5588593468",
        "modes": [
          "ON_FOOT"
        ],
        "stop_line": [
          2.2467215977206565,
          41.45130545438644
        ],
        "waiting_zone_id": "5588593468_w0_straight_ped"
      }
    },
    {
      "type": "Feature",
      "geometry": {
        "type": "Polygon",
        "coordinates": [
          [
            [
              2.249071258001171,
              41.45278965492455
            ],
            [
              2.2490553660189856,
              41.45277618053387
            ],
            [
              2.2490608043234177,
              41.452772550083154
            ],
            [
              2.249058171660262,
              41.45277073911791
            ],
            [
              2.2490904859874306,
              41.452744149600335
            ],
            [
              2.2490968803812392,
              41.45274854818233
            ],
            [
              2.2491093125178017,
              41.45274032249937
            ],
            [
              2.2491325744949764,
              41.45276022226577
            ],
            [
              2.2491503775853503,
              41.45277545214061
            ],
            [
              2.2491503775831942,
              41.452775452141935
            ],
            [
              2.249166190316443,
              41.45278897933563
            ],
            [
              2.249160801704386,
              41.45279254469303
            ],
            [
              2.249198729927856,
              41.452818685676625
            ],
            [
              2.249166381215145,
              41.452845251548716
            ],
            [
              2.2491264089734204,
              41.45281770176748
            ],
            [
              2.2491246925800468,
              41.45281651878911
            ],
            [
              2.2491125232815783,
              41.45282464262639
            ],
            [
              2.2490966311948806,
              41.45281116816719
            ],
            [
              2.2490966311857097,
              41.45281116817344
            ],
            [
              2.2490712579930796,
              41.452789654930015
            ],
            [
              2.249071258001171,
              41.45278965492455
            ]
          ]
        ]
      },
      "properties": {
        "intersection_id": "5588593473",
        "modes": [
          "ON_FOOT"
        ],
        "stop_line": [
          2.2491284442780723,
          41.45278396685514
        ],
        "waiting_zone_id": "5588593473_w0_straight_ped"
      }
    },
    {
      "type": "Feature",
      "geometry": {
        "type": "Polygon",
        "coordinates": [
          [
            [
              2.249034163144171,
              41.45303303307844
            ],
            [
              2.248999505831649,
              41.45300816962012
            ],
            [
              2.249016030007535,
              41.452995132638236
            ],
            [
              2.249016029976925,
              41.45299513261616
            ],
            [
              2.249095291484214,
              41.45293259802249
            ],
            [
              2.2490952915162388,
              41.45293259804565
            ],
            [
              2.2491118156404193,
              41.452919561060156
            ],
            [
              2.249146472949667,
              41.45294442448499
            ],
            [
              2.249034163144171,
              41.45303303307844
            ]
          ]
        ]
      },
      "properties": {
        "intersection_id": "5588593474",
        "modes": [
          "ON_FOOT"
        ],
        "stop_line": [
          2.249037489671377,
          41.45300430510419
        ],
        "waiting_zone_id": "5588593474_w0_straight_ped"
      }
    },
    {
      "type": "Feature",
      "geometry": {
        "type": "Polygon",
        "coordinates": [
          [
            [
              2.2488287921487706,
              41.45296695091737
            ],
            [
              2.2487778514969743,
              41.45292637266178
            ],
            [
              2.248778747594192,
              41.4529257359357
            ],
            [
              2.248778491886873,
              41.45292552533605
            ],
            [
              2.248795340182621,
              41.45291394601567
            ],
            [
              2.2488126668140103,
              41.452901634516266
            ],
            [
              2.2488129387115037,
              41.45290185109723
            ],
            [
              2.248813848652743,
              41.45290122571438
            ],
            [
              2.2488299980382456,
              41.45291452579824
            ],
            [
              2.24882999805443,
              41.45291452578721
            ],
            [
              2.2488638806146475,
              41.45294243028921
            ],
            [
              2.2488817003661987,
              41.45295662509857
            ],
            [
              2.2489314932685005,
              41.45299621944611
            ],
            [
              2.2489314932587887,
              41.452996219452885
            ],
            [
              2.2489479494357627,
              41.453009305068406
            ],
            [
              2.2489464115273425,
              41.45301039975576
            ],
            [
              2.248949447452277,
              41.45301290005342
            ],
            [
              2.248914090675332,
              41.45303719969903
            ],
            [
              2.2488287921487706,
              41.45296695091737
            ]
          ]
        ]
      },
      "properties": {
        "intersection_id": "5588593475",
        "modes": [
          "ON_FOOT"
        ],
        "stop_line": [
          2.2488163570271316,
          41.452930000625784
        ],
        "waiting_zone_id": "5588593475_w1_straight_ped"
      }
    },
    {
      "type": "Feature",
      "geometry": {
        "type": "Polygon",
        "coordinates": [
          [
            [
              2.249932954162299,
              41.45225182660131
            ],
            [
              2.2499168633660402,
              41.45223848646842
            ],
            [
              2.249952326194067,
              41.45221427476924
            ],
            [
              2.2500102423142603,
              41.45226229029944
            ],
            [
              2.2499747795039235,
              41.45228650201638
            ],
            [
              2.2499586886590013,
              41.45227316186307
            ],
            [
              2.249958688636613,
              41.45227316187841
            ],
            [
              2.2499329541410797,
              41.45225182661587
            ],
            [
              2.249932954162299,
              41.45225182660131
            ]
          ]
        ]
      },
      "properties": {
        "intersection_id": "5588593476",
        "modes": [
          "ON_FOOT"
        ],
        "stop_line": [
          2.249972397339994,
          41.45225772099129
        ],
        "waiting_zone_id": "5588593476_w0_straight_ped"
      }
    },
    {
      "type": "Feature",
      "geometry": {
        "type": "Polygon",
        "coordinates": [
          [
            [
              2.249935150426607,
              41.45240348691088
            ],
            [
              2.2499053950172874,
              41.45237525753932
            ],
            [
              2.2500029525068745,
              41.45231705279766
            ],
            [
              2.250032707909608,
              41.45234528216143
            ],
            [
              2.2500139469846525,
              41.45235647531988
            ],
            [
              2.2500139470070653,
              41.45235647534111
            ],
            [
              2.249953911397502,
              41.45239229378819
            ],
            [
              2.2499539113755307,
              41.45239229376739
            ],
            [
              2.249935150426607,
              41.45240348691088
            ]
          ]
        ]
      },
      "properties": {
        "intersection_id": "5588593477",
        "modes": [
          "ON_FOOT"
        ],
        "stop_line": [
          2.2499437239292743,
          41.452375380814644
        ],
        "waiting_zone_id": "5588593477_w0_straight_ped"
      }
    },
    {
      "type": "Feature",
      "geometry": {
        "type": "Polygon",
        "coordinates": [
          [
            [
              2.2497847045921566,
              41.45225813651706
            ],
            [
              2.249755836840916,
              41.452229390218704
            ],
            [
              2.2498551462451655,
              41.45217294117215
            ],
            [
              2.249884014038797,
              41.452201687446184
            ],
            [
              2.249864909624297,
              41.45221254671402
            ],
            [
              2.249864909635939,
              41.452212546725505
            ],
            [
              2.2498038090907286,
              41.45224727725892
            ],
            [
              2.2498038090723855,
              41.45224727724062
            ],
            [
              2.2497847045921566,
              41.45225813651706
            ]
          ]
        ]
      },
      "properties": {
        "intersection_id": "5588593478",
        "modes": [
          "ON_FOOT"
        ],
        "stop_line": [
          2.2498456996401766,
          41.4522008884058
        ],
        "waiting_zone_id": "5588593478_w1_straight_ped"
      }
    },
    {
      "type": "Feature",
      "geometry": {
        "type": "Polygon",
        "coordinates": [
          [
            [
              2.2497486121137116,
              41.45234113821571
            ],
            [
              2.2497332757712925,
              41.45232730419689
            ],
            [
              2.249750096062693,
              41.4523167496328
            ],
            [
              2.249773793517667,
              41.45229938184593
            ],
            [
              2.24983390982003,
              41.45234581010978
            ],
            [
              2.2498240789749797,
              41.45235301509346
            ],
            [
              2.2498496181076164,
              41.452376146823056
            ],
            [
              2.2498127806899264,
              41.4523991675885
            ],
            [
              2.2497974813045682,
              41.45238531036922
            ],
            [
              2.2497974812876755,
              41.45238531037985
            ],
            [
              2.249773096670052,
              41.45236322430668
            ],
            [
              2.2497486121031987,
              41.452341138222344
            ],
            [
              2.2497486121137116,
              41.45234113821571
            ]
          ]
        ]
      },
      "properties": {
        "intersection_id": "5588593479",
        "modes": [
          "ON_FOOT"
        ],
        "stop_line": [
          2.249777527119374,
          41.45232808146914
        ],
        "waiting_zone_id": "5588593479_w1_straight_ped"
      }
    },
    {
      "type": "Feature",
      "geometry": {
        "type": "Polygon",
        "coordinates": [
          [
            [
              2.26915242347808,
              41.461640618994835
            ],
            [
              2.269143860221771,
              41.46162379590037
            ],
            [
              2.2691885885170766,
              41.46161091268829
            ],
            [
              2.2692039447369994,
              41.46164108098791
            ],
            [
              2.2692108592582327,
              41.46165466500113
            ],
            [
              2.269210859255189,
              41.461654665002044
            ],
            [
              2.2692194225549867,
              41.461671488144816
            ],
            [
              2.2691746942241964,
              41.46168437133411
            ],
            [
              2.269166130937833,
              41.46166754820465
            ],
            [
              2.2691661309244964,
              41.46166754820854
            ],
            [
              2.269152423465639,
              41.46164061899843
            ],
            [
              2.26915242347808,
              41.461640618994835
            ]
          ]
        ]
      },
      "properties": {
        "intersection_id": "5588593493",
        "modes": [
          "ON_FOOT"
        ],
        "stop_line": [
          2.2691769284457943,
          41.46163838317887
        ],
        "waiting_zone_id": "5588593493_w1_straight_ped"
      }
    },
    {
      "type": "Feature",
      "geometry": {
        "type": "Polygon",
        "coordinates": [
          [
            [
              2.269168434742877,
              41.461616717569015
            ],
            [
              2.26910074002893,
              41.46158981210499
            ],
            [
              2.269123114801695,
              41.4615579568308
            ],
            [
              2.2691442885566464,
              41.461566372402636
            ],
            [
              2.2691442885823045,
              41.461566372366114
            ],
            [
              2.2691781442039707,
              41.461579828378916
            ],
            [
              2.269178144182666,
              41.461579828409114
            ],
            [
              2.2691993179103864,
              41.461588243954346
            ],
            [
              2.2691820786070136,
              41.461612787775266
            ],
            [
              2.269168434742877,
              41.461616717569015
            ]
          ]
        ]
      },
      "properties": {
        "intersection_id": "5588593493",
        "modes": [
          "ON_FOOT"
        ],
        "stop_line": [
          2.269138394623785,
          41.4615844039005
        ],
        "waiting_zone_id": "5588593493_w2_straight_ped"
      }
    },
    {
      "type": "Feature",
      "geometry": {
        "type": "Polygon",
        "coordinates": [
          [
            [
              2.269278140486623,
              41.461663790021696
            ],
            [
              2.269260247338963,
              41.461600393526304
            ],
            [
              2.269268578996382,
              41.46159906289034
            ],
            [
              2.2692657878083287,
              41.461602878701584
            ],
            [
              2.2692828489080337,
              41.46160994015408
            ],
            [
              2.2693022554394227,
              41.4616121002186
            ],
            [
              2.269312071653424,
              41.46161053247703
            ],
            [
              2.269320017809274,
              41.461638686111336
            ],
            [
              2.2693200177688766,
              41.461638686117794
            ],
            [
              2.2693249912901194,
              41.46165630753379
            ],
            [
              2.269278140486623,
              41.461663790021696
            ]
          ]
        ]
      },
      "properties": {
        "intersection_id": "5588593494",
        "modes": [
          "ON_FOOT"
        ],
        "stop_line": [
          2.26929534902696,
          41.461638022011016
        ],
        "waiting_zone_id": "5588593494_w0_straight_ped"
      }
    },
    {
      "type": "Feature",
      "geometry": {
        "type": "Polygon",
        "coordinates": [
          [
            [
              2.2694364580089066,
              41.46163566890792
            ],
            [
              2.2694129181898695,
              41.46160429232474
            ],
            [
              2.269433773684339,
              41.46159543859449
            ],
            [
              2.2694337736794186,
              41.46159543858782
            ],
            [
              2.269467221310866,
              41.461581239136144
            ],
            [
              2.2694672213160514,
              41.46158123914316
            ],
            [
              2.2694880769251977,
              41.46157238534803
            ],
            [
              2.26951161676937,
              41.46160376191621
            ],
            [
              2.2694907611614954,
              41.46161261571206
            ],
            [
              2.269490761163343,
              41.461612615714415
            ],
            [
              2.269457313520708,
              41.46162681517278
            ],
            [
              2.2694573135185983,
              41.46162681517001
            ],
            [
              2.2694364580089066,
              41.46163566890792
            ]
          ]
        ]
      },
      "properties": {
        "intersection_id": "5588593494",
        "modes": [
          "ON_FOOT"
        ],
        "stop_line": [
          2.269450757484117,
          41.46160891344152
        ],
        "waiting_zone_id": "5588593494_w2_straight_ped"
      }
    },
    {
      "type": "Feature",
      "geometry": {
        "type": "Polygon",
        "coordinates": [
          [
            [
              2.2693128469545436,
              41.461613279072644
            ],
            [
              2.2693128469088686,
              41.46161327907235
            ],
            [
              2.2693120717082826,
              41.461610532482226
            ],
            [
              2.269302255641988,
              41.46161210019487
            ],
            [
              2.2693021046404125,
              41.46161208338738
            ],
            [
              2.269302923292456,
              41.46161394608473
            ],
            [
              2.2692673607948612,
              41.461622790254616
            ],
            [
              2.269252326716818,
              41.46158858281903
            ],
            [
              2.26928156273743,
              41.4615813120054
            ],
            [
              2.269314909168176,
              41.46153572200107
            ],
            [
              2.2693149091859364,
              41.461535722008435
            ],
            [
              2.269326453482782,
              41.46151993905454
            ],
            [
              2.269368416017065,
              41.46153730706761
            ],
            [
              2.2693128469545436,
              41.461613279072644
            ]
          ]
        ]
      },
      "properties": {
        "intersection_id": "5588593494",
        "modes": [
          "ON_FOOT"
        ],
        "stop_line": [
          2.269301199554351,
          41.4615918341284
        ],
        "waiting_zone_id": "5588593494_w3_straight_ped"
      }
    },
    {
      "type": "Feature",
      "geometry": {
        "type": "Polygon",
        "coordinates": [
          [
            [
              2.266384393537701,
              41.45989382948763
            ],
            [
              2.2662873791193205,
              41.45983510194021
            ],
            [
              2.266317405159553,
              41.45980703309954
            ],
            [
              2.266336061569844,
              41.459818326743736
            ],
            [
              2.2663360615874257,
              41.45981832672728
            ],
            [
              2.2663957631132803,
              41.45985446696489
            ],
            [
              2.266395763101921,
              41.45985446697542
            ],
            [
              2.266414419563923,
              41.45986576062181
            ],
            [
              2.266384393537701,
              41.45989382948763
            ]
          ]
        ]
      },
      "properties": {
        "intersection_id": "5588593495",
        "modes": [
          "ON_FOOT"
        ],
        "stop_line": [
          2.266325712666662,
          41.459835184559616
        ],
        "waiting_zone_id": "5588593495_w1_straight_ped"
      }
    },
    {
      "type": "Feature",
      "geometry": {
        "type": "Polygon",
        "coordinates": [
          [
            [
              2.260694951403135,
              41.456244947284816
            ],
            [
              2.260658349382079,
              41.456221712968386
            ],
            [
              2.260673791565863,
              41.45620794515595
            ],
            [
              2.2606737915579806,
              41.45620794515087
            ],
            [
              2.26072314185997,
              41.45616394577039
            ],
            [
              2.2607231418674982,
              41.4561639457752
            ],
            [
              2.2607385840555465,
              41.45615017792546
            ],
            [
              2.2607751860659593,
              41.45617341219935
            ],
            [
              2.260759743882392,
              41.45618718005513
            ],
            [
              2.2607597438825704,
              41.45618718005513
            ],
            [
              2.2607590254291106,
              41.4561878206095
            ],
            [
              2.260694951403135,
              41.456244947284816
            ]
          ]
        ]
      },
      "properties": {
        "intersection_id": "5588593498",
        "modes": [
          "ON_FOOT"
        ],
        "stop_line": [
          2.2606959531190123,
          41.45621612034397
        ],
        "waiting_zone_id": "5588593498_w0_straight_ped"
      }
    },
    {
      "type": "Feature",
      "geometry": {
        "type": "Polygon",
        "coordinates": [
          [
            [
              2.25874013333557,
              41.45590162613428
            ],
            [
              2.2587398895197275,
              41.45588361290158
            ],
            [
              2.2587877778381102,
              41.45588324605441
            ],
            [
              2.258788021671531,
              41.455901259275386
            ],
            [
              2.258788021674653,
              41.45590125927534
            ],
            [
              2.2587882484302018,
              41.4559180110921
            ],
            [
              2.258789045912549,
              41.455976925143275
            ],
            [
              2.2587411575022163,
              41.45597729200745
            ],
            [
              2.2587408190131675,
              41.4559522842985
            ],
            [
              2.2587401333324473,
              41.45590162613433
            ],
            [
              2.25874013333557,
              41.45590162613428
            ]
          ]
        ]
      },
      "properties": {
        "intersection_id": "5588593500",
        "modes": [
          "ON_FOOT"
        ],
        "stop_line": [
          2.2587641384595694,
          41.4559059460231
        ],
        "waiting_zone_id": "5588593500_w1_straight_ped"
      }
    },
    {
      "type": "Feature",
      "geometry": {
        "type": "Polygon",
        "coordinates": [
          [
            [
              2.257074875860858,
              41.45584212552146
            ],
            [
              2.257068924127441,
              41.45587787453842
            ],
            [
              2.2570472247686717,
              41.45587582991898
            ],
            [
              2.2570472247593805,
              41.45587582993583
            ],
            [
              2.257036643878876,
              41.45587483294997
            ],
            [
              2.256962913677489,
              41.455870807983146
            ],
            [
              2.2569355218087566,
              41.455897300524484
            ],
            [
              2.2569133010368922,
              41.45588429754693
            ],
            [
              2.2569132900889386,
              41.45588430814075
            ],
            [
              2.256881719422891,
              41.45586584278394
            ],
            [
              2.256839236875809,
              41.455862865786756
            ],
            [
              2.25684367861785,
              41.455826992692636
            ],
            [
              2.2568620589983324,
              41.4558282807107
            ],
            [
              2.256869287714817,
              41.45582128595812
            ],
            [
              2.2568692439546596,
              41.45582126035164
            ],
            [
              2.2568986386565433,
              41.45579281697744
            ],
            [
              2.25691754289641,
              41.4558038738752
            ],
            [
              2.2569175429299664,
              41.45580387384266
            ],
            [
              2.256947794960033,
              41.455821567985076
            ],
            [
              2.2569478252435338,
              41.455821538695794
            ],
            [
              2.2569710497148834,
              41.45583512901175
            ],
            [
              2.2570407330134468,
              41.45583893304718
            ],
            [
              2.257041975879772,
              41.45583902546227
            ],
            [
              2.257074875860858,
              41.45584212552146
            ]
          ]
        ]
      },
      "properties": {
        "intersection_id": "5588593502",
        "modes": [
          "ON_FOOT"
        ],
        "stop_line": [
          2.2569283295985807,
          41.45583300088406
        ],
        "waiting_zone_id": "5588593502_w0_straight_ped"
      }
    },
    {
      "type": "Feature",
      "geometry": {
        "type": "Polygon",
        "coordinates": [
          [
            [
              2.2565935273483038,
              41.455939443384665
            ],
            [
              2.256549906098567,
              41.45592457293292
            ],
            [
              2.2565630413834454,
              41.455902765802854
            ],
            [
              2.2565554244330595,
              41.45590002816659
            ],
            [
              2.2565560295779514,
              41.45589907527197
            ],
            [
              2.2565515525568762,
              41.45589734897451
            ],
            [
              2.2566083453784036,
              41.455813990106456
            ],
            [
              2.2566148573635894,
              41.45581650108572
            ],
            [
              2.2566278168622596,
              41.45579470100678
            ],
            [
              2.2566715347768533,
              41.455809409768634
            ],
            [
              2.2566617589656195,
              41.45582585437112
            ],
            [
              2.2566617589729066,
              41.455825854373586
            ],
            [
              2.2566488589786777,
              41.455847554375985
            ],
            [
              2.256648793717724,
              41.455847663187186
            ],
            [
              2.2566321114324626,
              41.4558752339254
            ],
            [
              2.2566137290416375,
              41.45590590456237
            ],
            [
              2.25661371061911,
              41.45590593522345
            ],
            [
              2.256606253132142,
              41.45591831610756
            ],
            [
              2.256606253133563,
              41.45591831610811
            ],
            [
              2.2565935273483038,
              41.455939443384665
            ]
          ]
        ]
      },
      "properties": {
        "intersection_id": "5588593504",
        "modes": [
          "ON_FOOT"
        ],
        "stop_line": [
          2.2565899336810995,
          41.45588747569216
        ],
        "waiting_zone_id": "5588593504_w0_straight_ped"
      }
    },
    {
      "type": "Feature",
      "geometry": {
        "type": "Polygon",
        "coordinates": [
          [
            [
              2.255276233452557,
              41.455393479741566
            ],
            [
              2.255232992396546,
              41.455377994186506
            ],
            [
              2.2552670396388326,
              41.45532418658128
            ],
            [
              2.2552762067985688,
              41.45530969895798
            ],
            [
              2.255276206800345,
              41.455309698958665
            ],
            [
              2.255286498815654,
              41.455293433628206
            ],
            [
              2.255329739828819,
              41.455308919163016
            ],
            [
              2.255319447821752,
              41.45532518449736
            ],
            [
              2.255319447828682,
              41.455325184499834
            ],
            [
              2.255286525470569,
              41.45537721445473
            ],
            [
              2.255286525456977,
              41.45537721444981
            ],
            [
              2.255276233452557,
              41.455393479741566
            ]
          ]
        ]
      },
      "properties": {
        "intersection_id": "5588593505",
        "modes": [
          "ON_FOOT"
        ],
        "stop_line": [
          2.255295254310201,
          41.455321508060415
        ],
        "waiting_zone_id": "5588593505_w1_straight_ped"
      }
    },
    {
      "type": "Feature",
      "geometry": {
        "type": "Polygon",
        "coordinates": [
          [
            [
              2.254338679836614,
              41.45489416579225
            ],
            [
              2.254382985735765,
              41.454927045147784
            ],
            [
              2.2543493545999334,
              41.45495269461488
            ],
            [
              2.2543323075239785,
              41.454940043996096
            ],
            [
              2.254332307519208,
              41.45494004399982
            ],
            [
              2.25430500178596,
              41.454919780426984
            ],
            [
              2.25430500179145,
              41.45491978042271
            ],
            [
              2.254287954796599,
              41.45490712984481
            ],
            [
              2.2543215859323578,
              41.454881480412645
            ],
            [
              2.254338679836614,
              41.45489416579225
            ]
          ]
        ]
      },
      "properties": {
        "intersection_id": "5588593506",
        "modes": [
          "ON_FOOT"
        ],
        "stop_line": [
          2.2543448613356225,
          41.454924056627455
        ],
        "waiting_zone_id": "5588593506_w0_straight_ped"
      }
    },
    {
      "type": "Feature",
      "geometry": {
        "type": "Polygon",
        "coordinates": [
          [
            [
              2.2533295299798937,
              41.454453397044105
            ],
            [
              2.2533295164712217,
              41.454453412057916
            ],
            [
              2.253312875654935,
              41.45447186929019
            ],
            [
              2.2533077853291457,
              41.45447751526817
            ],
            [
              2.2533011331251056,
              41.45448489360313
            ],
            [
              2.253262557547694,
              41.454527908435715
            ],
            [
              2.25322285824769,
              41.45450775813872
            ],
            [
              2.253236250382938,
              41.454492824867465
            ],
            [
              2.253236250355623,
              41.454492824853475
            ],
            [
              2.2532551908146714,
              41.454471704748286
            ],
            [
              2.253251746022877,
              41.45446987805782
            ],
            [
              2.253265541178761,
              41.45445515389722
            ],
            [
              2.2532655411425866,
              41.454455153877916
            ],
            [
              2.2533096625086184,
              41.45440806120214
            ],
            [
              2.2533096625424878,
              41.4544080612202
            ],
            [
              2.253323457657259,
              41.45439333706815
            ],
            [
              2.2533250097278006,
              41.454394160097664
            ],
            [
              2.2533319474286095,
              41.4543864764132
            ],
            [
              2.2533715619369765,
              41.45440672083758
            ],
            [
              2.253348825489182,
              41.4544319020722
            ],
            [
              2.2533466178672814,
              41.454434361329554
            ],
            [
              2.253346617844053,
              41.45443436136375
            ],
            [
              2.253339925164881,
              41.4544418169215
            ],
            [
              2.2533416135916333,
              41.45443993601914
            ],
            [
              2.2533295299798937,
              41.454453397044105
            ]
          ]
        ]
      },
      "properties": {
        "intersection_id": "5588593507",
        "modes": [
          "ON_FOOT"
        ],
        "stop_line": [
          2.253325785397946,
          41.45442212059132
        ],
        "waiting_zone_id": "5588593507_w1_straight_ped"
      }
    },
    {
      "type": "Feature",
      "geometry": {
        "type": "Polygon",
        "coordinates": [
          [
            [
              2.251329770847497,
              41.45342238067214
            ],
            [
              2.2512917733800606,
              41.45340045251895
            ],
            [
              2.2513675408494023,
              41.45332614125541
            ],
            [
              2.2514055382997276,
              41.4533480693837
            ],
            [
              2.2513909648806214,
              41.453362362735625
            ],
            [
              2.2513909649077375,
              41.45336236275124
            ],
            [
              2.2513443443435306,
              41.453408087318444
            ],
            [
              2.251344344318364,
              41.45340808730391
            ],
            [
              2.251329770847497,
              41.45342238067214
            ]
          ]
        ]
      },
      "properties": {
        "intersection_id": "5588593508",
        "modes": [
          "ON_FOOT"
        ],
        "stop_line": [
          2.2513683228158454,
          41.45335497202331
        ],
        "waiting_zone_id": "5588593508_w1_straight_ped"
      }
    },
    {
      "type": "Feature",
      "geometry": {
        "type": "Polygon",
        "coordinates": [
          [
            [
              2.25048143483579,
              41.453131096225775
            ],
            [
              2.2504643884312645,
              41.45311844548759
            ],
            [
              2.2504980189677966,
              41.45309279630373
            ],
            [
              2.250586600670976,
              41.45315853582145
            ],
            [
              2.250552970157452,
              41.45318418503106
            ],
            [
              2.2505359237429006,
              41.45317153431658
            ],
            [
              2.250535923719952,
              41.453171534334146
            ],
            [
              2.250481434807891,
              41.453131096247134
            ],
            [
              2.25048143483579,
              41.453131096225775
            ]
          ]
        ]
      },
      "properties": {
        "intersection_id": "5588593509",
        "modes": [
          "ON_FOOT"
        ],
        "stop_line": [
          2.2505484773887168,
          41.45315554705341
        ],
        "waiting_zone_id": "5588593509_w0_straight_ped"
      }
    },
    {
      "type": "Feature",
      "geometry": {
        "type": "Polygon",
        "coordinates": [
          [
            [
              2.250820036024089,
              41.452938128612985
            ],
            [
              2.2507545332402783,
              41.45289595945267
            ],
            [
              2.2507856684796654,
              41.452868585194004
            ],
            [
              2.250803861372141,
              41.45288029735832
            ],
            [
              2.2508038613980936,
              41.45288029733555
            ],
            [
              2.2508329785549877,
              41.45289904227668
            ],
            [
              2.2508329785305685,
              41.45289904229806
            ],
            [
              2.250851171256627,
              41.45291075433673
            ],
            [
              2.250820036024089,
              41.452938128612985
            ]
          ]
        ]
      },
      "properties": {
        "intersection_id": "5588593510",
        "modes": [
          "ON_FOOT"
        ],
        "stop_line": [
          2.2508128627422623,
          41.45290980138808
        ],
        "waiting_zone_id": "5588593510_w0_straight_ped"
      }
    },
    {
      "type": "Feature",
      "geometry": {
        "type": "Polygon",
        "coordinates": [
          [
            [
              2.2445709684332793,
              41.45117806634122
            ],
            [
              2.244390061592053,
              41.4511120839348
            ],
            [
              2.244410951309949,
              41.451079664297914
            ],
            [
              2.244432496621203,
              41.451087522570425
            ],
            [
              2.2444324966279234,
              41.45108752256013
            ],
            [
              2.2445703127349823,
              41.45113778841214
            ],
            [
              2.2445703127260823,
              41.451137788425775
            ],
            [
              2.24459185808325,
              41.451145646671264
            ],
            [
              2.2445709684332793,
              41.45117806634122
            ]
          ]
        ]
      },
      "properties": {
        "intersection_id": "5588593516",
        "modes": [
          "ON_FOOT"
        ],
        "stop_line": [
          2.244554481570017,
          41.45115203367865
        ],
        "waiting_zone_id": "5588593516_w0_straight_ped"
      }
    },
    {
      "type": "Feature",
      "geometry": {
        "type": "Polygon",
        "coordinates": [
          [
            [
              2.2443739450386646,
              41.45148410591447
            ],
            [
              2.2441930375560455,
              41.45141812319619
            ],
            [
              2.24421392747197,
              41.45138570359846
            ],
            [
              2.244235472855171,
              41.45139356190646
            ],
            [
              2.2442354728626186,
              41.45139356189496
            ],
            [
              2.244373289458294,
              41.45144382798455
            ],
            [
              2.2443732894486668,
              41.45144382799939
            ],
            [
              2.244394834886663,
              41.451451686283676
            ],
            [
              2.2443739450386646,
              41.45148410591447
            ]
          ]
        ]
      },
      "properties": {
        "intersection_id": "5588593517",
        "modes": [
          "ON_FOOT"
        ],
        "stop_line": [
          2.244230414264868,
          41.451411736270174
        ],
        "waiting_zone_id": "5588593517_w1_straight_ped"
      }
    },
    {
      "type": "Feature",
      "geometry": {
        "type": "Polygon",
        "coordinates": [
          [
            [
              2.2431144932741045,
              41.453632600005484
            ],
            [
              2.243073368556631,
              41.45361413926116
            ],
            [
              2.2430952636027692,
              41.453586532479584
            ],
            [
              2.243082746662343,
              41.45357957050558
            ],
            [
              2.243133994033336,
              41.45352742047375
            ],
            [
              2.2431396799336563,
              41.453530582982076
            ],
            [
              2.243156425129052,
              41.45350949642
            ],
            [
              2.2431975359921013,
              41.45352797455047
            ],
            [
              2.243185255380325,
              41.45354343904231
            ],
            [
              2.243185255431794,
              41.45354343906547
            ],
            [
              2.2431783494240976,
              41.453552135529044
            ],
            [
              2.2431909399468277,
              41.453559138408764
            ],
            [
              2.2431767053431804,
              41.453573623761294
            ],
            [
              2.2431767053802285,
              41.45357362378182
            ],
            [
              2.2431539272366674,
              41.453596803157744
            ],
            [
              2.243153927198024,
              41.453596803136286
            ],
            [
              2.2431396925957228,
              41.45361128846585
            ],
            [
              2.2431339352860142,
              41.453608086239306
            ],
            [
              2.2431267623583575,
              41.45361713036646
            ],
            [
              2.24312676231168,
              41.453617130345485
            ],
            [
              2.2431144932741045,
              41.453632600005484
            ]
          ]
        ]
      },
      "properties": {
        "intersection_id": "5588593520",
        "modes": [
          "ON_FOOT"
        ],
        "stop_line": [
          2.2431382319095947,
          41.45358247270553
        ],
        "waiting_zone_id": "5588593520_w0_straight_ped"
      }
    },
    {
      "type": "Feature",
      "geometry": {
        "type": "Polygon",
        "coordinates": [
          [
            [
              2.242773754293536,
              41.45346748462619
            ],
            [
              2.2427318551013484,
              41.45345003757393
            ],
            [
              2.242743450457311,
              41.453434276494605
            ],
            [
              2.2427434504060004,
              41.45343427647318
            ],
            [
              2.2427704279269625,
              41.45339760704383
            ],
            [
              2.242793805594817,
              41.453365537692825
            ],
            [
              2.2427938056425782,
              41.453365537712614
            ],
            [
              2.242805319554161,
              41.45334974298515
            ],
            [
              2.2428473083644698,
              41.45336706758973
            ],
            [
              2.2428415368035526,
              41.45337498501079
            ],
            [
              2.2428528786885673,
              41.453380578802815
            ],
            [
              2.2428056305266995,
              41.45343480155313
            ],
            [
              2.2427998841071295,
              41.45343196742663
            ],
            [
              2.242773754293536,
              41.45346748462619
            ]
          ]
        ]
      },
      "properties": {
        "intersection_id": "5588596721",
        "modes": [
          "ON_FOOT"
        ],
        "stop_line": [
          2.242816444112404,
          41.4533895342618
        ],
        "waiting_zone_id": "5588596721_w1_straight_ped"
      }
    },
    {
      "type": "Feature",
      "geometry": {
        "type": "Polygon",
        "coordinates": [
          [
            [
              2.2451730842944735,
              41.44996960152202
            ],
            [
              2.2451311869233397,
              41.44995561852665
            ],
            [
              2.2451506041385807,
              41.44992268494565
            ],
            [
              2.2451724906152433,
              41.44992998942736
            ],
            [
              2.2451724906186996,
              41.449929989421605
            ],
            [
              2.245312620100895,
              41.44997675667096
            ],
            [
              2.2453126200990785,
              41.449976756673756
            ],
            [
              2.2453345066371617,
              41.44998406113311
            ],
            [
              2.245315089495707,
              41.45001699474543
            ],
            [
              2.2452932029424453,
              41.450009690280176
            ],
            [
              2.2452932029409887,
              41.45000969028272
            ],
            [
              2.2451730842944735,
              41.44996960152202
            ]
          ]
        ]
      },
      "properties": {
        "intersection_id": "5588596723",
        "modes": [
          "ON_FOOT"
        ],
        "stop_line": [
          2.2452974398908663,
          41.449991397361934
        ],
        "waiting_zone_id": "5588596723_w0_straight_ped"
      }
    },
    {
      "type": "Feature",
      "geometry": {
        "type": "Polygon",
        "coordinates": [
          [
            [
              2.245005248532712,
              41.450028166483555
            ],
            [
              2.244997304805075,
              41.45002340970603
            ],
            [
              2.245012215045833,
              41.45000931486356
            ],
            [
              2.245012215043707,
              41.45000931486228
            ],
            [
              2.2450248755177507,
              41.44999734675018
            ],
            [
              2.245074817928846,
              41.44995013546382
            ],
            [
              2.245104104822806,
              41.44996767273511
            ],
            [
              2.24511547385254,
              41.44997375897567
            ],
            [
              2.2451015927380964,
              41.449988436863826
            ],
            [
              2.2451015927404905,
              41.44998843686505
            ],
            [
              2.2450686257298362,
              41.45002329613948
            ],
            [
              2.245043350130884,
              41.450050022495795
            ],
            [
              2.245035053074039,
              41.45004558079121
            ],
            [
              2.245034772693956,
              41.45004584584734
            ],
            [
              2.2450282321751556,
              41.45004192931026
            ],
            [
              2.2450043325847027,
              41.45002913500836
            ],
            [
              2.245005248532712,
              41.450028166483555
            ]
          ]
        ]
      },
      "properties": {
        "intersection_id": "5588596724",
        "modes": [
          "ON_FOOT"
        ],
        "stop_line": [
          2.2450411926930256,
          41.450021231493956
        ],
        "waiting_zone_id": "5588596724_w0_straight_ped"
      }
    },
    {
      "type": "Feature",
      "geometry": {
        "type": "Polygon",
        "coordinates": [
          [
            [
              2.2452530092309977,
              41.45022295539385
            ],
            [
              2.2452170668350897,
              41.45019914832782
            ],
            [
              2.2453246464550376,
              41.450107210605026
            ],
            [
              2.2453605888175012,
              41.45013101765475
            ],
            [
              2.2453447674762783,
              41.45014453862872
            ],
            [
              2.245344767477873,
              41.45014453862967
            ],
            [
              2.245305103933166,
              41.45017843519826
            ],
            [
              2.2452530092309977,
              41.45022295539385
            ]
          ]
        ]
      },
      "properties": {
        "intersection_id": "5588596725",
        "modes": [
          "ON_FOOT"
        ],
        "stop_line": [
          2.245254814781875,
          41.450194150639945
        ],
        "waiting_zone_id": "5588596725_w0_straight_ped"
      }
    },
    {
      "type": "Feature",
      "geometry": {
        "type": "Polygon",
        "coordinates": [
          [
            [
              2.245027036843905,
              41.45017958271885
            ],
            [
              2.24500508595195,
              41.450172388101564
            ],
            [
              2.24502421107997,
              41.45013935789406
            ],
            [
              2.245208610021416,
              41.45019979624722
            ],
            [
              2.24518948496827,
              41.45023282648567
            ],
            [
              2.2451675342408706,
              41.45022563196475
            ],
            [
              2.2451675342317663,
              41.45022563198066
            ],
            [
              2.245027036834074,
              41.45017958273596
            ],
            [
              2.245027036843905,
              41.45017958271885
            ]
          ]
        ]
      },
      "properties": {
        "intersection_id": "5588596726",
        "modes": [
          "ON_FOOT"
        ],
        "stop_line": [
          2.245042087093709,
          41.45016486627269
        ],
        "waiting_zone_id": "5588596726_w1_straight_ped"
      }
    },
    {
      "type": "Feature",
      "geometry": {
        "type": "Polygon",
        "coordinates": [
          [
            [
              2.2457993793856903,
              41.449361922792896
            ],
            [
              2.2457569521681693,
              41.449345217348515
            ],
            [
              2.2457969306361867,
              41.44928774135688
            ],
            [
              2.245839357826955,
              41.44930444678648
            ],
            [
              2.245828256098559,
              41.44932040747581
            ],
            [
              2.2458282561015777,
              41.44932040747704
            ],
            [
              2.2458104811137556,
              41.44934596213461
            ],
            [
              2.2458104811098494,
              41.449345962133044
            ],
            [
              2.2457993793856903,
              41.449361922792896
            ]
          ]
        ]
      },
      "properties": {
        "intersection_id": "5588596727",
        "modes": [
          "ON_FOOT"
        ],
        "stop_line": [
          2.2457920429461677,
          41.449333619252165
        ],
        "waiting_zone_id": "5588596727_w0_straight_ped"
      }
    },
    {
      "type": "Feature",
      "geometry": {
        "type": "Polygon",
        "coordinates": [
          [
            [
              2.245697786793865,
              41.449231077768765
            ],
            [
              2.245620845150471,
              41.44920180484741
            ],
            [
              2.2456424539456945,
              41.44916965333871
            ],
            [
              2.2456425156015376,
              41.44916967678183
            ],
            [
              2.24565466631667,
              41.44915147129099
            ],
            [
              2.2456760630239607,
              41.44915955522356
            ],
            [
              2.245676063044112,
              41.449159555193425
            ],
            [
              2.2457102726886777,
              41.449172479997166
            ],
            [
              2.2457102726697076,
              41.44917248002549
            ],
            [
              2.245731669374224,
              41.44918056394152
            ],
            [
              2.2457101804768365,
              41.449212760904814
            ],
            [
              2.2457101142494302,
              41.44921273588553
            ],
            [
              2.245697786793865,
              41.449231077768765
            ]
          ]
        ]
      },
      "properties": {
        "intersection_id": "5588596728",
        "modes": [
          "ON_FOOT"
        ],
        "stop_line": [
          2.2456818830656102,
          41.44920484071815
        ],
        "waiting_zone_id": "5588596728_w0_straight_ped"
      }
    },
    {
      "type": "Feature",
      "geometry": {
        "type": "Polygon",
        "coordinates": [
          [
            [
              2.2455512698533235,
              41.44926042013848
            ],
            [
              2.2455100666667716,
              41.449242062169894
            ],
            [
              2.2455222665917844,
              41.44922656193706
            ],
            [
              2.245522266576345,
              41.44922656193011
            ],
            [
              2.2455612705455597,
              41.449177006617035
            ],
            [
              2.2455612705506174,
              41.449177006619344
            ],
            [
              2.245573470452008,
              41.44916150637964
            ],
            [
              2.24561467360594,
              41.449179864342675
            ],
            [
              2.2455512698533235,
              41.44926042013848
            ]
          ]
        ]
      },
      "properties": {
        "intersection_id": "5588596729",
        "modes": [
          "ON_FOOT"
        ],
        "stop_line": [
          2.2455788221433837,
          41.4491900606543
        ],
        "waiting_zone_id": "5588596729_w1_straight_ped"
      }
    },
    {
      "type": "Feature",
      "geometry": {
        "type": "Polygon",
        "coordinates": [
          [
            [
              2.2376716478626024,
              41.44432580877554
            ],
            [
              2.2376547559716484,
              41.44431304301688
            ],
            [
              2.2376886876644075,
              41.44428762282908
            ],
            [
              2.237724214648561,
              41.44431447171484
            ],
            [
              2.2377245928670186,
              41.44431419305097
            ],
            [
              2.237706193014576,
              41.44430010228407
            ],
            [
              2.2377061930529045,
              41.444300102255596
            ],
            [
              2.237689413881584,
              41.44428725262918
            ],
            [
              2.2377235685113472,
              41.44426200206933
            ],
            [
              2.2377839410054783,
              41.44430823578933
            ],
            [
              2.237783860208667,
              41.44430829552259
            ],
            [
              2.237792268736914,
              41.444314757437475
            ],
            [
              2.2377235623507046,
              41.44436537453436
            ],
            [
              2.237697528988242,
              41.444345368025154
            ],
            [
              2.237671647827688,
              41.44432580880189
            ],
            [
              2.2376716478626024,
              41.44432580877554
            ]
          ]
        ]
      },
      "properties": {
        "intersection_id": "5588596744",
        "modes": [
          "ON_FOOT"
        ],
        "stop_line": [
          2.2377458896843394,
          41.44430479908699
        ],
        "waiting_zone_id": "5588596744_w0_straight_ped"
      }
    },
    {
      "type": "Feature",
      "geometry": {
        "type": "Polygon",
        "coordinates": [
          [
            [
              2.237549661182122,
              41.444459108489575
            ],
            [
              2.2375082082017523,
              41.44443159075028
            ],
            [
              2.2375155456215072,
              41.444425332931324
            ],
            [
              2.2375099587569407,
              41.4444211291894
            ],
            [
              2.2375438165522628,
              41.444395653234544
            ],
            [
              2.2376048488088878,
              41.44444157592073
            ],
            [
              2.237600598145769,
              41.44444477428474
            ],
            [
              2.237623883187959,
              41.44446010831734
            ],
            [
              2.2375923482665376,
              41.44448721969239
            ],
            [
              2.2375497325532727,
              41.44445915569311
            ],
            [
              2.237549661182122,
              41.444459108489575
            ]
          ]
        ]
      },
      "properties": {
        "intersection_id": "5588596745",
        "modes": [
          "ON_FOOT"
        ],
        "stop_line": [
          2.2375480488554844,
          41.444424313616565
        ],
        "waiting_zone_id": "5588596745_w1_straight_ped"
      }
    },
    {
      "type": "Feature",
      "geometry": {
        "type": "Polygon",
        "coordinates": [
          [
            [
              2.237744343278562,
              41.44444759996019
            ],
            [
              2.2377438824294362,
              41.44444734542085
            ],
            [
              2.2377777399639798,
              41.44441264125557
            ],
            [
              2.237816841105808,
              41.44437171127487
            ],
            [
              2.237817384605277,
              41.44437200522345
            ],
            [
              2.2378175322321616,
              41.444371853949455
            ],
            [
              2.2378376556323856,
              41.44438296908067
            ],
            [
              2.2378557209929677,
              41.4443927399912
            ],
            [
              2.237855591265623,
              41.44439287578408
            ],
            [
              2.237856130926424,
              41.44439317389904
            ],
            [
              2.237841963642216,
              41.44440769547026
            ],
            [
              2.2378419637367726,
              41.44440769552243
            ],
            [
              2.23781648032728,
              41.44443381619212
            ],
            [
              2.237797026403345,
              41.44445418000874
            ],
            [
              2.2377970263198548,
              41.444454179963635
            ],
            [
              2.2377830525899003,
              41.444468807276834
            ],
            [
              2.237782587912299,
              41.44446855597655
            ],
            [
              2.2377824811892486,
              41.44446866539534
            ],
            [
              2.2377679257124083,
              41.4444606256952
            ],
            [
              2.2377441726815337,
              41.444447778536045
            ],
            [
              2.237744343278562,
              41.44444759996019
            ]
          ]
        ]
      },
      "properties": {
        "intersection_id": "5588596746",
        "modes": [
          "ON_FOOT"
        ],
        "stop_line": [
          2.237781079887517,
          41.44444000880614
        ],
        "waiting_zone_id": "5588596746_w0_straight_ped"
      }
    },
    {
      "type": "Feature",
      "geometry": {
        "type": "Polygon",
        "coordinates": [
          [
            [
              2.23758375236157,
              41.444360257603044
            ],
            [
              2.2375446201240563,
              41.444339495616546
            ],
            [
              2.237616338762774,
              41.444262964329944
            ],
            [
              2.237655470977499,
              41.444283726326496
            ],
            [
              2.237641674507427,
              41.44429844862307
            ],
            [
              2.237641674564601,
              41.44429844865332
            ],
            [
              2.2375975489170195,
              41.444345535363716
            ],
            [
              2.2375975488462854,
              41.444345535326136
            ],
            [
              2.23758375236157,
              41.444360257603044
            ]
          ]
        ]
      },
      "properties": {
        "intersection_id": "5588596747",
        "modes": [
          "ON_FOOT"
        ],
        "stop_line": [
          2.237618659334721,
          41.4442917482369
        ],
        "waiting_zone_id": "5588596747_w1_straight_ped"
      }
    },
    {
      "type": "Feature",
      "geometry": {
        "type": "Polygon",
        "coordinates": [
          [
            [
              2.2302278922721634,
              41.44061774289492
            ],
            [
              2.230208698589134,
              41.440606976607974
            ],
            [
              2.2302373140689626,
              41.4405780908109
            ],
            [
              2.2302605346110966,
              41.44059111587283
            ],
            [
              2.2302762329876233,
              41.44057917313041
            ],
            [
              2.2303647383880665,
              41.440645046823896
            ],
            [
              2.230362220582499,
              41.44064696228621
            ],
            [
              2.230392802295903,
              41.440663443705006
            ],
            [
              2.2303649234945424,
              41.44069273456462
            ],
            [
              2.230345460601315,
              41.44068224541327
            ],
            [
              2.230345460586143,
              41.440682245429294
            ],
            [
              2.2302799605792005,
              41.44064694542139
            ],
            [
              2.2302795922720775,
              41.440646742906516
            ],
            [
              2.2302278922671075,
              41.44061774290012
            ],
            [
              2.2302278922721634,
              41.44061774289492
            ]
          ]
        ]
      },
      "properties": {
        "intersection_id": "5588596749",
        "modes": [
          "ON_FOOT"
        ],
        "stop_line": [
          2.2302806733007983,
          41.44060781564971
        ],
        "waiting_zone_id": "5588596749_w1_straight_ped"
      }
    },
    {
      "type": "Feature",
      "geometry": {
        "type": "Polygon",
        "coordinates": [
          [
            [
              2.2302472354028375,
              41.44057693183049
            ],
            [
              2.230221800148314,
              41.44054640775644
            ],
            [
              2.2302420823641085,
              41.44053683796763
            ],
            [
              2.2302420823632305,
              41.44053683796641
            ],
            [
              2.2302439442447706,
              41.44053595947334
            ],
            [
              2.230256282396796,
              41.440530137940655
            ],
            [
              2.2302564597014922,
              41.440530055809376
            ],
            [
              2.230256616547834,
              41.44052998314527
            ],
            [
              2.230277458606246,
              41.440520503783304
            ],
            [
              2.230323016549542,
              41.440499783126135
            ],
            [
              2.2303234022879908,
              41.44049961196406
            ],
            [
              2.230323462563793,
              41.44049958521475
            ],
            [
              2.2303277361897607,
              41.440497735246055
            ],
            [
              2.2303332608399375,
              41.440495343729346
            ],
            [
              2.2303658521002268,
              41.44046082363601
            ],
            [
              2.230365852108202,
              41.44046082364037
            ],
            [
              2.2303797169672577,
              41.4404461382079
            ],
            [
              2.2304100885143936,
              41.440462374564895
            ],
            [
              2.2304238824554186,
              41.44045660034135
            ],
            [
              2.230447158432707,
              41.44048808484234
            ],
            [
              2.230426237989295,
              41.440496842252564
            ],
            [
              2.2304262379950903,
              41.44049684226025
            ],
            [
              2.230413488330235,
              41.440502179329535
            ],
            [
              2.2303662218385663,
              41.44052264009633
            ],
            [
              2.230350920067293,
              41.44053884745521
            ],
            [
              2.2303022860268795,
              41.44059035970465
            ],
            [
              2.2302632540738685,
              41.44056949354681
            ],
            [
              2.2302634580472307,
              41.44056927747725
            ],
            [
              2.2302472354028375,
              41.44057693183049
            ]
          ]
        ]
      },
      "properties": {
        "intersection_id": "5588596750",
        "modes": [
          "ON_FOOT"
        ],
        "stop_line": [
          2.230381901842724,
          41.44047492806102
        ],
        "waiting_zone_id": "5588596750_w1_straight_ped"
      }
    },
    {
      "type": "Feature",
      "geometry": {
        "type": "Polygon",
        "coordinates": [
          [
            [
              2.230525422757285,
              41.44052998833967
            ],
            [
              2.2305056370889487,
              41.440519846937825
            ],
            [
              2.2305325915622665,
              41.440490070254036
            ],
            [
              2.2305523772338,
              41.44050021166165
            ],
            [
              2.2305523772419322,
              41.44050021165271
            ],
            [
              2.2305765616029336,
              41.44051260765852
            ],
            [
              2.230583886216954,
              41.440507563612535
            ],
            [
              2.2306000483894466,
              41.44052085284625
            ],
            [
              2.2306000484020325,
              41.440520852837764
            ],
            [
              2.2306112248994907,
              41.44053004263444
            ],
            [
              2.230623561608328,
              41.44053615261072
            ],
            [
              2.2306435585871216,
              41.44054605646242
            ],
            [
              2.230638179716591,
              41.44055220602997
            ],
            [
              2.230642054819123,
              41.44055539230356
            ],
            [
              2.2306253017425743,
              41.44056692911487
            ],
            [
              2.230617235375278,
              41.440576151244294
            ],
            [
              2.230614137762796,
              41.440574617111366
            ],
            [
              2.2306068056759067,
              41.44057966623622
            ],
            [
              2.2306084813539395,
              41.440578512204034
            ],
            [
              2.230605280133016,
              41.440578520481566
            ],
            [
              2.230579925629207,
              41.44055767293193
            ],
            [
              2.2305655383815846,
              41.44055054738396
            ],
            [
              2.2305652227567863,
              41.44055038835026
            ],
            [
              2.230525422752043,
              41.44052998834554
            ],
            [
              2.230525422757285,
              41.44052998833967
            ]
          ]
        ]
      },
      "properties": {
        "intersection_id": "5588596751",
        "modes": [
          "ON_FOOT"
        ],
        "stop_line": [
          2.230604191643917,
          41.44055094253353
        ],
        "waiting_zone_id": "5588596751_w0_straight_ped"
      }
    },
    {
      "type": "Feature",
      "geometry": {
        "type": "Polygon",
        "coordinates": [
          [
            [
              2.230486540022794,
              41.440693484811206
            ],
            [
              2.230475991167894,
              41.44068634312873
            ],
            [
              2.2305029530492884,
              41.440663793205545
            ],
            [
              2.230550603289441,
              41.44062343534726
            ],
            [
              2.230550867539756,
              41.44062321521348
            ],
            [
              2.230596208564455,
              41.44058606354757
            ],
            [
              2.230597777432657,
              41.44058475909172
            ],
            [
              2.230604221638139,
              41.44057765015408
            ],
            [
              2.230605279692617,
              41.44057852050811
            ],
            [
              2.2306084813244755,
              41.44057851223332
            ],
            [
              2.2306141376892965,
              41.440574617002916
            ],
            [
              2.230617235254901,
              41.44057615123862
            ],
            [
              2.2306246010000055,
              41.44056773045624
            ],
            [
              2.2306235433196466,
              41.440567010123594
            ],
            [
              2.230656613831759,
              41.440589531269254
            ],
            [
              2.2306354807897892,
              41.44060710259057
            ],
            [
              2.2306278494603045,
              41.440615521122375
            ],
            [
              2.2305563932740746,
              41.44069434822723
            ],
            [
              2.2305591825077697,
              41.44069589121437
            ],
            [
              2.2305308224989915,
              41.44072491934311
            ],
            [
              2.2304821400198094,
              41.44069798846633
            ],
            [
              2.230486540022794,
              41.440693484811206
            ]
          ]
        ]
      },
      "properties": {
        "intersection_id": "5588596752",
        "modes": [
          "ON_FOOT"
        ],
        "stop_line": [
          2.2305371334453445,
          41.440683626723214
        ],
        "waiting_zone_id": "5588596752_w0_straight_ped"
      }
    },
    {
      "type": "Feature",
      "geometry": {
        "type": "Polygon",
        "coordinates": [
          [
            [
              2.2295613265042813,
              41.44125801807876
            ],
            [
              2.229472626036512,
              41.44119228970289
            ],
            [
              2.2295048342973534,
              41.441167679052626
            ],
            [
              2.2294869902560124,
              41.441152767130326
            ],
            [
              2.229522571374243,
              41.44112865901558
            ],
            [
              2.229581103898647,
              41.441177573517244
            ],
            [
              2.229635627000484,
              41.44122215749977
            ],
            [
              2.2296003946652982,
              41.44124655396869
            ],
            [
              2.2295887699031183,
              41.441237048306114
            ],
            [
              2.2295613265042813,
              41.44125801807876
            ]
          ]
        ]
      },
      "properties": {
        "intersection_id": "5588596753",
        "modes": [
          "ON_FOOT"
        ],
        "stop_line": [
          2.229556802350207,
          41.441229382956514
        ],
        "waiting_zone_id": "5588596753_w0_straight_ped"
      }
    },
    {
      "type": "Feature",
      "geometry": {
        "type": "Polygon",
        "coordinates": [
          [
            [
              2.2288177716504842,
              41.43959947176778
            ],
            [
              2.228802367078737,
              41.43958568259284
            ],
            [
              2.2288390162369613,
              41.43956249896275
            ],
            [
              2.228894462181068,
              41.43961213047834
            ],
            [
              2.228857812968456,
              41.439635314125525
            ],
            [
              2.228842408453479,
              41.43962152502181
            ],
            [
              2.228842408431104,
              41.43962152503603
            ],
            [
              2.2288177716184943,
              41.439599471788085
            ],
            [
              2.2288177716504842,
              41.43959947176778
            ]
          ]
        ]
      },
      "properties": {
        "intersection_id": "5588596765",
        "modes": [
          "ON_FOOT"
        ],
        "stop_line": [
          2.2288568818968475,
          41.439606485930476
        ],
        "waiting_zone_id": "5588596765_w0_straight_ped"
      }
    },
    {
      "type": "Feature",
      "geometry": {
        "type": "Polygon",
        "coordinates": [
          [
            [
              2.229038320922851,
              41.43324418111867
            ],
            [
              2.229009674333643,
              41.433219987146416
            ],
            [
              2.229027545683527,
              41.43320800279365
            ],
            [
              2.229027545680879,
              41.433208002791346
            ],
            [
              2.229050330626604,
              41.4331927234227
            ],
            [
              2.2290740103271407,
              41.433176844023215
            ],
            [
              2.2291058596035973,
              41.43320374280667
            ],
            [
              2.22910585431107,
              41.43320374634473
            ],
            [
              2.229133619570785,
              41.433233078668266
            ],
            [
              2.229114123487338,
              41.43324353050722
            ],
            [
              2.2291141234919185,
              41.433243530512016
            ],
            [
              2.229082925970095,
              41.433260255474934
            ],
            [
              2.2290829259631364,
              41.43326025546764
            ],
            [
              2.229063429886822,
              41.433270707285345
            ],
            [
              2.229038320922851,
              41.43324418111867
            ]
          ]
        ]
      },
      "properties": {
        "intersection_id": "5588596845",
        "modes": [
          "ON_FOOT"
        ],
        "stop_line": [
          2.2290479381442,
          41.433218456106594
        ],
        "waiting_zone_id": "5588596845_w0_straight_ped"
      }
    },
    {
      "type": "Feature",
      "geometry": {
        "type": "Polygon",
        "coordinates": [
          [
            [
              2.2321694921586794,
              41.43878940644002
            ],
            [
              2.2321548330524403,
              41.438775164702385
            ],
            [
              2.232175855089366,
              41.438762911903694
            ],
            [
              2.2322074016662,
              41.43874426365852
            ],
            [
              2.2322606508109177,
              41.43879527219185
            ],
            [
              2.2322560153450137,
              41.43879801237441
            ],
            [
              2.2322599157009053,
              41.438801201916064
            ],
            [
              2.2322599156964094,
              41.4388012019192
            ],
            [
              2.2322761257276587,
              41.438814457777106
            ],
            [
              2.2322408943287657,
              41.43883885394166
            ],
            [
              2.2322246843033784,
              41.43882559807344
            ],
            [
              2.232224684292587,
              41.438825598081024
            ],
            [
              2.2322181499653726,
              41.4388202545893
            ],
            [
              2.232207583554556,
              41.43882641327414
            ],
            [
              2.232192924419542,
              41.43881217152948
            ],
            [
              2.232192924408676,
              41.43881217153584
            ],
            [
              2.2321694921505966,
              41.43878940644481
            ],
            [
              2.2321694921586794,
              41.43878940644002
            ]
          ]
        ]
      },
      "properties": {
        "intersection_id": "5588596884",
        "modes": [
          "ON_FOOT"
        ],
        "stop_line": [
          2.2322233403583462,
          41.438788692923545
        ],
        "waiting_zone_id": "5588596884_w0_straight_ped"
      }
    },
    {
      "type": "Feature",
      "geometry": {
        "type": "Polygon",
        "coordinates": [
          [
            [
              2.2309788734236338,
              41.43823505235699
            ],
            [
              2.2309990734253,
              41.43825325235382
            ],
            [
              2.230999073414878,
              41.438253252360326
            ],
            [
              2.231014418971389,
              41.43826707854222
            ],
            [
              2.231009334555658,
              41.43827027408236
            ],
            [
              2.2310137375350836,
              41.438274302892424
            ],
            [
              2.2309960155949193,
              41.43828527032155
            ],
            [
              2.230971844669944,
              41.438300698911746
            ],
            [
              2.230956359296294,
              41.438286961283
            ],
            [
              2.230956359292519,
              41.438286961285456
            ],
            [
              2.2309316015023555,
              41.43826499775057
            ],
            [
              2.2309316015077476,
              41.43826499774706
            ],
            [
              2.230916116196757,
              41.43825126015353
            ],
            [
              2.2309222717745367,
              41.438247330962064
            ],
            [
              2.2309219530750166,
              41.43824703937699
            ],
            [
              2.230926588158252,
              41.43824417090561
            ],
            [
              2.2309068785922217,
              41.4382264422059
            ],
            [
              2.2309436003853302,
              41.438203324355044
            ],
            [
              2.2309589608847546,
              41.43821714108224
            ],
            [
              2.2309589608904155,
              41.43821714107865
            ],
            [
              2.230973777746385,
              41.438230468801216
            ],
            [
              2.2309788734236338,
              41.43823505235699
            ]
          ]
        ]
      },
      "properties": {
        "intersection_id": "5588596887",
        "modes": [
          "ON_FOOT"
        ],
        "stop_line": [
          2.230976241131902,
          41.43826835344952
        ],
        "waiting_zone_id": "5588596887_w0_straight_ped"
      }
    },
    {
      "type": "Feature",
      "geometry": {
        "type": "Polygon",
        "coordinates": [
          [
            [
              2.2313487594324157,
              41.43800095044742
            ],
            [
              2.2313811403317745,
              41.43802969088084
            ],
            [
              2.231376337543594,
              41.438032755068264
            ],
            [
              2.231384101569876,
              41.43803910989576
            ],
            [
              2.231348856109332,
              41.43806349422005
            ],
            [
              2.23133265413985,
              41.4380502329049
            ],
            [
              2.231332654127531,
              41.43805023291346
            ],
            [
              2.231306690905215,
              41.438028981999935
            ],
            [
              2.231306690920861,
              41.438028981989035
            ],
            [
              2.231290488993351,
              41.43801572068823
            ],
            [
              2.231297236477719,
              41.43801105248544
            ],
            [
              2.2312932098946474,
              41.43800751077692
            ],
            [
              2.231293209896894,
              41.43800751077546
            ],
            [
              2.2312776476607037,
              41.437993822506684
            ],
            [
              2.231314027848354,
              41.43797040094455
            ],
            [
              2.231330769999007,
              41.43798512703815
            ],
            [
              2.2313487594324157,
              41.43800095044742
            ]
          ]
        ]
      },
      "properties": {
        "intersection_id": "5588596890",
        "modes": [
          "ON_FOOT"
        ],
        "stop_line": [
          2.2313462263726622,
          41.4380347254285
        ],
        "waiting_zone_id": "5588596890_w0_straight_ped"
      }
    },
    {
      "type": "Feature",
      "geometry": {
        "type": "Polygon",
        "coordinates": [
          [
            [
              2.231782379951084,
              41.43902533982314
            ],
            [
              2.2317678405873234,
              41.43901102867332
            ],
            [
              2.231805876801367,
              41.438989146966826
            ],
            [
              2.2318061244747676,
              41.43898939069176
            ],
            [
              2.231811704835083,
              41.438985549217705
            ],
            [
              2.231852650571116,
              41.43901923039145
            ],
            [
              2.2318838238713767,
              41.43904479249931
            ],
            [
              2.231848548106632,
              41.43906915244214
            ],
            [
              2.231832362102159,
              41.43905587995029
            ],
            [
              2.231832362096404,
              41.439055879954346
            ],
            [
              2.231832172796033,
              41.43905572472807
            ],
            [
              2.23182022968639,
              41.4390625954204
            ],
            [
              2.2318056903522447,
              41.43904828432079
            ],
            [
              2.231805690316777,
              41.439048284341204
            ],
            [
              2.231782379926749,
              41.4390253398372
            ],
            [
              2.231782379951084,
              41.43902533982314
            ]
          ]
        ]
      },
      "properties": {
        "intersection_id": "5588596929",
        "modes": [
          "ON_FOOT"
        ],
        "stop_line": [
          2.231805032886764,
          41.43901797676542
        ],
        "waiting_zone_id": "5588596929_w1_straight_ped"
      }
    },
    {
      "type": "Feature",
      "geometry": {
        "type": "Polygon",
        "coordinates": [
          [
            [
              2.235715522172217,
              41.438850991999644
            ],
            [
              2.235714378967528,
              41.43885000062362
            ],
            [
              2.235756994591397,
              41.43882217373755
            ],
            [
              2.235778327314093,
              41.43880735010181
            ],
            [
              2.235778936284084,
              41.43880784636418
            ],
            [
              2.2357794905736252,
              41.43880748441423
            ],
            [
              2.2357950487572995,
              41.43882097648006
            ],
            [
              2.2358108086725723,
              41.43883381929847
            ],
            [
              2.2358102810403206,
              41.43883418592688
            ],
            [
              2.2358108695263708,
              41.43883469624397
            ],
            [
              2.2357927886742615,
              41.438846502602715
            ],
            [
              2.2357927886842384,
              41.43884650261131
            ],
            [
              2.2357889324134397,
              41.43884902066033
            ],
            [
              2.2357651019100557,
              41.43886557995707
            ],
            [
              2.2357651019003373,
              41.438865579949216
            ],
            [
              2.235747514380288,
              41.43887780112446
            ],
            [
              2.235746332035279,
              41.43887683759578
            ],
            [
              2.2357457579586755,
              41.43887721247116
            ],
            [
              2.23572964401292,
              41.438863238440106
            ],
            [
              2.23571503302654,
              41.4388513318758
            ],
            [
              2.235715522172217,
              41.438850991999644
            ]
          ]
        ]
      },
      "properties": {
        "intersection_id": "5588596934",
        "modes": [
          "ON_FOOT"
        ],
        "stop_line": [
          2.235752669642407,
          41.438848848581536
        ],
        "waiting_zone_id": "5588596934_w0_straight_ped"
      }
    },
    {
      "type": "Feature",
      "geometry": {
        "type": "Polygon",
        "coordinates": [
          [
            [
              2.2354655205788734,
              41.43882650044074
            ],
            [
              2.235426847294107,
              41.43879021929114
            ],
            [
              2.235464195168517,
              41.43876767629775
            ],
            [
              2.235479173900307,
              41.43878172851507
            ],
            [
              2.2354791739498885,
              41.43878172848507
            ],
            [
              2.235503484687221,
              41.438804535465486
            ],
            [
              2.235510372509883,
              41.43880064871693
            ],
            [
              2.235524734613474,
              41.43881506085561
            ],
            [
              2.235524734643817,
              41.438815060838635
            ],
            [
              2.2355476861604062,
              41.438838092277166
            ],
            [
              2.235547686116955,
              41.43883809230157
            ],
            [
              2.2355620481920484,
              41.43885250439052
            ],
            [
              2.2355573590591487,
              41.43885515046176
            ],
            [
              2.2355679884064723,
              41.43886514203795
            ],
            [
              2.2355679883815034,
              41.43886514205294
            ],
            [
              2.2355829490879007,
              41.43887920508595
            ],
            [
              2.2355455722381383,
              41.43890172102044
            ],
            [
              2.23551941131548,
              41.43887712974584
            ],
            [
              2.23551413293037,
              41.4388802502519
            ],
            [
              2.2354608811471453,
              41.438829243168556
            ],
            [
              2.2354655205788734,
              41.43882650044074
            ]
          ]
        ]
      },
      "properties": {
        "intersection_id": "5588596935",
        "modes": [
          "ON_FOOT"
        ],
        "stop_line": [
          2.2355249433767983,
          41.438845296760334
        ],
        "waiting_zone_id": "5588596935_w0_straight_ped"
      }
    },
    {
      "type": "Feature",
      "geometry": {
        "type": "Polygon",
        "coordinates": [
          [
            [
              2.2355011372343343,
              41.43874162858982
            ],
            [
              2.2354694079838797,
              41.43871464775966
            ],
            [
              2.2354949671027438,
              41.43869762748576
            ],
            [
              2.235531935387397,
              41.43867300959281
            ],
            [
              2.2355319382488132,
              41.438673007687626
            ],
            [
              2.235566638247164,
              41.43864990769241
            ],
            [
              2.2355666382551096,
              41.4386499076993
            ],
            [
              2.23558456813595,
              41.43863797165608
            ],
            [
              2.235616291645281,
              41.438664956265086
            ],
            [
              2.2356104511744355,
              41.43866884430106
            ],
            [
              2.235614468545537,
              41.438672190959146
            ],
            [
              2.235550463636848,
              41.438715698726654
            ],
            [
              2.235545848746825,
              41.438711854345236
            ],
            [
              2.2355190646170797,
              41.43872969041103
            ],
            [
              2.2355190646108984,
              41.43872969040576
            ],
            [
              2.2355011372343343,
              41.43874162858982
            ]
          ]
        ]
      },
      "properties": {
        "intersection_id": "5588596936",
        "modes": [
          "ON_FOOT"
        ],
        "stop_line": [
          2.235576216199288,
          41.43867391750478
        ],
        "waiting_zone_id": "5588596936_w1_straight_ped"
      }
    },
    {
      "type": "Feature",
      "geometry": {
        "type": "Polygon",
        "coordinates": [
          [
            [
              2.235780777234355,
              41.43871846361697
            ],
            [
              2.2357242775585693,
              41.43866946703197
            ],
            [
              2.2357604392798387,
              41.43864585428152
            ],
            [
              2.235776128743955,
              41.43865946020679
            ],
            [
              2.2357761287581552,
              41.438659460197485
            ],
            [
              2.2358012495297035,
              41.43868124495379
            ],
            [
              2.2358012495183806,
              41.4386812449611
            ],
            [
              2.2358169389628797,
              41.43869485084901
            ],
            [
              2.235780777234355,
              41.43871846361697
            ]
          ]
        ]
      },
      "properties": {
        "intersection_id": "5588596937",
        "modes": [
          "ON_FOOT"
        ],
        "stop_line": [
          2.235779246313966,
          41.43868964985354
        ],
        "waiting_zone_id": "5588596937_w0_straight_ped"
      }
    },
    {
      "type": "Feature",
      "geometry": {
        "type": "Polygon",
        "coordinates": [
          [
            [
              2.242767593668715,
              41.44809852668246
            ],
            [
              2.2427412233440336,
              41.44800700296559
            ],
            [
              2.242788021247353,
              41.447999369877714
            ],
            [
              2.24278803421897,
              41.44799941488964
            ],
            [
              2.2427999387612356,
              41.44799748746408
            ],
            [
              2.242804975601289,
              41.44801509852796
            ],
            [
              2.2428049756054,
              41.44801509852725
            ],
            [
              2.2428210812160594,
              41.448071410944365
            ],
            [
              2.2428210812132,
              41.44807141094481
            ],
            [
              2.2428261180540368,
              41.44808902197099
            ],
            [
              2.242791934295317,
              41.44809455654854
            ],
            [
              2.242767593668715,
              41.44809852668246
            ]
          ]
        ]
      },
      "properties": {
        "intersection_id": "5588597063",
        "modes": [
          "ON_FOOT"
        ],
        "stop_line": [
          2.242784651991758,
          41.448072703586654
        ],
        "waiting_zone_id": "5588597063_w0_straight_ped"
      }
    },
    {
      "type": "Feature",
      "geometry": {
        "type": "Polygon",
        "coordinates": [
          [
            [
              2.2392383428746205,
              41.44696160013758
            ],
            [
              2.239206246684385,
              41.4469348634802
            ],
            [
              2.23921423549408,
              41.446929434295974
            ],
            [
              2.239225975217966,
              41.44693797224862
            ],
            [
              2.2392343837526796,
              41.44693142694521
            ],
            [
              2.2392240141126205,
              41.44692278886529
            ],
            [
              2.2392498487322134,
              41.44690523167777
            ],
            [
              2.2392498487349077,
              41.446905231561615
            ],
            [
              2.2392986183631143,
              41.44687208772761
            ],
            [
              2.2393307145613095,
              41.44689882434239
            ],
            [
              2.2393129471414728,
              41.44691089909567
            ],
            [
              2.2393129472198265,
              41.44691089916088
            ],
            [
              2.2392561103105555,
              41.44694952551325
            ],
            [
              2.2392561102382977,
              41.44694952545305
            ],
            [
              2.2392383428746205,
              41.44696160013758
            ]
          ]
        ]
      },
      "properties": {
        "intersection_id": "5588597067",
        "modes": [
          "ON_FOOT"
        ],
        "stop_line": [
          2.2392445040582745,
          41.446933138513145
        ],
        "waiting_zone_id": "5588597067_w0_straight_ped"
      }
    },
    {
      "type": "Feature",
      "geometry": {
        "type": "Polygon",
        "coordinates": [
          [
            [
              2.239305673022718,
              41.44684950510856
            ],
            [
              2.2392496493725678,
              41.44680026274035
            ],
            [
              2.2392532282041824,
              41.446797957683316
            ],
            [
              2.239253153621575,
              41.44679789187051
            ],
            [
              2.2392895937362414,
              41.44677451873149
            ],
            [
              2.2393051259232486,
              41.44678822765723
            ],
            [
              2.239305125946255,
              41.446788227642436
            ],
            [
              2.2393300094894752,
              41.44681019018601
            ],
            [
              2.239330009464043,
              41.44681019020228
            ],
            [
              2.2393455416869283,
              41.44682389913926
            ],
            [
              2.239318305422186,
              41.44684136881839
            ],
            [
              2.239305673022718,
              41.44684950510856
            ]
          ]
        ]
      },
      "properties": {
        "intersection_id": "5588597068",
        "modes": [
          "ON_FOOT"
        ],
        "stop_line": [
          2.2393079063834587,
          41.4468184495251
        ],
        "waiting_zone_id": "5588597068_w0_straight_ped"
      }
    },
    {
      "type": "Feature",
      "geometry": {
        "type": "Polygon",
        "coordinates": [
          [
            [
              2.239249848787337,
              41.44690523161141
            ],
            [
              2.2392240140975725,
              41.4469227888274
            ],
            [
              2.2392343836745363,
              41.446931426864495
            ],
            [
              2.239225975111775,
              41.4469379721943
            ],
            [
              2.239208760427916,
              41.44692545243254
            ],
            [
              2.2392087603958686,
              41.446925452457684
            ],
            [
              2.239200682371812,
              41.44691957753186
            ],
            [
              2.239168427896381,
              41.44694150168732
            ],
            [
              2.2391523781880687,
              41.4469281344857
            ],
            [
              2.239152378159836,
              41.446928134504994
            ],
            [
              2.2391266503798497,
              41.44690670678579
            ],
            [
              2.2391266504097,
              41.446906706765446
            ],
            [
              2.239110600683009,
              41.44689333952844
            ],
            [
              2.2391461325162814,
              41.44686918767397
            ],
            [
              2.239151930136707,
              41.44687401630624
            ],
            [
              2.2391785536031827,
              41.44685332738485
            ],
            [
              2.2392178468986073,
              41.44688195281171
            ],
            [
              2.239249848787337,
              41.44690523161141
            ]
          ]
        ]
      },
      "properties": {
        "intersection_id": "5588597069",
        "modes": [
          "ON_FOOT"
        ],
        "stop_line": [
          2.239148428732303,
          41.44689797265982
        ],
        "waiting_zone_id": "5588597069_w1_straight_ped"
      }
    },
    {
      "type": "Feature",
      "geometry": {
        "type": "Polygon",
        "coordinates": [
          [
            [
              2.2382293008173555,
              41.44619544704962
            ],
            [
              2.238164254435348,
              41.446153006807315
            ],
            [
              2.2381886210369095,
              41.44613186429488
            ],
            [
              2.2381884283740985,
              41.44613173686386
            ],
            [
              2.2381953878589242,
              41.446125780437946
            ],
            [
              2.238172742067806,
              41.44610897871276
            ],
            [
              2.238206362502473,
              41.44608332478089
            ],
            [
              2.2382234101759924,
              41.44609597305115
            ],
            [
              2.238223410213791,
              41.4460959730223
            ],
            [
              2.2382450789226227,
              41.446112049803126
            ],
            [
              2.2382765475337694,
              41.44613522668052
            ],
            [
              2.238276547498488,
              41.44613522670766
            ],
            [
              2.238293656817002,
              41.44614782784816
            ],
            [
              2.2382601617508016,
              41.44617357448143
            ],
            [
              2.238257104124776,
              41.4461713225275
            ],
            [
              2.2382293008173555,
              41.44619544704962
            ]
          ]
        ]
      },
      "properties": {
        "intersection_id": "5588597071",
        "modes": [
          "ON_FOOT"
        ],
        "stop_line": [
          2.238246470221397,
          41.446146143818304
        ],
        "waiting_zone_id": "5588597071_w0_straight_ped"
      }
    },
    {
      "type": "Feature",
      "geometry": {
        "type": "Polygon",
        "coordinates": [
          [
            [
              2.237459637092378,
              41.44538774995791
            ],
            [
              2.237422954071939,
              41.44536180864691
            ],
            [
              2.237455746962764,
              41.44533555553847
            ],
            [
              2.2374731926135176,
              41.44534789266409
            ],
            [
              2.2374731926344955,
              41.44534789264734
            ],
            [
              2.2374923991955367,
              41.445361475034865
            ],
            [
              2.237492413447171,
              41.44536146360524
            ],
            [
              2.2375273337122,
              41.44538611461432
            ],
            [
              2.2374945541306657,
              41.44541240356584
            ],
            [
              2.2374842479627457,
              41.445405128208016
            ],
            [
              2.237484211650111,
              41.445405128450105
            ],
            [
              2.2374635280751676,
              41.44539050156131
            ],
            [
              2.237459633864248,
              41.44538775254691
            ],
            [
              2.237459637092378,
              41.44538774995791
            ]
          ]
        ]
      },
      "properties": {
        "intersection_id": "5588597073",
        "modes": [
          "ON_FOOT"
        ],
        "stop_line": [
          2.2374803360792432,
          41.44537766600972
        ],
        "waiting_zone_id": "5588597073_w0_straight_ped"
      }
    },
    {
      "type": "Feature",
      "geometry": {
        "type": "Polygon",
        "coordinates": [
          [
            [
              2.237416463512739,
              41.44546521472993
            ],
            [
              2.2373884767777783,
              41.445490836183616
            ],
            [
              2.23738833527724,
              41.44549074865672
            ],
            [
              2.2373626384916587,
              41.44551417957118
            ],
            [
              2.2373441722993923,
              41.44550271407853
            ],
            [
              2.2373441722956042,
              41.44550271408213
            ],
            [
              2.23731469796552,
              41.44548441371994
            ],
            [
              2.2373146979684058,
              41.445484413717274
            ],
            [
              2.2372962318681453,
              41.44547294826369
            ],
            [
              2.2373251218334183,
              41.44544660574921
            ],
            [
              2.237301546997462,
              41.445432401645526
            ],
            [
              2.2373314765672436,
              41.44540427864927
            ],
            [
              2.237350164769227,
              41.44541553849405
            ],
            [
              2.2373501647717506,
              41.4454155384918
            ],
            [
              2.2373740647700826,
              41.4454299384887
            ],
            [
              2.2373741266862277,
              41.44542997592075
            ],
            [
              2.2374003954276462,
              41.445445911001
            ],
            [
              2.237419965224294,
              41.445457782367875
            ],
            [
              2.237416168711111,
              41.4454613255891
            ],
            [
              2.237416218809503,
              41.44546135660527
            ],
            [
              2.237416463512739,
              41.44546521472993
            ]
          ]
        ]
      },
      "properties": {
        "intersection_id": "5588597074",
        "modes": [
          "ON_FOOT"
        ],
        "stop_line": [
          2.2373805583011075,
          41.445462621615974
        ],
        "waiting_zone_id": "5588597074_w0_straight_ped"
      }
    },
    {
      "type": "Feature",
      "geometry": {
        "type": "Polygon",
        "coordinates": [
          [
            [
              2.2374842005992552,
              41.44540511998021
            ],
            [
              2.237487127135172,
              41.445405108995736
            ],
            [
              2.237489720277567,
              41.44540303276121
            ],
            [
              2.237521855834666,
              41.44542781191465
            ],
            [
              2.2375047206061285,
              41.4454403929517
            ],
            [
              2.23750472062911,
              41.44544039296944
            ],
            [
              2.237491587253177,
              41.445450035751676
            ],
            [
              2.2375029141559892,
              41.44545894336009
            ],
            [
              2.2374856152352396,
              41.44547139696376
            ],
            [
              2.2374856152504425,
              41.445471396975535
            ],
            [
              2.237434638002036,
              41.44550809577532
            ],
            [
              2.2374347073664898,
              41.44550815032443
            ],
            [
              2.237400109532773,
              41.44553305745706
            ],
            [
              2.2373644351110036,
              41.445505002623875
            ],
            [
              2.237399032942959,
              41.44548009550169
            ],
            [
              2.2374015354737216,
              41.44548206352522
            ],
            [
              2.2374138114059776,
              41.445473226011515
            ],
            [
              2.2374105073831725,
              41.44547066757098
            ],
            [
              2.2374164633174907,
              41.44546521460562
            ],
            [
              2.237416214165364,
              41.445461282919695
            ],
            [
              2.2374158333145484,
              41.445455276076714
            ],
            [
              2.2374158051112865,
              41.445455258881225
            ],
            [
              2.2374411974150905,
              41.44543669374152
            ],
            [
              2.2374842005992552,
              41.44540511998021
            ]
          ]
        ]
      },
      "properties": {
        "intersection_id": "5588597075",
        "modes": [
          "ON_FOOT"
        ],
        "stop_line": [
          2.237418094437163,
          41.445495074117744
        ],
        "waiting_zone_id": "5588597075_w0_straight_ped"
      }
    },
    {
      "type": "Feature",
      "geometry": {
        "type": "Polygon",
        "coordinates": [
          [
            [
              2.2368902955448897,
              41.44491476273621
            ],
            [
              2.2368992002559995,
              41.44490772890734
            ],
            [
              2.2369142391909973,
              41.444895474121076
            ],
            [
              2.2369144921770046,
              41.444895649904694
            ],
            [
              2.2369212899363453,
              41.4448902804098
            ],
            [
              2.2369703106008836,
              41.444925415714664
            ],
            [
              2.2369964677980185,
              41.444943778952116
            ],
            [
              2.236992645709566,
              41.444946861258806
            ],
            [
              2.2370013846853616,
              41.444952622789046
            ],
            [
              2.2369698289190336,
              41.44497972055435
            ],
            [
              2.2369599643910836,
              41.444973216949194
            ],
            [
              2.2369578053005275,
              41.44497495813628
            ],
            [
              2.2369334423061535,
              41.44495785448333
            ],
            [
              2.2369274878044463,
              41.444953717451185
            ],
            [
              2.236927487768335,
              41.44495371748068
            ],
            [
              2.2368993452983816,
              41.444934164804025
            ],
            [
              2.236899345325849,
              41.444934164781536
            ],
            [
              2.2368962677011406,
              41.444932026526
            ],
            [
              2.236896454104828,
              41.44492004620116
            ],
            [
              2.2368902955448897,
              41.44491476273621
            ]
          ]
        ]
      },
      "properties": {
        "intersection_id": "5588597076",
        "modes": [
          "ON_FOOT"
        ],
        "stop_line": [
          2.2369393321104667,
          41.44493742735945
        ],
        "waiting_zone_id": "5588597076_w0_straight_ped"
      }
    },
    {
      "type": "Feature",
      "geometry": {
        "type": "Polygon",
        "coordinates": [
          [
            [
              2.236896287007292,
              41.44493204350211
            ],
            [
              2.236886286522784,
              41.444938643152284
            ],
            [
              2.236886286535145,
              41.44493864316296
            ],
            [
              2.236856624809833,
              41.44495821790738
            ],
            [
              2.2368249629423493,
              41.444979292529005
            ],
            [
              2.23682496293387,
              41.444979292521964
            ],
            [
              2.2368070310303123,
              41.44499122826632
            ],
            [
              2.236802415311063,
              41.44498730229796
            ],
            [
              2.236795155714464,
              41.44499234646164
            ],
            [
              2.2367951556952006,
              41.44499234644621
            ],
            [
              2.2367775667530854,
              41.44500456772478
            ],
            [
              2.2367707278204367,
              41.44499899530199
            ],
            [
              2.2367705843203853,
              41.44499909025052
            ],
            [
              2.236765389039842,
              41.44499464521327
            ],
            [
              2.236745081957981,
              41.44497809879969
            ],
            [
              2.2367456162194514,
              41.44497772757274
            ],
            [
              2.23673896346008,
              41.444972035502495
            ],
            [
              2.2368324684620045,
              41.444910163034656
            ],
            [
              2.236843074639047,
              41.44491923767569
            ],
            [
              2.236872712709593,
              41.44489967852777
            ],
            [
              2.2369028140412475,
              41.44492550225674
            ],
            [
              2.236896454150523,
              41.444920046237414
            ],
            [
              2.236896287007292,
              41.44493204350211
            ]
          ]
        ]
      },
      "properties": {
        "intersection_id": "5588597077",
        "modes": [
          "ON_FOOT"
        ],
        "stop_line": [
          2.2367833105434913,
          41.44497605667928
        ],
        "waiting_zone_id": "5588597077_w0_straight_ped"
      }
    },
    {
      "type": "Feature",
      "geometry": {
        "type": "Polygon",
        "coordinates": [
          [
            [
              2.2367532145431133,
              41.445053624771504
            ],
            [
              2.236735624977013,
              41.44504140395288
            ],
            [
              2.2367681085739965,
              41.44501493416429
            ],
            [
              2.2367745772763516,
              41.44501942847052
            ],
            [
              2.2367871563308577,
              41.445009241251604
            ],
            [
              2.2368262958298537,
              41.4450366026779
            ],
            [
              2.2368263370932246,
              41.44503663157408
            ],
            [
              2.23686903822655,
              41.44506662403823
            ],
            [
              2.236836364176518,
              41.44509296078416
            ],
            [
              2.2368188630178976,
              41.4450806683236
            ],
            [
              2.2368188629601797,
              41.445080668370196
            ],
            [
              2.2368112839240863,
              41.44507534500028
            ],
            [
              2.23679894659639,
              41.445085398297316
            ],
            [
              2.2367813570153223,
              41.44507317748716
            ],
            [
              2.2367813569553476,
              41.44507317753608
            ],
            [
              2.2367532144787257,
              41.44505362482403
            ],
            [
              2.2367532145431133,
              41.445053624771504
            ]
          ]
        ]
      },
      "properties": {
        "intersection_id": "5588597078",
        "modes": [
          "ON_FOOT"
        ],
        "stop_line": [
          2.2367738536615374,
          41.44504344512295
        ],
        "waiting_zone_id": "5588597078_w1_straight_ped"
      }
    },
    {
      "type": "Feature",
      "geometry": {
        "type": "Polygon",
        "coordinates": [
          [
            [
              2.2369127644943823,
              41.445117064997
            ],
            [
              2.2368803573968905,
              41.445090542129826
            ],
            [
              2.236971969062174,
              41.44502716944852
            ],
            [
              2.2369760755001518,
              41.445030530253874
            ],
            [
              2.2370026223685664,
              41.445011838070755
            ],
            [
              2.2370353395756473,
              41.44503814446121
            ],
            [
              2.237017858595636,
              41.44505045318232
            ],
            [
              2.2370178586117175,
              41.445050453195165
            ],
            [
              2.236991158610837,
              41.44506925319894
            ],
            [
              2.2369911206990007,
              41.44506927983562
            ],
            [
              2.236963020698123,
              41.44508897983945
            ],
            [
              2.2369630206823947,
              41.44508897982685
            ],
            [
              2.2369455043296207,
              41.445101259966584
            ],
            [
              2.236940940331668,
              41.445097574306146
            ],
            [
              2.2369303893250803,
              41.44510487299846
            ],
            [
              2.236930389315715,
              41.445104872990896
            ],
            [
              2.2369127644943823,
              41.445117064997
            ]
          ]
        ]
      },
      "properties": {
        "intersection_id": "5588597079",
        "modes": [
          "ON_FOOT"
        ],
        "stop_line": [
          2.23691859197703,
          41.44508856357146
        ],
        "waiting_zone_id": "5588597079_w0_straight_ped"
      }
    },
    {
      "type": "Feature",
      "geometry": {
        "type": "Polygon",
        "coordinates": [
          [
            [
              2.2349880646186424,
              41.44307723191863
            ],
            [
              2.2349474987634506,
              41.44305809205734
            ],
            [
              2.2349602170744847,
              41.443042830084124
            ],
            [
              2.234960217059052,
              41.44304283007677
            ],
            [
              2.2349737170621364,
              41.44302663007912
            ],
            [
              2.234973883211927,
              41.44302643353424
            ],
            [
              2.2350110333412823,
              41.44298310833197
            ],
            [
              2.235027588876115,
              41.442962785677004
            ],
            [
              2.235027618068832,
              41.44296274993523
            ],
            [
              2.2350380180711302,
              41.442950049937025
            ],
            [
              2.235038146463408,
              41.44294989491578
            ],
            [
              2.2350577464677337,
              41.44292649491932
            ],
            [
              2.235057746482277,
              41.44292649492639
            ],
            [
              2.2350705114550244,
              41.44291125511064
            ],
            [
              2.235111018527411,
              41.44293046525233
            ],
            [
              2.235103947099206,
              41.44293890768991
            ],
            [
              2.235116299711718,
              41.442945669055376
            ],
            [
              2.2350430543303346,
              41.443021433226086
            ],
            [
              2.235037677109625,
              41.443018489973014
            ],
            [
              2.2350142007247595,
              41.443045868609566
            ],
            [
              2.2349880646186424,
              41.44307723191863
            ]
          ]
        ]
      },
      "properties": {
        "intersection_id": "5588597255",
        "modes": [
          "ON_FOOT"
        ],
        "stop_line": [
          2.2350793355553735,
          41.442953281494056
        ],
        "waiting_zone_id": "5588597255_w1_straight_ped"
      }
    },
    {
      "type": "Feature",
      "geometry": {
        "type": "Polygon",
        "coordinates": [
          [
            [
              2.234756667713583,
              41.44324095708398
            ],
            [
              2.2347394478914038,
              41.443228442111085
            ],
            [
              2.234772712438412,
              41.443202527946426
            ],
            [
              2.2347899322699227,
              41.44321504292124
            ],
            [
              2.234789932281985,
              41.44321504291179
            ],
            [
              2.234794473107302,
              41.4432183430746
            ],
            [
              2.2348062972334715,
              41.44321248036252
            ],
            [
              2.234819470082653,
              41.44322752244549
            ],
            [
              2.234819470097814,
              41.443227522438015
            ],
            [
              2.234832492782882,
              41.44324239305221
            ],
            [
              2.234838822326524,
              41.44323888031057
            ],
            [
              2.2348672433811916,
              41.44326787524147
            ],
            [
              2.2348207327943475,
              41.44329368746629
            ],
            [
              2.2347962050612624,
              41.44326866445417
            ],
            [
              2.2347952935309485,
              41.44326917390913
            ],
            [
              2.2347872842961283,
              41.44326329617021
            ],
            [
              2.234787284295948,
              41.44326329617041
            ],
            [
              2.234786815195337,
              41.44326295191111
            ],
            [
              2.234774925905246,
              41.44325422671211
            ],
            [
              2.2347621807212286,
              41.44324496381036
            ],
            [
              2.2347566677114217,
              41.44324095708571
            ],
            [
              2.234756667713583,
              41.44324095708398
            ]
          ]
        ]
      },
      "properties": {
        "intersection_id": "5588597261",
        "modes": [
          "ON_FOOT"
        ],
        "stop_line": [
          2.2348172120537866,
          41.443257683413314
        ],
        "waiting_zone_id": "5588597261_w0_straight_ped"
      }
    },
    {
      "type": "Feature",
      "geometry": {
        "type": "Polygon",
        "coordinates": [
          [
            [
              2.234819357506461,
              41.44327083557459
            ],
            [
              2.2348382940714178,
              41.44329002143802
            ],
            [
              2.2348190741074894,
              41.44330076203251
            ],
            [
              2.2348190741265275,
              41.44330076205183
            ],
            [
              2.2348185009170627,
              41.443301082374916
            ],
            [
              2.234826155193767,
              41.44330649576855
            ],
            [
              2.2348097587132596,
              41.44331962195701
            ],
            [
              2.234809758719275,
              41.44331962196122
            ],
            [
              2.234757312046698,
              41.443361608070845
            ],
            [
              2.2347573120256463,
              41.44336160805594
            ],
            [
              2.2347409155472606,
              41.44337473421041
            ],
            [
              2.234706026401951,
              41.44335005917427
            ],
            [
              2.234730823858347,
              41.44333020760728
            ],
            [
              2.2347149082128284,
              41.44331406677605
            ],
            [
              2.2347667301409384,
              41.44328513553397
            ],
            [
              2.234797514264254,
              41.44326793271212
            ],
            [
              2.234797517045163,
              41.44326793310859
            ],
            [
              2.2348005144261194,
              41.44327135581741
            ],
            [
              2.234805324808729,
              41.44326897074798
            ],
            [
              2.234819357506461,
              41.44327083557459
            ]
          ]
        ]
      },
      "properties": {
        "intersection_id": "5588597262",
        "modes": [
          "ON_FOOT"
        ],
        "stop_line": [
          2.2347439665786877,
          41.44334598900839
        ],
        "waiting_zone_id": "5588597262_w0_straight_ped"
      }
    },
    {
      "type": "Feature",
      "geometry": {
        "type": "Polygon",
        "coordinates": [
          [
            [
              2.2346177929752202,
              41.44330918919299
            ],
            [
              2.2346145231690273,
              41.443305288118836
            ],
            [
              2.234655022533273,
              41.44328606850764
            ],
            [
              2.2346677939026907,
              41.443301305370206
            ],
            [
              2.2346677939205386,
              41.44330130536174
            ],
            [
              2.2346755551774966,
              41.44331056492131
            ],
            [
              2.2346910878462047,
              41.44332544211532
            ],
            [
              2.234691087819351,
              41.443325442131176
            ],
            [
              2.234705877595671,
              41.44333960779554
            ],
            [
              2.2346682254951857,
              41.44336186491699
            ],
            [
              2.2346644495227057,
              41.443358248281754
            ],
            [
              2.234660489097431,
              41.44336012774761
            ],
            [
              2.234636375146492,
              41.443331358626985
            ],
            [
              2.2346149707688636,
              41.443310857490225
            ],
            [
              2.2346177929752202,
              41.44330918919299
            ]
          ]
        ]
      },
      "properties": {
        "intersection_id": "5588597263",
        "modes": [
          "ON_FOOT"
        ],
        "stop_line": [
          2.2346685643491138,
          41.44333302926535
        ],
        "waiting_zone_id": "5588597263_w0_straight_ped"
      }
    },
    {
      "type": "Feature",
      "geometry": {
        "type": "Polygon",
        "coordinates": [
          [
            [
              2.235322422151641,
              41.44378609781218
            ],
            [
              2.235322414367467,
              41.44378624351837
            ],
            [
              2.2353154774701895,
              41.443791304088954
            ],
            [
              2.2352869855943758,
              41.443810330790164
            ],
            [
              2.235271809436901,
              41.44379746406038
            ],
            [
              2.235234141968994,
              41.44381833237071
            ],
            [
              2.2352199471760827,
              41.443803826070116
            ],
            [
              2.2352199471750045,
              41.44380382607078
            ],
            [
              2.2352123840622684,
              41.44379609697894
            ],
            [
              2.2351830408537077,
              41.44376610979273
            ],
            [
              2.235221598591446,
              41.44374474826017
            ],
            [
              2.235232891342626,
              41.443756288869366
            ],
            [
              2.2352640015495076,
              41.443735988313556
            ],
            [
              2.23529319706098,
              41.44376131969189
            ],
            [
              2.235322422151641,
              41.44378609781218
            ]
          ]
        ]
      },
      "properties": {
        "intersection_id": "5588597264",
        "modes": [
          "ON_FOOT"
        ],
        "stop_line": [
          2.2352200631242716,
          41.44377356183797
        ],
        "waiting_zone_id": "5588597264_w1_straight_ped"
      }
    },
    {
      "type": "Feature",
      "geometry": {
        "type": "Polygon",
        "coordinates": [
          [
            [
              2.2353901476789684,
              41.44374936121172
            ],
            [
              2.2353922130605532,
              41.44375152821245
            ],
            [
              2.2353955095405524,
              41.44375179533279
            ],
            [
              2.235411478295146,
              41.44374083073817
            ],
            [
              2.2354375073573403,
              41.44376814048135
            ],
            [
              2.235391552359751,
              41.44379293884357
            ],
            [
              2.235391540732687,
              41.44379294512303
            ],
            [
              2.235355078092098,
              41.44381259631725
            ],
            [
              2.2353398119895798,
              41.44382373316721
            ],
            [
              2.2353579185651853,
              41.443836982662425
            ],
            [
              2.235324536304573,
              41.44386281124272
            ],
            [
              2.2352712447268437,
              41.44382381506773
            ],
            [
              2.2353046269883143,
              41.44379798650261
            ],
            [
              2.235305470872637,
              41.443798604016415
            ],
            [
              2.235313402868205,
              41.44379281750912
            ],
            [
              2.2353133284097684,
              41.4437927392729
            ],
            [
              2.2353154750921513,
              41.4437913057911
            ],
            [
              2.235322414349632,
              41.44378624349926
            ],
            [
              2.23532242210452,
              41.443786097811
            ],
            [
              2.2353222648961926,
              41.443785964065114
            ],
            [
              2.2353243032801497,
              41.44378486549607
            ],
            [
              2.235356135135802,
              41.44376164366499
            ],
            [
              2.235356135153832,
              41.44376164367906
            ],
            [
              2.235373323741606,
              41.443749104323324
            ],
            [
              2.235380419091135,
              41.44375461093556
            ],
            [
              2.2353901476789684,
              41.44374936121172
            ]
          ]
        ]
      },
      "properties": {
        "intersection_id": "5588597265",
        "modes": [
          "ON_FOOT"
        ],
        "stop_line": [
          2.235322158967199,
          41.44381152054223
        ],
        "waiting_zone_id": "5588597265_w0_straight_ped"
      }
    },
    {
      "type": "Feature",
      "geometry": {
        "type": "Polygon",
        "coordinates": [
          [
            [
              2.23539550960755,
              41.443751795460074
            ],
            [
              2.2353922130337494,
              41.443751528224865
            ],
            [
              2.2353901476386873,
              41.443749361217336
            ],
            [
              2.2353869999858103,
              41.443751059772396
            ],
            [
              2.235358115545023,
              41.44372724280128
            ],
            [
              2.2353579340669514,
              41.443727091438916
            ],
            [
              2.235327297510302,
              41.44370124831692
            ],
            [
              2.235334063816174,
              41.44369670683204
            ],
            [
              2.235323336700678,
              41.4436869331756
            ],
            [
              2.2353242904381445,
              41.44368634050582
            ],
            [
              2.235324209487602,
              41.443686265405084
            ],
            [
              2.23533555601864,
              41.44367934004792
            ],
            [
              2.235360255978085,
              41.44366399131598
            ],
            [
              2.235360435441471,
              41.443664154794256
            ],
            [
              2.2353613955387246,
              41.443663568798044
            ],
            [
              2.235376477425754,
              41.44367755902142
            ],
            [
              2.235376477461687,
              41.443677558999575
            ],
            [
              2.2354006350102353,
              41.44369996794672
            ],
            [
              2.2354006349725055,
              41.443699967969685
            ],
            [
              2.2354157169126156,
              41.443713958221565
            ],
            [
              2.2354106077989724,
              41.443717076580306
            ],
            [
              2.235426722110114,
              41.44373036381373
            ],
            [
              2.23539550960755,
              41.443751795460074
            ]
          ]
        ]
      },
      "properties": {
        "intersection_id": "5588597266",
        "modes": [
          "ON_FOOT"
        ],
        "stop_line": [
          2.2353782715097146,
          41.44370781870034
        ],
        "waiting_zone_id": "5588597266_w0_straight_ped"
      }
    },
    {
      "type": "Feature",
      "geometry": {
        "type": "Polygon",
        "coordinates": [
          [
            [
              2.2357197871826826,
              41.44347715981897
            ],
            [
              2.2356903995956166,
              41.44344871558223
            ],
            [
              2.2357453639274603,
              41.44341656388485
            ],
            [
              2.2357747515244473,
              41.443445008107794
            ],
            [
              2.235773892184269,
              41.44344551078434
            ],
            [
              2.235781440537991,
              41.44345329579163
            ],
            [
              2.235786959051966,
              41.44345644231093
            ],
            [
              2.2357870043221935,
              41.44345646818659
            ],
            [
              2.235814404319715,
              41.443472168183284
            ],
            [
              2.2358144043097883,
              41.443472168193146
            ],
            [
              2.2358334512480194,
              41.44348308193863
            ],
            [
              2.2358044425882095,
              41.443511745599245
            ],
            [
              2.235772195361297,
              41.44349326816764
            ],
            [
              2.2357648416995426,
              41.443497305107314
            ],
            [
              2.2357469098529896,
              41.443478811028776
            ],
            [
              2.235731745538935,
              41.44347016471383
            ],
            [
              2.2357197871826826,
              41.44347715981897
            ]
          ]
        ]
      },
      "properties": {
        "intersection_id": "5588597267",
        "modes": [
          "ON_FOOT"
        ],
        "stop_line": [
          2.2357510085474095,
          41.44345247395445
        ],
        "waiting_zone_id": "5588597267_w1_straight_ped"
      }
    },
    {
      "type": "Feature",
      "geometry": {
        "type": "MultiPolygon",
        "coordinates": [
          [
            [
              [
                2.235738299863973,
                41.44345130013828
              ],
              [
                2.2357076266620663,
                41.443451930906434
              ],
              [
                2.23570751960784,
                41.44345203726302
              ],
              [
                2.235704533557652,
                41.44344943429243
              ],
              [
                2.235760099813909,
                41.443413343935774
              ],
              [
                2.2357503558526477,
                41.44340801057859
              ],
              [
                2.2358081004178185,
                41.44334827963172
              ],
              [
                2.2358061306506607,
                41.44334677462826
              ],
              [
                2.2358182056573748,
                41.443337826762935
              ],
              [
                2.2358236008595873,
                41.44333224595927
              ],
              [
                2.2358248294079974,
                41.44333291840565
              ],
              [
                2.2358402459635918,
                41.44332149436558
              ],
              [
                2.235892362629863,
                41.44336131412451
              ],
              [
                2.2358779893145626,
                41.44337196510455
              ],
              [
                2.235887015265651,
                41.44338013105801
              ],
              [
                2.2358686086568205,
                41.44339165003665
              ],
              [
                2.2358686086644095,
                41.44339165004355
              ],
              [
                2.235853128093616,
                41.44340133788591
              ],
              [
                2.235813996501323,
                41.443425932045336
              ],
              [
                2.23579160900744,
                41.4434404727712
              ],
              [
                2.2357777408934982,
                41.443449480145
              ],
              [
                2.235777740879407,
                41.4434494801449
              ],
              [
                2.2357539433428175,
                41.44346493649433
              ],
              [
                2.235738299863973,
                41.44345130013828
              ]
            ]
          ],
          [
            [
              [
                2.2357392798715443,
                41.44347446058324
              ],
              [
                2.2357358204892064,
                41.44347670750046
              ],
              [
                2.2357218278713766,
                41.44346450996327
              ],
              [
                2.2357392798715443,
                41.44347446058324
              ]
            ]
          ]
        ]
      },
      "properties": {
        "intersection_id": "5588597268",
        "modes": [
          "ON_FOOT"
        ],
        "stop_line": [
          2.2358253572061026,
          41.443361052423384
        ],
        "waiting_zone_id": "5588597268_w1_straight_ped"
      }
    },
    {
      "type": "Feature",
      "geometry": {
        "type": "Polygon",
        "coordinates": [
          [
            [
              2.2358900470023126,
              41.44336600809646
            ],
            [
              2.2358752569500524,
              41.443351842605594
            ],
            [
              2.23589413724228,
              41.44334068166918
            ],
            [
              2.2359313939720122,
              41.44331805334498
            ],
            [
              2.235985506048908,
              41.443368496330145
            ],
            [
              2.235965941958657,
              41.443380378815235
            ],
            [
              2.23596616445083,
              41.44338059192028
            ],
            [
              2.2359285127508954,
              41.44340284945756
            ],
            [
              2.2359137226616626,
              41.443388683952186
            ],
            [
              2.2359137226396575,
              41.44338868396526
            ],
            [
              2.2358900469927026,
              41.44336600810218
            ],
            [
              2.2358900470023126,
              41.44336600809646
            ]
          ]
        ]
      },
      "properties": {
        "intersection_id": "5588597269",
        "modes": [
          "ON_FOOT"
        ],
        "stop_line": [
          2.23592885098156,
          41.44337401382264
        ],
        "waiting_zone_id": "5588597269_w0_straight_ped"
      }
    },
    {
      "type": "Feature",
      "geometry": {
        "type": "Polygon",
        "coordinates": [
          [
            [
              2.233865603098617,
              41.44243208674738
            ],
            [
              2.2338257933658285,
              41.44241206859363
            ],
            [
              2.2338390952082983,
              41.44239709094895
            ],
            [
              2.2338390951437517,
              41.44239709091644
            ],
            [
              2.233852452386363,
              41.4423820508807
            ],
            [
              2.2338399996173415,
              41.44237526603462
            ],
            [
              2.233854040223253,
              41.44236067520659
            ],
            [
              2.2338540401940095,
              41.44236067519056
            ],
            [
              2.233898394900881,
              41.442314582247
            ],
            [
              2.2338983949382776,
              41.4423145822675
            ],
            [
              2.2339124354756716,
              41.442299991475835
            ],
            [
              2.233951217063709,
              41.44232112143374
            ],
            [
              2.233951013886072,
              41.4423213325328
            ],
            [
              2.233967941588672,
              41.442330405452005
            ],
            [
              2.233895677692959,
              41.44240674324452
            ],
            [
              2.233890551209833,
              41.44240399553913
            ],
            [
              2.233865603098617,
              41.44243208674738
            ]
          ]
        ]
      },
      "properties": {
        "intersection_id": "5588597271",
        "modes": [
          "ON_FOOT"
        ],
        "stop_line": [
          2.233876941132022,
          41.442367592473445
        ],
        "waiting_zone_id": "5588597271_w0_straight_ped"
      }
    },
    {
      "type": "Feature",
      "geometry": {
        "type": "Polygon",
        "coordinates": [
          [
            [
              2.233750584926385,
              41.442257133822906
            ],
            [
              2.233706725392946,
              41.44223281676224
            ],
            [
              2.2337351276074733,
              41.44220381164838
            ],
            [
              2.2337471923741536,
              41.44221050070141
            ],
            [
              2.2337711991134275,
              41.442196051202906
            ],
            [
              2.2337861533400507,
              41.44221011863329
            ],
            [
              2.2337861533580163,
              41.44221011862241
            ],
            [
              2.2338100693644645,
              41.442232616372856
            ],
            [
              2.233810069344346,
              41.44223261638481
            ],
            [
              2.233825023565313,
              41.44224668378898
            ],
            [
              2.233820876724228,
              41.44224917977436
            ],
            [
              2.233833895608154,
              41.44225537474718
            ],
            [
              2.233833895595129,
              41.44225537476266
            ],
            [
              2.2338541295078906,
              41.44226500295816
            ],
            [
              2.233828538310045,
              41.44229545347799
            ],
            [
              2.2337812569357256,
              41.44227295487233
            ],
            [
              2.233772656627036,
              41.44227808484777
            ],
            [
              2.233750584926385,
              41.442257133822906
            ]
          ]
        ]
      },
      "properties": {
        "intersection_id": "5588597274",
        "modes": [
          "ON_FOOT"
        ],
        "stop_line": [
          2.2337876356327753,
          41.44224035201136
        ],
        "waiting_zone_id": "5588597274_w0_straight_ped"
      }
    },
    {
      "type": "Feature",
      "geometry": {
        "type": "Polygon",
        "coordinates": [
          [
            [
              2.2398048894179174,
              41.43849648645974
            ],
            [
              2.239794925930003,
              41.43848698221711
            ],
            [
              2.2397949259099446,
              41.43848698222408
            ],
            [
              2.239794466327021,
              41.438486543819856
            ],
            [
              2.239791678521919,
              41.43848810497603
            ],
            [
              2.2397916784071725,
              41.43848810502682
            ],
            [
              2.2397752540029274,
              41.43849730270724
            ],
            [
              2.2397564413649875,
              41.43847935717486
            ],
            [
              2.239825844869606,
              41.43843815734413
            ],
            [
              2.2398161544067903,
              41.438428976698546
            ],
            [
              2.2398536448330786,
              41.438406568201614
            ],
            [
              2.239893187259745,
              41.43844403025029
            ],
            [
              2.239883709359112,
              41.438449695314596
            ],
            [
              2.2398837102903393,
              41.43844969620299
            ],
            [
              2.239883356539901,
              41.4384499061993
            ],
            [
              2.239855696824931,
              41.43846643876004
            ],
            [
              2.2398556235293414,
              41.43846636932078
            ],
            [
              2.2398048894179174,
              41.43849648645974
            ]
          ]
        ]
      },
      "properties": {
        "intersection_id": "5588597278",
        "modes": [
          "ON_FOOT"
        ],
        "stop_line": [
          2.2398453902178437,
          41.438449499399916
        ],
        "waiting_zone_id": "5588597278_w1_straight_ped"
      }
    },
    {
      "type": "Feature",
      "geometry": {
        "type": "Polygon",
        "coordinates": [
          [
            [
              2.239995801963685,
              41.43870772812338
            ],
            [
              2.239966222161818,
              41.43867939816377
            ],
            [
              2.2399850458886448,
              41.43866826874693
            ],
            [
              2.239985045826995,
              41.43866826868787
            ],
            [
              2.240045311357398,
              41.4386326370142
            ],
            [
              2.2400453114122567,
              41.43863263706677
            ],
            [
              2.240064135257344,
              41.438621507550785
            ],
            [
              2.240093715098891,
              41.438649837502986
            ],
            [
              2.239995801963685,
              41.43870772812338
            ]
          ]
        ]
      },
      "properties": {
        "intersection_id": "5588597279",
        "modes": [
          "ON_FOOT"
        ],
        "stop_line": [
          2.2400045416817127,
          41.4386796513056
        ],
        "waiting_zone_id": "5588597279_w0_straight_ped"
      }
    },
    {
      "type": "Feature",
      "geometry": {
        "type": "Polygon",
        "coordinates": [
          [
            [
              2.2397866719429502,
              41.43864806653568
            ],
            [
              2.2397723452874554,
              41.43863363454459
            ],
            [
              2.2398107026263308,
              41.43861207271971
            ],
            [
              2.239862307985398,
              41.438664057451426
            ],
            [
              2.2398239506326765,
              41.43868561927602
            ],
            [
              2.2398096238741583,
              41.4386711872023
            ],
            [
              2.2398096237779224,
              41.438671187256425
            ],
            [
              2.2397866718506636,
              41.43864806658763
            ],
            [
              2.2397866719429502,
              41.43864806653568
            ]
          ]
        ]
      },
      "properties": {
        "intersection_id": "5588597281",
        "modes": [
          "ON_FOOT"
        ],
        "stop_line": [
          2.239809432204997,
          41.43864089369037
        ],
        "waiting_zone_id": "5588597281_w1_straight_ped"
      }
    },
    {
      "type": "Feature",
      "geometry": {
        "type": "Polygon",
        "coordinates": [
          [
            [
              2.238556808209255,
              41.43934554895104
            ],
            [
              2.2385423978340944,
              41.43933116406975
            ],
            [
              2.2385806302469557,
              41.43930947657039
            ],
            [
              2.2386325234982203,
              41.439361277929684
            ],
            [
              2.2385942910715126,
              41.439382965463146
            ],
            [
              2.238579880680292,
              41.43936858058691
            ],
            [
              2.2385798806606294,
              41.43936858059813
            ],
            [
              2.238556808187079,
              41.439345548963644
            ],
            [
              2.238556808209255,
              41.43934554895104
            ]
          ]
        ]
      },
      "properties": {
        "intersection_id": "5588597282",
        "modes": [
          "ON_FOOT"
        ],
        "stop_line": [
          2.2385953942737573,
          41.43935414062645
        ],
        "waiting_zone_id": "5588597282_w0_straight_ped"
      }
    },
    {
      "type": "Feature",
      "geometry": {
        "type": "Polygon",
        "coordinates": [
          [
            [
              2.2383729594758166,
              41.43937939987752
            ],
            [
              2.238343380062786,
              41.43935106948998
            ],
            [
              2.2383664815751714,
              41.43933741153827
            ],
            [
              2.2383923378575945,
              41.43932212490866
            ],
            [
              2.2383923378609447,
              41.4393221249119
            ],
            [
              2.2384111621233536,
              41.43931099571559
            ],
            [
              2.2384407415255634,
              41.43933932606866
            ],
            [
              2.2384219172653435,
              41.43935045527498
            ],
            [
              2.238421917267108,
              41.43935045527662
            ],
            [
              2.238411351662644,
              41.439356701826725
            ],
            [
              2.2383729594758166,
              41.43937939987752
            ]
          ]
        ]
      },
      "properties": {
        "intersection_id": "5588597283",
        "modes": [
          "ON_FOOT"
        ],
        "stop_line": [
          2.2384024214939373,
          41.43933907239265
        ],
        "waiting_zone_id": "5588597283_w1_straight_ped"
      }
    },
    {
      "type": "Feature",
      "geometry": {
        "type": "Polygon",
        "coordinates": [
          [
            [
              2.2383377606848835,
              41.4393454400931
            ],
            [
              2.2383074344082594,
              41.439317560442824
            ],
            [
              2.2383741439422975,
              41.43927647113671
            ],
            [
              2.2384044702288732,
              41.43930435076967
            ],
            [
              2.2383859455079986,
              41.439315760964
            ],
            [
              2.2383859455280284,
              41.43931576098239
            ],
            [
              2.238356285506125,
              41.439334029887355
            ],
            [
              2.2383562854852133,
              41.43933402986815
            ],
            [
              2.2383377606848835,
              41.4393454400931
            ]
          ]
        ]
      },
      "properties": {
        "intersection_id": "5588597283",
        "modes": [
          "ON_FOOT"
        ],
        "stop_line": [
          2.2383457535549827,
          41.43931723751531
        ],
        "waiting_zone_id": "5588597283_w3_straight_ped"
      }
    },
    {
      "type": "Feature",
      "geometry": {
        "type": "Polygon",
        "coordinates": [
          [
            [
              2.238573458860413,
              41.439564819817384
            ],
            [
              2.2385428073925264,
              41.43953714219714
            ],
            [
              2.238609011347028,
              41.43949562648146
            ],
            [
              2.2386396628012113,
              41.439523304084176
            ],
            [
              2.238621272221431,
              41.43953483661541
            ],
            [
              2.23862127222399,
              41.4395348366177
            ],
            [
              2.2385918494451365,
              41.43955328730178
            ],
            [
              2.2385918494449606,
              41.43955328730157
            ],
            [
              2.238573458860413,
              41.439564819817384
            ]
          ]
        ]
      },
      "properties": {
        "intersection_id": "5588597284",
        "modes": [
          "ON_FOOT"
        ],
        "stop_line": [
          2.2385811213582807,
          41.439536565369615
        ],
        "waiting_zone_id": "5588597284_w0_straight_ped"
      }
    },
    {
      "type": "Feature",
      "geometry": {
        "type": "Polygon",
        "coordinates": [
          [
            [
              2.238372912376169,
              41.439504232494166
            ],
            [
              2.238307535337292,
              41.43944330032757
            ],
            [
              2.2383447876178795,
              41.439420667529
            ],
            [
              2.238356988222488,
              41.439432038628006
            ],
            [
              2.238362170885444,
              41.43942932552854
            ],
            [
              2.238375842080791,
              41.43944411331951
            ],
            [
              2.2383758420834816,
              41.4394441133182
            ],
            [
              2.238397710236696,
              41.43946776753696
            ],
            [
              2.2383977102340937,
              41.43946776753829
            ],
            [
              2.2384113814493847,
              41.43948255532927
            ],
            [
              2.238391218948154,
              41.43949311023855
            ],
            [
              2.238372912376169,
              41.439504232494166
            ]
          ]
        ]
      },
      "properties": {
        "intersection_id": "5588597285",
        "modes": [
          "ON_FOOT"
        ],
        "stop_line": [
          2.2383596082016357,
          41.439458097769595
        ],
        "waiting_zone_id": "5588597285_w1_straight_ped"
      }
    },
    {
      "type": "Feature",
      "geometry": {
        "type": "Polygon",
        "coordinates": [
          [
            [
              2.2371788468468248,
              41.44008124593017
            ],
            [
              2.2371483579990246,
              41.44005346665929
            ],
            [
              2.237186639732598,
              41.44002967578472
            ],
            [
              2.237196358312687,
              41.44002363598951
            ],
            [
              2.2371963583148045,
              41.44002363599148
            ],
            [
              2.2372148166001775,
              41.44001216474211
            ],
            [
              2.237245305457519,
              41.44003994399563
            ],
            [
              2.237201513627886,
              41.44006715924957
            ],
            [
              2.2371973051175615,
              41.44006977470655
            ],
            [
              2.237197305116591,
              41.44006977470568
            ],
            [
              2.2371788468468248,
              41.44008124593017
            ]
          ]
        ]
      },
      "properties": {
        "intersection_id": "5588597286",
        "modes": [
          "ON_FOOT"
        ],
        "stop_line": [
          2.23720698816458,
          41.44004039343075
        ],
        "waiting_zone_id": "5588597286_w1_straight_ped"
      }
    },
    {
      "type": "Feature",
      "geometry": {
        "type": "Polygon",
        "coordinates": [
          [
            [
              2.2373622352159575,
              41.44010266755678
            ],
            [
              2.237308980987738,
              41.44005166131886
            ],
            [
              2.2373466302683007,
              41.440029403296286
            ],
            [
              2.2373614198944582,
              41.440043568609276
            ],
            [
              2.23736141995373,
              41.44004356857425
            ],
            [
              2.2373850949272804,
              41.44006624414159
            ],
            [
              2.237385094868008,
              41.44006624417661
            ],
            [
              2.237399884508732,
              41.440080409482704
            ],
            [
              2.2373622352159575,
              41.44010266755678
            ]
          ]
        ]
      },
      "properties": {
        "intersection_id": "5588597287",
        "modes": [
          "ON_FOOT"
        ],
        "stop_line": [
          2.2373462927165004,
          41.44005823892308
        ],
        "waiting_zone_id": "5588597287_w1_straight_ped"
      }
    },
    {
      "type": "Feature",
      "geometry": {
        "type": "Polygon",
        "coordinates": [
          [
            [
              2.2373788713916785,
              41.440253513217996
            ],
            [
              2.2373468577611684,
              41.44022672279163
            ],
            [
              2.237364658994352,
              41.44021467793259
            ],
            [
              2.237364658966002,
              41.440214677908784
            ],
            [
              2.237393134333641,
              41.440195410591166
            ],
            [
              2.2373931343603126,
              41.44019541061355
            ],
            [
              2.2374109356859875,
              41.44018336567299
            ],
            [
              2.2374429493220807,
              41.44021015608178
            ],
            [
              2.2373788713916785,
              41.440253513217996
            ]
          ]
        ]
      },
      "properties": {
        "intersection_id": "5588597288",
        "modes": [
          "ON_FOOT"
        ],
        "stop_line": [
          2.2374046908234044,
          41.44021181702632
        ],
        "waiting_zone_id": "5588597288_w1_straight_ped"
      }
    },
    {
      "type": "Feature",
      "geometry": {
        "type": "Polygon",
        "coordinates": [
          [
            [
              2.2371133354641297,
              41.440183586501725
            ],
            [
              2.237098925281355,
              41.44016920148989
            ],
            [
              2.2371371586634767,
              41.44014751449891
            ],
            [
              2.2371890513919586,
              41.44019931648042
            ],
            [
              2.237150817995786,
              41.44022100352271
            ],
            [
              2.237136407706415,
              41.44020661842559
            ],
            [
              2.237136407693575,
              41.44020661843296
            ],
            [
              2.2371133354424018,
              41.440183586514124
            ],
            [
              2.2371133354641297,
              41.440183586501725
            ]
          ]
        ]
      },
      "properties": {
        "intersection_id": "5588597289",
        "modes": [
          "ON_FOOT"
        ],
        "stop_line": [
          2.2371360546925656,
          41.440176339270636
        ],
        "waiting_zone_id": "5588597289_w1_straight_ped"
      }
    },
    {
      "type": "Feature",
      "geometry": {
        "type": "Polygon",
        "coordinates": [
          [
            [
              2.2351055815080874,
              41.44137069884043
            ],
            [
              2.235074287348628,
              41.441342355905654
            ],
            [
              2.235111115188509,
              41.441319332174686
            ],
            [
              2.2351264139083082,
              41.44133318813404
            ],
            [
              2.2351264139117224,
              41.441333188131914
            ],
            [
              2.2351319367031297,
              41.44133819009415
            ],
            [
              2.2351428086348704,
              41.44134803673088
            ],
            [
              2.2351474411211156,
              41.441345132063745
            ],
            [
              2.235162766533757,
              41.441358971303806
            ],
            [
              2.2351627665580156,
              41.441358971288665
            ],
            [
              2.235187285442998,
              41.44138111246673
            ],
            [
              2.235187285427546,
              41.44138111247629
            ],
            [
              2.235202610886561,
              41.441394951737585
            ],
            [
              2.2351978695685437,
              41.441397924638146
            ],
            [
              2.235212724568513,
              41.441411397770366
            ],
            [
              2.235212724558809,
              41.44141139777647
            ],
            [
              2.2352280104944917,
              41.44142526174698
            ],
            [
              2.2351911613540625,
              41.44144826620004
            ],
            [
              2.2351758754291904,
              41.4414344022237
            ],
            [
              2.235175875424876,
              41.4414344022265
            ],
            [
              2.2351610487886555,
              41.44142095481258
            ],
            [
              2.235156340893394,
              41.44142389244091
            ],
            [
              2.235127258177362,
              41.44139750209829
            ],
            [
              2.2351166602508283,
              41.44138788528883
            ],
            [
              2.235116660254784,
              41.44138788528619
            ],
            [
              2.2351013788153753,
              41.441374018530496
            ],
            [
              2.235106037358664,
              41.441371111701905
            ],
            [
              2.2351055815080874,
              41.44137069884043
            ]
          ]
        ]
      },
      "properties": {
        "intersection_id": "5588597291",
        "modes": [
          "ON_FOOT"
        ],
        "stop_line": [
          2.235165062378037,
          41.44138918461474
        ],
        "waiting_zone_id": "5588597291_w0_straight_ped"
      }
    },
    {
      "type": "Feature",
      "geometry": {
        "type": "Polygon",
        "coordinates": [
          [
            [
              2.235036297736982,
              41.441566896110444
            ],
            [
              2.2350274951402658,
              41.441559957709906
            ],
            [
              2.235044811475517,
              41.44154751868252
            ],
            [
              2.2350448114663286,
              41.441547518675094
            ],
            [
              2.2351002234822244,
              41.44150771392173
            ],
            [
              2.23510022349159,
              41.44150771392918
            ],
            [
              2.235117539778391,
              41.44149527490526
            ],
            [
              2.2351250795879927,
              41.44150121792686
            ],
            [
              2.2351312880867105,
              41.44149662501602
            ],
            [
              2.235164855108558,
              41.44152231680546
            ],
            [
              2.235158157825525,
              41.44152727127568
            ],
            [
              2.235159616028446,
              41.44152842064551
            ],
            [
              2.235069571339224,
              41.441593103516745
            ],
            [
              2.2350605699743626,
              41.441586008418106
            ],
            [
              2.235060556987605,
              41.44158601774657
            ],
            [
              2.2350529684904585,
              41.441580036359795
            ],
            [
              2.2350360448456392,
              41.441567083172
            ],
            [
              2.235036297736982,
              41.441566896110444
            ]
          ]
        ]
      },
      "properties": {
        "intersection_id": "5588597292",
        "modes": [
          "ON_FOOT"
        ],
        "stop_line": [
          2.2350656714709496,
          41.441557438940904
        ],
        "waiting_zone_id": "5588597292_w0_straight_ped"
      }
    },
    {
      "type": "Feature",
      "geometry": {
        "type": "Polygon",
        "coordinates": [
          [
            [
              2.234918396116033,
              41.44160366871568
            ],
            [
              2.234850230733727,
              41.44156392563741
            ],
            [
              2.234879303888167,
              41.44153569159466
            ],
            [
              2.2348786189106513,
              41.44153510242635
            ],
            [
              2.2349146560566155,
              41.4415113807549
            ],
            [
              2.2349304185467407,
              41.441524939182706
            ],
            [
              2.234930418574784,
              41.44152493916423
            ],
            [
              2.234954004792305,
              41.44154522730418
            ],
            [
              2.234989691019237,
              41.44157581549133
            ],
            [
              2.2349896909917355,
              41.441575815509275
            ],
            [
              2.2350054850470324,
              41.44158935324922
            ],
            [
              2.234969502998827,
              41.44161312225187
            ],
            [
              2.234937185541066,
              41.441585421572654
            ],
            [
              2.234918396116033,
              41.44160366871568
            ]
          ]
        ]
      },
      "properties": {
        "intersection_id": "5588597293",
        "modes": [
          "ON_FOOT"
        ],
        "stop_line": [
          2.234888548893531,
          41.441563477620434
        ],
        "waiting_zone_id": "5588597293_w1_straight_ped"
      }
    },
    {
      "type": "Feature",
      "geometry": {
        "type": "Polygon",
        "coordinates": [
          [
            [
              2.2347744974347403,
              41.44148268147103
            ],
            [
              2.234742033981933,
              41.44145619888228
            ],
            [
              2.2347596310605646,
              41.44144398498504
            ],
            [
              2.2347596310319444,
              41.441443984961495
            ],
            [
              2.2347784339397005,
              41.441430934092466
            ],
            [
              2.23477259182624,
              41.441426042435396
            ],
            [
              2.234790398025666,
              41.44141400137145
            ],
            [
              2.2347903979975823,
              41.44141400134777
            ],
            [
              2.234839197995519,
              41.44138100135454
            ],
            [
              2.234839412693728,
              41.44138085791097
            ],
            [
              2.234905312690213,
              41.44133735791997
            ],
            [
              2.234905312732948,
              41.44133735795677
            ],
            [
              2.23492330949031,
              41.441325478447716
            ],
            [
              2.2349548841216564,
              41.44135256257173
            ],
            [
              2.2349182135145464,
              41.44137676854944
            ],
            [
              2.2349222941033373,
              41.44138009737096
            ],
            [
              2.2347744974347403,
              41.44148268147103
            ]
          ]
        ]
      },
      "properties": {
        "intersection_id": "5588597294",
        "modes": [
          "ON_FOOT"
        ],
        "stop_line": [
          2.2348840661242306,
          41.44138212346881
        ],
        "waiting_zone_id": "5588597294_w1_straight_ped"
      }
    },
    {
      "type": "Feature",
      "geometry": {
        "type": "Polygon",
        "coordinates": [
          [
            [
              2.2318075937876105,
              41.44142035070949
            ],
            [
              2.2317752772513466,
              41.441393766662046
            ],
            [
              2.2317929417492244,
              41.44138160799956
            ],
            [
              2.2317929417248465,
              41.4413816079794
            ],
            [
              2.23181604172404,
              41.44136570798255
            ],
            [
              2.231816067826394,
              41.44136569004248
            ],
            [
              2.231877267824048,
              41.44132369005099
            ],
            [
              2.231877293000359,
              41.4413236727977
            ],
            [
              2.231918412268949,
              41.4412955341621
            ],
            [
              2.2319289028384763,
              41.441284994485194
            ],
            [
              2.2319289028652314,
              41.4412849945004
            ],
            [
              2.231943254135415,
              41.441270576038356
            ],
            [
              2.231949678236653,
              41.44127419652774
            ],
            [
              2.231955165778277,
              41.4412704550026
            ],
            [
              2.231980774157734,
              41.441291721501265
            ],
            [
              2.2319815770688973,
              41.4412921739971
            ],
            [
              2.231981460293997,
              41.44129229128075
            ],
            [
              2.2319873152191376,
              41.4412971535082
            ],
            [
              2.231958590860822,
              41.441316738263815
            ],
            [
              2.2319540007911667,
              41.44131987934946
            ],
            [
              2.2318610504925855,
              41.44141326462693
            ],
            [
              2.231837319329826,
              41.441399890295365
            ],
            [
              2.2318075937876105,
              41.44142035070949
            ]
          ]
        ]
      },
      "properties": {
        "intersection_id": "5588597297",
        "modes": [
          "ON_FOOT"
        ],
        "stop_line": [
          2.2319444764737724,
          41.44129939808209
        ],
        "waiting_zone_id": "5588597297_w1_straight_ped"
      }
    },
    {
      "type": "Feature",
      "geometry": {
        "type": "Polygon",
        "coordinates": [
          [
            [
              2.2356194065398105,
              41.44741340613892
            ],
            [
              2.23559226376765,
              41.447410335259434
            ],
            [
              2.235599384141655,
              41.447374707465514
            ],
            [
              2.2356230601604175,
              41.447377386140026
            ],
            [
              2.2356230601682783,
              41.447377386101024
            ],
            [
              2.235650324688869,
              41.44738047077291
            ],
            [
              2.2356731889731245,
              41.44738285661125
            ],
            [
              2.235673188968459,
              41.44738285663638
            ],
            [
              2.2356969042146577,
              41.44738533125635
            ],
            [
              2.2356959004084165,
              41.44739077713985
            ],
            [
              2.235711108819082,
              41.44739261879133
            ],
            [
              2.2357034999801213,
              41.44742818940062
            ],
            [
              2.235618447403116,
              41.44741788987695
            ],
            [
              2.2356194065398105,
              41.44741340613892
            ]
          ]
        ]
      },
      "properties": {
        "intersection_id": "5588597307",
        "modes": [
          "ON_FOOT"
        ],
        "stop_line": [
          2.235677756862288,
          41.44740682598721
        ],
        "waiting_zone_id": "5588597307_w0_straight_ped"
      }
    },
    {
      "type": "Feature",
      "geometry": {
        "type": "Polygon",
        "coordinates": [
          [
            [
              2.2360794784649887,
              41.44787628549905
            ],
            [
              2.236063947398854,
              41.44786257565358
            ],
            [
              2.2361003904873815,
              41.44783920465183
            ],
            [
              2.2361285828132114,
              41.44786409101021
            ],
            [
              2.2361354291297957,
              41.44785820768069
            ],
            [
              2.236200324290011,
              41.44790095824525
            ],
            [
              2.2361687806595647,
              41.44792806489118
            ],
            [
              2.2361628002068654,
              41.4479241251798
            ],
            [
              2.2361434647626397,
              41.44793548513301
            ],
            [
              2.236128729296713,
              41.44792128691181
            ],
            [
              2.2361287292782093,
              41.44792128692281
            ],
            [
              2.236109845335597,
              41.44790309145226
            ],
            [
              2.2360794784574387,
              41.44787628550397
            ],
            [
              2.2360794784649887,
              41.44787628549905
            ]
          ]
        ]
      },
      "properties": {
        "intersection_id": "5588597308",
        "modes": [
          "ON_FOOT"
        ],
        "stop_line": [
          2.236162035536573,
          41.44789967827628
        ],
        "waiting_zone_id": "5588597308_w0_straight_ped"
      }
    },
    {
      "type": "Feature",
      "geometry": {
        "type": "Polygon",
        "coordinates": [
          [
            [
              2.2376327251631296,
              41.44865372271459
            ],
            [
              2.23761379409807,
              41.44853209962087
            ],
            [
              2.2376613543441217,
              41.44852790889567
            ],
            [
              2.2376641392955534,
              41.448545800829116
            ],
            [
              2.2376641393060903,
              41.44854580082812
            ],
            [
              2.2376775005791276,
              41.448631640151454
            ],
            [
              2.2376775005530547,
              41.44863164015384
            ],
            [
              2.23768028549703,
              41.44864953198239
            ],
            [
              2.2376327251631296,
              41.44865372271459
            ]
          ]
        ]
      },
      "properties": {
        "intersection_id": "5588597309",
        "modes": [
          "ON_FOOT"
        ],
        "stop_line": [
          2.237653024188566,
          41.44862926254246
        ],
        "waiting_zone_id": "5588597309_w0_straight_ped"
      }
    },
    {
      "type": "Feature",
      "geometry": {
        "type": "Polygon",
        "coordinates": [
          [
            [
              2.2379207726482577,
              41.448658818084795
            ],
            [
              2.2379134136769583,
              41.448623217722364
            ],
            [
              2.237937071914051,
              41.44862044932061
            ],
            [
              2.237937071911776,
              41.44862044930918
            ],
            [
              2.237974954670801,
              41.448616016394915
            ],
            [
              2.237974954672993,
              41.4486160164058
            ],
            [
              2.237998612918347,
              41.44861324798975
            ],
            [
              2.2380059719352636,
              41.44864884834716
            ],
            [
              2.2379207726482577,
              41.448658818084795
            ]
          ]
        ]
      },
      "properties": {
        "intersection_id": "5588597310",
        "modes": [
          "ON_FOOT"
        ],
        "stop_line": [
          2.2379466659700147,
          41.448637557384394
        ],
        "waiting_zone_id": "5588597310_w0_straight_ped"
      }
    },
    {
      "type": "Feature",
      "geometry": {
        "type": "Polygon",
        "coordinates": [
          [
            [
              2.23808068917063,
              41.448510038625706
            ],
            [
              2.238078106904462,
              41.44849212956168
            ],
            [
              2.2381257128233463,
              41.4484882438116
            ],
            [
              2.238143279504587,
              41.44861007506721
            ],
            [
              2.238095673497464,
              41.448613960823735
            ],
            [
              2.2380930912142247,
              41.4485960516974
            ],
            [
              2.2380930911799393,
              41.448596051700264
            ],
            [
              2.238080689140631,
              41.4485100386282
            ],
            [
              2.23808068917063,
              41.448510038625706
            ]
          ]
        ]
      },
      "properties": {
        "intersection_id": "5588597311",
        "modes": [
          "ON_FOOT"
        ],
        "stop_line": [
          2.238116248610582,
          41.44858963155041
        ],
        "waiting_zone_id": "5588597311_w0_straight_ped"
      }
    },
    {
      "type": "Feature",
      "geometry": {
        "type": "Polygon",
        "coordinates": [
          [
            [
              2.2371364194623817,
              41.44885078177317
            ],
            [
              2.237103932624777,
              41.44882431294939
            ],
            [
              2.237121522565333,
              41.448812091637976
            ],
            [
              2.2371215225640966,
              41.4488120916369
            ],
            [
              2.2371496458386706,
              41.44879255185728
            ],
            [
              2.2371496458397298,
              41.44879255185824
            ],
            [
              2.237167235780768,
              41.44878033052739
            ],
            [
              2.2371997226227,
              41.448806799333525
            ],
            [
              2.2371821326847767,
              41.44881902066627
            ],
            [
              2.237182132696617,
              41.44881902067581
            ],
            [
              2.23715400942012,
              41.44883856046327
            ],
            [
              2.237154009408457,
              41.44883856045381
            ],
            [
              2.2371364194623817,
              41.44885078177317
            ]
          ]
        ]
      },
      "properties": {
        "intersection_id": "5588597314",
        "modes": [
          "ON_FOOT"
        ],
        "stop_line": [
          2.2371421634737336,
          41.44882227072192
        ],
        "waiting_zone_id": "5588597314_w0_straight_ped"
      }
    },
    {
      "type": "Feature",
      "geometry": {
        "type": "Polygon",
        "coordinates": [
          [
            [
              2.2425130836596003,
              41.44861039759376
            ],
            [
              2.2425054442928687,
              41.448605598511556
            ],
            [
              2.2425852550419383,
              41.44853367933927
            ],
            [
              2.242603987445363,
              41.44854544710186
            ],
            [
              2.2426263730080165,
              41.448558344226356
            ],
            [
              2.242611816621701,
              41.4485726467578
            ],
            [
              2.242611816664852,
              41.44857264678258
            ],
            [
              2.242565192420715,
              41.448618457873984
            ],
            [
              2.2425651923762344,
              41.44861845784846
            ],
            [
              2.242550635932103,
              41.4486327604022
            ],
            [
              2.2425427354260674,
              41.448628208648934
            ],
            [
              2.242542201648834,
              41.44862868963647
            ],
            [
              2.242527057515017,
              41.44861917602993
            ],
            [
              2.2425126168642624,
              41.448610856241125
            ],
            [
              2.2425130836596003,
              41.44861039759376
            ]
          ]
        ]
      },
      "properties": {
        "intersection_id": "5588597318",
        "modes": [
          "ON_FOOT"
        ],
        "stop_line": [
          2.2425430045635677,
          41.448599859210354
        ],
        "waiting_zone_id": "5588597318_w0_straight_ped"
      }
    },
    {
      "type": "Feature",
      "geometry": {
        "type": "Polygon",
        "coordinates": [
          [
            [
              2.242398445313483,
              41.448537664259185
            ],
            [
              2.242388709842928,
              41.448531410313684
            ],
            [
              2.242404256375476,
              41.44851771029598
            ],
            [
              2.2424042563415676,
              41.448517710274146
            ],
            [
              2.2424539699968,
              41.44847390122818
            ],
            [
              2.2424539700293806,
              41.44847390124914
            ],
            [
              2.242469516508195,
              41.4484602012453
            ],
            [
              2.2424922653916433,
              41.448474814817615
            ],
            [
              2.2425091758596203,
              41.44848402624422
            ],
            [
              2.242436135753802,
              41.448559932028616
            ],
            [
              2.2424257365669162,
              41.448554267398535
            ],
            [
              2.2424251272184845,
              41.44855480437676
            ],
            [
              2.24241623095948,
              41.448549089529514
            ],
            [
              2.2423973486089763,
              41.44853880397755
            ],
            [
              2.242398445313483,
              41.448537664259185
            ]
          ]
        ]
      },
      "properties": {
        "intersection_id": "5588597319",
        "modes": [
          "ON_FOOT"
        ],
        "stop_line": [
          2.2424342929753527,
          41.44853112858969
        ],
        "waiting_zone_id": "5588597319_w0_straight_ped"
      }
    },
    {
      "type": "Feature",
      "geometry": {
        "type": "Polygon",
        "coordinates": [
          [
            [
              2.2390693173869756,
              41.451417269590706
            ],
            [
              2.2390516710519033,
              41.45140509374367
            ],
            [
              2.2390840382337216,
              41.451378541180915
            ],
            [
              2.239101684576068,
              41.451390717025426
            ],
            [
              2.2391016845785,
              41.45139071702343
            ],
            [
              2.239158098215407,
              41.45142964196457
            ],
            [
              2.2391580982137875,
              41.451429641965774
            ],
            [
              2.2391757444860816,
              41.45144181773156
            ],
            [
              2.239143377309229,
              41.45146837033707
            ],
            [
              2.2390876321471986,
              41.45142990663875
            ],
            [
              2.239069317384994,
              41.45141726959237
            ],
            [
              2.2390693173869756,
              41.451417269590706
            ]
          ]
        ]
      },
      "properties": {
        "intersection_id": "5588597338",
        "modes": [
          "ON_FOOT"
        ],
        "stop_line": [
          2.2390899125598516,
          41.45140703726233
        ],
        "waiting_zone_id": "5588597338_w1_straight_ped"
      }
    },
    {
      "type": "Feature",
      "geometry": {
        "type": "Polygon",
        "coordinates": [
          [
            [
              2.232088151563348,
              41.44584750598727
            ],
            [
              2.2320486766729806,
              41.445806328251436
            ],
            [
              2.2320875114963457,
              41.445785251628806
            ],
            [
              2.2320913695143054,
              41.44578927603414
            ],
            [
              2.2321077567703744,
              41.44578142526403
            ],
            [
              2.232120615498168,
              41.44579662072207
            ],
            [
              2.232120615517903,
              41.445796620712535
            ],
            [
              2.2321617031142673,
              41.4458451748342
            ],
            [
              2.232161703100455,
              41.445845174840684
            ],
            [
              2.2321745618430864,
              41.445860370280585
            ],
            [
              2.232164018920873,
              41.44586542115842
            ],
            [
              2.232176899062537,
              41.445878982962526
            ],
            [
              2.232137940610973,
              41.445899930109114
            ],
            [
              2.232088151563348,
              41.44584750598727
            ]
          ]
        ]
      },
      "properties": {
        "intersection_id": "5588597469",
        "modes": [
          "ON_FOOT"
        ],
        "stop_line": [
          2.2321382930153693,
          41.44585105114271
        ],
        "waiting_zone_id": "5588597469_w0_straight_ped"
      }
    },
    {
      "type": "Feature",
      "geometry": {
        "type": "Polygon",
        "coordinates": [
          [
            [
              2.232688782165804,
              41.44687400093985
            ],
            [
              2.232666896487886,
              41.44684396349992
            ],
            [
              2.2327088848343966,
              41.44682664408342
            ],
            [
              2.232730858655133,
              41.4468568024687
            ],
            [
              2.2327351421816077,
              41.44685401920451
            ],
            [
              2.232756266325282,
              41.44687242414769
            ],
            [
              2.232775793668871,
              41.44688943780908
            ],
            [
              2.2327757936579067,
              41.44688943781611
            ],
            [
              2.232791441953936,
              41.44690307176992
            ],
            [
              2.232755201083418,
              41.44692661958508
            ],
            [
              2.2327524040207085,
              41.446924182593406
            ],
            [
              2.2327535973968544,
              41.446927234012264
            ],
            [
              2.2327076609112657,
              41.446937404665
            ],
            [
              2.2326833356185842,
              41.44687520685058
            ],
            [
              2.232688782165804,
              41.44687400093985
            ]
          ]
        ]
      },
      "properties": {
        "intersection_id": "5588597472",
        "modes": [
          "ON_FOOT"
        ],
        "stop_line": [
          2.232753761146003,
          41.44689780323499
        ],
        "waiting_zone_id": "5588597472_w0_straight_ped"
      }
    },
    {
      "type": "Feature",
      "geometry": {
        "type": "Polygon",
        "coordinates": [
          [
            [
              2.233938392965236,
              41.44819422243829
            ],
            [
              2.2339196614832315,
              41.448183002573316
            ],
            [
              2.233930338789979,
              41.44817291152054
            ],
            [
              2.233929655411281,
              41.44817244918287
            ],
            [
              2.2339398813110063,
              41.448163893002025
            ],
            [
              2.233949485944627,
              41.44815481572734
            ],
            [
              2.233950210892516,
              41.44815524995982
            ],
            [
              2.233961673329282,
              41.448145659097385
            ],
            [
              2.2340257851326313,
              41.44818903470825
            ],
            [
              2.234021870492796,
              41.448192310183856
            ],
            [
              2.234047560407413,
              41.4482078391733
            ],
            [
              2.234017569401656,
              41.448235925839455
            ],
            [
              2.233998904497629,
              41.44822464332005
            ],
            [
              2.23399890448888,
              41.44822464332831
            ],
            [
              2.2339908828103523,
              41.448219794404
            ],
            [
              2.2339870820966734,
              41.448223386434826
            ],
            [
              2.2339683506107777,
              41.44821216658543
            ],
            [
              2.2339683506031096,
              41.448212166592754
            ],
            [
              2.2339383929506225,
              41.448194222452216
            ],
            [
              2.233938392965236,
              41.44819422243829
            ]
          ]
        ]
      },
      "properties": {
        "intersection_id": "5588597477",
        "modes": [
          "ON_FOOT"
        ],
        "stop_line": [
          2.233987522089228,
          41.44818737350561
        ],
        "waiting_zone_id": "5588597477_w0_straight_ped"
      }
    },
    {
      "type": "Feature",
      "geometry": {
        "type": "Polygon",
        "coordinates": [
          [
            [
              2.2348408670369153,
              41.44888306617967
            ],
            [
              2.2348079527282763,
              41.44885689795755
            ],
            [
              2.2348562780931758,
              41.4488224894579
            ],
            [
              2.2348415674623925,
              41.44880115402527
            ],
            [
              2.2349181100583673,
              41.44877127860059
            ],
            [
              2.234921441276823,
              41.44877610995755
            ],
            [
              2.2349256358112415,
              41.44877312093852
            ],
            [
              2.2349256358241414,
              41.448773120948935
            ],
            [
              2.234943019322866,
              41.44876073347221
            ],
            [
              2.2349759476853444,
              41.4487868916132
            ],
            [
              2.2349576428120814,
              41.448799935635925
            ],
            [
              2.234933164194947,
              41.44881737906277
            ],
            [
              2.2349331451807317,
              41.44881739259747
            ],
            [
              2.2349023511677,
              41.44883928834415
            ],
            [
              2.2348905642132157,
              41.4488476808758
            ],
            [
              2.2348408670369153,
              41.44888306617967
            ]
          ]
        ]
      },
      "properties": {
        "intersection_id": "5588597481",
        "modes": [
          "ON_FOOT"
        ],
        "stop_line": [
          2.2349025689962594,
          41.448797638333694
        ],
        "waiting_zone_id": "5588597481_w1_straight_ped"
      }
    },
    {
      "type": "Feature",
      "geometry": {
        "type": "Polygon",
        "coordinates": [
          [
            [
              2.232891871858727,
              41.451271450659874
            ],
            [
              2.232852701545375,
              41.451250724982955
            ],
            [
              2.2328664754021093,
              41.45123598994734
            ],
            [
              2.232866475380303,
              41.451235989935725
            ],
            [
              2.2329104894527756,
              41.45118890436724
            ],
            [
              2.2329104894824714,
              41.45118890438303
            ],
            [
              2.232924263315924,
              41.451174169336966
            ],
            [
              2.2329634336063333,
              41.451194895023946
            ],
            [
              2.232891871858727,
              41.451271450659874
            ]
          ]
        ]
      },
      "properties": {
        "intersection_id": "5588597482",
        "modes": [
          "ON_FOOT"
        ],
        "stop_line": [
          2.23288950399194,
          41.4512426690248
        ],
        "waiting_zone_id": "5588597482_w0_straight_ped"
      }
    },
    {
      "type": "Feature",
      "geometry": {
        "type": "Polygon",
        "coordinates": [
          [
            [
              2.2326376710232734,
              41.45115523516333
            ],
            [
              2.2325981244706328,
              41.451134917980205
            ],
            [
              2.2326116267693723,
              41.45112004143584
            ],
            [
              2.2326116267312486,
              41.45112004141615
            ],
            [
              2.23263837780851,
              41.45109056760053
            ],
            [
              2.232627259273681,
              41.45108394151005
            ],
            [
              2.2326421261308016,
              41.45106982065712
            ],
            [
              2.2326421260835034,
              41.45106982062875
            ],
            [
              2.232665857314838,
              41.45104728020757
            ],
            [
              2.2326658573509772,
              41.45104728022916
            ],
            [
              2.232680724285672,
              41.45103315928131
            ],
            [
              2.2326869654439063,
              41.451036878700656
            ],
            [
              2.2326954684533087,
              41.451027473466105
            ],
            [
              2.232735064114039,
              41.451047736310215
            ],
            [
              2.232690497928718,
              41.45109703141952
            ],
            [
              2.232690473357702,
              41.451097058572316
            ],
            [
              2.2326376710232734,
              41.45115523516333
            ]
          ]
        ]
      },
      "properties": {
        "intersection_id": "5588597483",
        "modes": [
          "ON_FOOT"
        ],
        "stop_line": [
          2.232680909415959,
          41.45106199568265
        ],
        "waiting_zone_id": "5588597483_w1_straight_ped"
      }
    },
    {
      "type": "Feature",
      "geometry": {
        "type": "Polygon",
        "coordinates": [
          [
            [
              2.2359122818095174,
              41.45402239017741
            ],
            [
              2.2359039637287963,
              41.454012486028795
            ],
            [
              2.2359160643302647,
              41.45400980683676
            ],
            [
              2.235910880537661,
              41.45399655563253
            ],
            [
              2.235920806695539,
              41.45398821132656
            ],
            [
              2.235985001573249,
              41.454031432912714
            ],
            [
              2.2359530651520565,
              41.45405827994213
            ],
            [
              2.2359352223697107,
              41.45404626663782
            ],
            [
              2.2359352223638527,
              41.454046266642884
            ],
            [
              2.235906712922854,
              41.45402707160646
            ],
            [
              2.2359122818095174,
              41.45402239017741
            ]
          ]
        ]
      },
      "properties": {
        "intersection_id": "5588597501",
        "modes": [
          "ON_FOOT"
        ],
        "stop_line": [
          2.2359467298880116,
          41.45402983980463
        ],
        "waiting_zone_id": "5588597501_w0_straight_ped"
      }
    },
    {
      "type": "Feature",
      "geometry": {
        "type": "Polygon",
        "coordinates": [
          [
            [
              2.2358583657469033,
              41.453992494631066
            ],
            [
              2.2358461638038163,
              41.45395611090447
            ],
            [
              2.236009322086454,
              41.45392514070861
            ],
            [
              2.236016502299997,
              41.45394655049866
            ],
            [
              2.2360384500131523,
              41.45397006749843
            ],
            [
              2.236038450011715,
              41.45397006749923
            ],
            [
              2.236052209288889,
              41.45398481056188
            ],
            [
              2.2360480872469637,
              41.45398698792682
            ],
            [
              2.236098316761039,
              41.45401113551743
            ],
            [
              2.236124738254722,
              41.454023352973834
            ],
            [
              2.236099661739482,
              41.454054047024805
            ],
            [
              2.2360730617355413,
              41.45404174702177
            ],
            [
              2.2360727066833124,
              41.45404157960574
            ],
            [
              2.235992206672355,
              41.45400287959668
            ],
            [
              2.2359905573373315,
              41.45400201112623
            ],
            [
              2.2359453153225837,
              41.45397599016681
            ],
            [
              2.2358583657469033,
              41.453992494631066
            ]
          ]
        ]
      },
      "properties": {
        "intersection_id": "5588597501",
        "modes": [
          "ON_FOOT"
        ],
        "stop_line": [
          2.2360003003263804,
          41.453960539318444
        ],
        "waiting_zone_id": "5588597501_w1_straight_ped"
      }
    },
    {
      "type": "Feature",
      "geometry": {
        "type": "Polygon",
        "coordinates": [
          [
            [
              2.2359160641748663,
              41.454009806834215
            ],
            [
              2.235903963615772,
              41.45401248603364
            ],
            [
              2.2359122817592105,
              41.45402239024248
            ],
            [
              2.2359067129061194,
              41.45402707161571
            ],
            [
              2.235910718483485,
              41.454029768522204
            ],
            [
              2.2358768834105343,
              41.45403725996102
            ],
            [
              2.2358525525303055,
              41.45397506284454
            ],
            [
              2.2358984935250907,
              41.45396489102089
            ],
            [
              2.23590525380387,
              41.4539821723023
            ],
            [
              2.23590525386907,
              41.45398217228782
            ],
            [
              2.2359160641748663,
              41.454009806834215
            ]
          ]
        ]
      },
      "properties": {
        "intersection_id": "5588597501",
        "modes": [
          "ON_FOOT"
        ],
        "stop_line": [
          2.235891403660439,
          41.454010572424515
        ],
        "waiting_zone_id": "5588597501_w2_straight_ped"
      }
    },
    {
      "type": "Feature",
      "geometry": {
        "type": "Polygon",
        "coordinates": [
          [
            [
              2.235940657346942,
              41.45397331110571
            ],
            [
              2.235921634848942,
              41.45396237029482
            ],
            [
              2.23595072017987,
              41.45393374806311
            ],
            [
              2.235993749964982,
              41.453958496685345
            ],
            [
              2.235993749955884,
              41.45395849668528
            ],
            [
              2.23601196756617,
              41.45396897454505
            ],
            [
              2.2360188423257075,
              41.45397292855408
            ],
            [
              2.2360201545666913,
              41.453973559411445
            ],
            [
              2.236026271923871,
              41.45397650030554
            ],
            [
              2.2360262719402826,
              41.45397650030565
            ],
            [
              2.236082392437222,
              41.454003479981765
            ],
            [
              2.2360983167612276,
              41.45401113551747
            ],
            [
              2.236101941156713,
              41.45401281146013
            ],
            [
              2.2361451377802517,
              41.4540327857954
            ],
            [
              2.2361247076647475,
              41.4540577926089
            ],
            [
              2.2361304417230787,
              41.454060568195075
            ],
            [
              2.236104529534958,
              41.45409086683122
            ],
            [
              2.2360843928021183,
              41.45408111963905
            ],
            [
              2.2360843927921663,
              41.45408111965094
            ],
            [
              2.236052129740439,
              41.45406550269371
            ],
            [
              2.2360521297485816,
              41.45406550268398
            ],
            [
              2.2360319930760397,
              41.45405575550437
            ],
            [
              2.2360524465459926,
              41.45403183964761
            ],
            [
              2.2359922066725457,
              41.45400287959658
            ],
            [
              2.2359905573373435,
              41.45400201112613
            ],
            [
              2.2359406573328604,
              41.453973311119846
            ],
            [
              2.235940657346942,
              41.45397331110571
            ]
          ]
        ]
      },
      "properties": {
        "intersection_id": "5588597502",
        "modes": [
          "ON_FOOT"
        ],
        "stop_line": [
          2.236092314713133,
          41.45406353353077
        ],
        "waiting_zone_id": "5588597502_w0_straight_ped"
      }
    },
    {
      "type": "Feature",
      "geometry": {
        "type": "Polygon",
        "coordinates": [
          [
            [
              2.2358342808304963,
              41.45435064783919
            ],
            [
              2.2357251193547145,
              41.454318112952926
            ],
            [
              2.235742757854482,
              41.45428461739873
            ],
            [
              2.235765019210247,
              41.45429125227614
            ],
            [
              2.235765019232872,
              41.45429125223334
            ],
            [
              2.235794125415902,
              41.45429992715764
            ],
            [
              2.2357968452425214,
              41.454294826440716
            ],
            [
              2.235819068428593,
              41.454301533338736
            ],
            [
              2.2358190684621544,
              41.45430153327614
            ],
            [
              2.235890174752837,
              41.454322992927004
            ],
            [
              2.2358901747196396,
              41.45432299298892
            ],
            [
              2.2359123981239244,
              41.454329699929154
            ],
            [
              2.2359101823184018,
              41.45433385541969
            ],
            [
              2.235931202237897,
              41.45433988211065
            ],
            [
              2.2359141478435167,
              41.454373548428514
            ],
            [
              2.2358345728195888,
              41.45435073320644
            ],
            [
              2.2358342808304963,
              41.45435064783919
            ]
          ]
        ]
      },
      "properties": {
        "intersection_id": "5588597505",
        "modes": [
          "ON_FOOT"
        ],
        "stop_line": [
          2.2358157093081457,
          41.45431992905957
        ],
        "waiting_zone_id": "5588597505_w1_straight_ped"
      }
    },
    {
      "type": "Feature",
      "geometry": {
        "type": "Polygon",
        "coordinates": [
          [
            [
              2.2388749022186376,
              41.45724479116277
            ],
            [
              2.238873222570533,
              41.457244203340956
            ],
            [
              2.2388833228033054,
              41.45722787001265
            ],
            [
              2.2388833227772746,
              41.45722787000349
            ],
            [
              2.238906065461419,
              41.45719109223521
            ],
            [
              2.238914952793467,
              41.457175778039264
            ],
            [
              2.23891495282306,
              41.45717577804899
            ],
            [
              2.2389245337399895,
              41.45715926871
            ],
            [
              2.2389255401561985,
              41.45715959925159
            ],
            [
              2.238925763852814,
              41.457159237488675
            ],
            [
              2.2389459767006312,
              41.45716631126844
            ],
            [
              2.238968424877142,
              41.457173683943836
            ],
            [
              2.2389681917151507,
              41.457174085708665
            ],
            [
              2.2389691868256456,
              41.45717443397387
            ],
            [
              2.238949728712767,
              41.45720590024692
            ],
            [
              2.2389185919602927,
              41.4572595534993
            ],
            [
              2.2389168951686993,
              41.457258996231516
            ],
            [
              2.238916645587178,
              41.45725939984615
            ],
            [
              2.2388940944796114,
              41.45725150775505
            ],
            [
              2.238874700776649,
              41.45724513826343
            ],
            [
              2.2388749022186376,
              41.45724479116277
            ]
          ]
        ]
      },
      "properties": {
        "intersection_id": "5588597513",
        "modes": [
          "ON_FOOT"
        ],
        "stop_line": [
          2.238907559326662,
          41.457231384932754
        ],
        "waiting_zone_id": "5588597513_w0_straight_ped"
      }
    },
    {
      "type": "Feature",
      "geometry": {
        "type": "Polygon",
        "coordinates": [
          [
            [
              2.2387927152703875,
              41.457130987469895
            ],
            [
              2.238711671667329,
              41.45710878062516
            ],
            [
              2.238718366519756,
              41.45709495323646
            ],
            [
              2.2387183608061005,
              41.4570949516524
            ],
            [
              2.238718888210337,
              41.45709387575647
            ],
            [
              2.238728062166421,
              41.457074928003465
            ],
            [
              2.238728162716851,
              41.45707495555606
            ],
            [
              2.238734930791869,
              41.45706114852848
            ],
            [
              2.23875739767003,
              41.45706738123991
            ],
            [
              2.2387573976818174,
              41.457067381215964
            ],
            [
              2.2387933209472877,
              41.45707734695573
            ],
            [
              2.238793320934952,
              41.45707734698074
            ],
            [
              2.238815787766376,
              41.457083579664825
            ],
            [
              2.2388060942017196,
              41.45710335480829
            ],
            [
              2.2387927152703875,
              41.457130987469895
            ]
          ]
        ]
      },
      "properties": {
        "intersection_id": "5588597515",
        "modes": [
          "ON_FOOT"
        ],
        "stop_line": [
          2.238779419255749,
          41.45709269035015
        ],
        "waiting_zone_id": "5588597515_w0_straight_ped"
      }
    },
    {
      "type": "Feature",
      "geometry": {
        "type": "Polygon",
        "coordinates": [
          [
            [
              2.241895215599044,
              41.45583376186113
            ],
            [
              2.241777473961601,
              41.455803273403546
            ],
            [
              2.2417930605242056,
              41.45576920663775
            ],
            [
              2.241815702093833,
              41.45577506954107
            ],
            [
              2.2418157021057303,
              41.455775069515305
            ],
            [
              2.2418881604371026,
              41.45579383214341
            ],
            [
              2.2418881604251126,
              41.45579383216949
            ],
            [
              2.241910802107814,
              41.45579969507909
            ],
            [
              2.241895215599044,
              41.45583376186113
            ]
          ]
        ]
      },
      "properties": {
        "intersection_id": "5588597528",
        "modes": [
          "ON_FOOT"
        ],
        "stop_line": [
          2.241813569234369,
          41.455793568626795
        ],
        "waiting_zone_id": "5588597528_w1_straight_ped"
      }
    },
    {
      "type": "Feature",
      "geometry": {
        "type": "Polygon",
        "coordinates": [
          [
            [
              2.2410012169881135,
              41.45787411974381
            ],
            [
              2.2409787167065907,
              41.45786795498278
            ],
            [
              2.2409951062286613,
              41.45783410203409
            ],
            [
              2.2409951991093946,
              41.45783412748965
            ],
            [
              2.241001147705644,
              41.457821880356526
            ],
            [
              2.2410820560942644,
              41.45784412019084
            ],
            [
              2.241076138421491,
              41.457856303690185
            ],
            [
              2.2410761515112663,
              41.45785630728131
            ],
            [
              2.241059762048242,
              41.45789016024188
            ],
            [
              2.241037261826445,
              41.45788399551161
            ],
            [
              2.241037261819588,
              41.45788399552585
            ],
            [
              2.241001216980889,
              41.45787411975894
            ],
            [
              2.2410012169881135,
              41.45787411974381
            ]
          ]
        ]
      },
      "properties": {
        "intersection_id": "5588597533",
        "modes": [
          "ON_FOOT"
        ],
        "stop_line": [
          2.2410398315035445,
          41.45786552786519
        ],
        "waiting_zone_id": "5588597533_w0_straight_ped"
      }
    },
    {
      "type": "Feature",
      "geometry": {
        "type": "Polygon",
        "coordinates": [
          [
            [
              2.2409059921705667,
              41.45793906261592
            ],
            [
              2.2408624980187777,
              41.4579239809162
            ],
            [
              2.2409146472537236,
              41.45783886968206
            ],
            [
              2.240958141361319,
              41.45785395136189
            ],
            [
              2.2409481173983163,
              41.45787031121449
            ],
            [
              2.2409481174135095,
              41.457870311219764
            ],
            [
              2.240916016193565,
              41.4579227027299
            ],
            [
              2.240916016180593,
              41.45792270272539
            ],
            [
              2.2409059921705667,
              41.45793906261592
            ]
          ]
        ]
      },
      "properties": {
        "intersection_id": "5588597537",
        "modes": [
          "ON_FOOT"
        ],
        "stop_line": [
          2.240923864358565,
          41.457866860350315
        ],
        "waiting_zone_id": "5588597537_w1_straight_ped"
      }
    },
    {
      "type": "Feature",
      "geometry": {
        "type": "Polygon",
        "coordinates": [
          [
            [
              2.23897340690737,
              41.46123769228016
            ],
            [
              2.2389521287472864,
              41.461229427381056
            ],
            [
              2.2389741027958805,
              41.461197414847746
            ],
            [
              2.2390506310401155,
              41.461227140011786
            ],
            [
              2.239028657018284,
              41.46125915259414
            ],
            [
              2.239007378875053,
              41.461250887717114
            ],
            [
              2.239007378873055,
              41.46125088772013
            ],
            [
              2.238973406900653,
              41.461237692290034
            ],
            [
              2.23897340690737,
              41.46123769228016
            ]
          ]
        ]
      },
      "properties": {
        "intersection_id": "5588597557",
        "modes": [
          "ON_FOOT"
        ],
        "stop_line": [
          2.2389897134559273,
          41.46122375223666
        ],
        "waiting_zone_id": "5588597557_w1_straight_ped"
      }
    },
    {
      "type": "Feature",
      "geometry": {
        "type": "Polygon",
        "coordinates": [
          [
            [
              2.2482858273129738,
              41.44678501509376
            ],
            [
              2.2481984691304837,
              41.44671828187097
            ],
            [
              2.2482325839242114,
              41.44669299979407
            ],
            [
              2.2482493846112255,
              41.44670583391185
            ],
            [
              2.2482493846468516,
              41.44670583388542
            ],
            [
              2.2483031413292167,
              41.4467468987978
            ],
            [
              2.2483031412933223,
              41.44674689882435
            ],
            [
              2.248319942085683,
              41.44675973299109
            ],
            [
              2.2482858273129738,
              41.44678501509376
            ]
          ]
        ]
      },
      "properties": {
        "intersection_id": "5588789860",
        "modes": [
          "ON_FOOT"
        ],
        "stop_line": [
          2.248236527438463,
          41.44672168346678
        ],
        "waiting_zone_id": "5588789860_w1_straight_ped"
      }
    },
    {
      "type": "Feature",
      "geometry": {
        "type": "Polygon",
        "coordinates": [
          [
            [
              2.248042409208657,
              41.45602191655207
            ],
            [
              2.2480372921184095,
              41.455965043516365
            ],
            [
              2.2480850735966404,
              41.45596261040696
            ],
            [
              2.2480866907096844,
              41.45598058344362
            ],
            [
              2.248086690741818,
              41.45598058344195
            ],
            [
              2.248087501234443,
              41.455989591455406
            ],
            [
              2.2480949673647825,
              41.45597910807105
            ],
            [
              2.2481371810355397,
              41.4559961230184
            ],
            [
              2.2481341780318034,
              41.4560003396061
            ],
            [
              2.248155124522046,
              41.45601203318726
            ],
            [
              2.2481408550890642,
              41.45602649939915
            ],
            [
              2.2481408551075015,
              41.45602649940934
            ],
            [
              2.2481180788857573,
              41.45604958969872
            ],
            [
              2.2481180788703345,
              41.456049589690174
            ],
            [
              2.248103809398987,
              41.456064055919526
            ],
            [
              2.2480937563467323,
              41.45605844371473
            ],
            [
              2.248094288887525,
              41.456064262668995
            ],
            [
              2.248094288863602,
              41.45606426267032
            ],
            [
              2.2480959335887323,
              41.456082234303096
            ],
            [
              2.24804815581379,
              41.45608470894862
            ],
            [
              2.2480424110924457,
              41.45602193733536
            ],
            [
              2.248042409208657,
              41.45602191655207
            ]
          ]
        ]
      },
      "properties": {
        "intersection_id": "5588789872",
        "modes": [
          "ON_FOOT"
        ],
        "stop_line": [
          2.248102416950013,
          41.45603523820995
        ],
        "waiting_zone_id": "5588789872_w0_straight_ped"
      }
    },
    {
      "type": "Feature",
      "geometry": {
        "type": "Polygon",
        "coordinates": [
          [
            [
              2.247819897603168,
              41.455832883061284
            ],
            [
              2.2478190515135945,
              41.45582973863606
            ],
            [
              2.247824034781518,
              41.455828979741625
            ],
            [
              2.2478442725706884,
              41.45580703088194
            ],
            [
              2.2478722596917855,
              41.45582163567553
            ],
            [
              2.248016277784863,
              41.455799703313254
            ],
            [
              2.248025779631057,
              41.45583501542261
            ],
            [
              2.248002310319715,
              41.45583858954742
            ],
            [
              2.248002310326224,
              41.455838589570824
            ],
            [
              2.2479267881844707,
              41.45585009075735
            ],
            [
              2.2479509478282416,
              41.45586269820084
            ],
            [
              2.2479512508443666,
              41.45586285896223
            ],
            [
              2.248029757102638,
              41.45590519588187
            ],
            [
              2.2480683147056153,
              41.45589449850973
            ],
            [
              2.2480683937909633,
              41.45589447667512
            ],
            [
              2.248117489125084,
              41.45588100314448
            ],
            [
              2.2481339015046085,
              41.455914849732466
            ],
            [
              2.2481114061734306,
              41.45592102326985
            ],
            [
              2.2481114061856364,
              41.45592102329436
            ],
            [
              2.248084845756619,
              41.455928312434835
            ],
            [
              2.2480520852757224,
              41.455937401470855
            ],
            [
              2.2480520852621173,
              41.45593740144393
            ],
            [
              2.248029618908047,
              41.45594363447829
            ],
            [
              2.2480254803915423,
              41.45593519213461
            ],
            [
              2.2480179107356064,
              41.45594313626736
            ],
            [
              2.2479984491404634,
              41.455932641016894
            ],
            [
              2.2479984491310683,
              41.455932641027026
            ],
            [
              2.2479234998029085,
              41.45589222227689
            ],
            [
              2.24786174478436,
              41.45585999610431
            ],
            [
              2.2478520225879857,
              41.45586147667737
            ],
            [
              2.2478520225811414,
              41.455861476652096
            ],
            [
              2.2478285532340734,
              41.45586505074332
            ],
            [
              2.2478270028784944,
              41.45585928898431
            ],
            [
              2.247828132768029,
              41.45583308402466
            ],
            [
              2.247819897603168,
              41.455832883061284
            ]
          ]
        ]
      },
      "properties": {
        "intersection_id": "5588789873",
        "modes": [
          "ON_FOOT"
        ],
        "stop_line": [
          2.247991692088711,
          41.45582182705379
        ],
        "waiting_zone_id": "5588789873_w1_straight_ped"
      }
    },
    {
      "type": "Feature",
      "geometry": {
        "type": "Polygon",
        "coordinates": [
          [
            [
              2.2477727117260176,
              41.455899563753306
            ],
            [
              2.247733569307538,
              41.455878805171416
            ],
            [
              2.247747365969193,
              41.45586408172371
            ],
            [
              2.247747365966534,
              41.45586408172221
            ],
            [
              2.2477605084729375,
              41.45585005636913
            ],
            [
              2.2477804003858974,
              41.45582882819751
            ],
            [
              2.2477810435910315,
              41.45581391124239
            ],
            [
              2.247828909101686,
              41.455815079298965
            ],
            [
              2.2478285194614274,
              41.45582411616721
            ],
            [
              2.2478240348019516,
              41.4558289796898
            ],
            [
              2.2478190516003504,
              41.45582973877365
            ],
            [
              2.2478198976999955,
              41.45583288306833
            ],
            [
              2.2478281327660747,
              41.45583308402664
            ],
            [
              2.2478279263739953,
              41.45583787078273
            ],
            [
              2.247828000676418,
              41.45583614778282
            ],
            [
              2.2478255329360057,
              41.45589338124096
            ],
            [
              2.247822163100248,
              41.45597218406332
            ],
            [
              2.247774297043636,
              41.45597102560397
            ],
            [
              2.247775066999881,
              41.45595302076642
            ],
            [
              2.247775066984008,
              41.45595302076591
            ],
            [
              2.2477775749322877,
              41.45589437386152
            ],
            [
              2.2477727117260176,
              41.455899563753306
            ]
          ]
        ]
      },
      "properties": {
        "intersection_id": "5588789874",
        "modes": [
          "ON_FOOT"
        ],
        "stop_line": [
          2.2477855511541858,
          41.45585459662664
        ],
        "waiting_zone_id": "5588789874_w1_straight_ped"
      }
    },
    {
      "type": "Feature",
      "geometry": {
        "type": "Polygon",
        "coordinates": [
          [
            [
              2.2481970913951947,
              41.45345469099252
            ],
            [
              2.2481604954242616,
              41.45343145275567
            ],
            [
              2.24817593954144,
              41.453417686644215
            ],
            [
              2.2481759394713063,
              41.45341768659959
            ],
            [
              2.2482006177426626,
              41.453395689609025
            ],
            [
              2.2482006178132394,
              41.45339568965392
            ],
            [
              2.2482160619846208,
              41.45338192347347
            ],
            [
              2.2482526579252378,
              41.45340516169262
            ],
            [
              2.2481970913951947,
              41.45345469099252
            ]
          ]
        ]
      },
      "properties": {
        "intersection_id": "5588789880",
        "modes": [
          "ON_FOOT"
        ],
        "stop_line": [
          2.2482150546814617,
          41.45341075026274
        ],
        "waiting_zone_id": "5588789880_w1_straight_ped"
      }
    },
    {
      "type": "Feature",
      "geometry": {
        "type": "Polygon",
        "coordinates": [
          [
            [
              2.247114471711172,
              41.46199177749984
            ],
            [
              2.247079553843809,
              41.461967294822664
            ],
            [
              2.2471010988221805,
              41.46194990728047
            ],
            [
              2.247089742923678,
              41.46194259696024
            ],
            [
              2.2471208840731496,
              41.461915223785745
            ],
            [
              2.247139078736324,
              41.4619269364897
            ],
            [
              2.2471390787374053,
              41.46192693648875
            ],
            [
              2.247168198833222,
              41.46194568235341
            ],
            [
              2.2471681988286267,
              41.461945682357346
            ],
            [
              2.247186393461395,
              41.461957395023234
            ],
            [
              2.247163966931686,
              41.46197710803044
            ],
            [
              2.2471653384044132,
              41.46197805981706
            ],
            [
              2.2471653383937853,
              41.46197805982571
            ],
            [
              2.247182939584995,
              41.46199027486162
            ],
            [
              2.247150462798024,
              41.462016755213575
            ],
            [
              2.247114561566022,
              41.4619918401775
            ],
            [
              2.247114471711172,
              41.46199177749984
            ]
          ]
        ]
      },
      "properties": {
        "intersection_id": "5588790735",
        "modes": [
          "ON_FOOT"
        ],
        "stop_line": [
          2.247128056830133,
          41.46194355124977
        ],
        "waiting_zone_id": "5588790735_w1_straight_ped"
      }
    },
    {
      "type": "Feature",
      "geometry": {
        "type": "Polygon",
        "coordinates": [
          [
            [
              2.248449363779218,
              41.45770506087661
            ],
            [
              2.2484486484234014,
              41.45768705470214
            ],
            [
              2.248496519125966,
              41.45768597839226
            ],
            [
              2.2485013826052818,
              41.45780839426804
            ],
            [
              2.2484535118127145,
              41.45780947057917
            ],
            [
              2.24845279645845,
              41.45779146449527
            ],
            [
              2.2484527964554157,
              41.45779146449539
            ],
            [
              2.248449363769223,
              41.45770506087694
            ],
            [
              2.248449363779218,
              41.45770506087661
            ]
          ]
        ]
      },
      "properties": {
        "intersection_id": "5588790770",
        "modes": [
          "ON_FOOT"
        ],
        "stop_line": [
          2.2484765530028064,
          41.457786424811815
        ],
        "waiting_zone_id": "5588790770_w0_straight_ped"
      }
    },
    {
      "type": "Feature",
      "geometry": {
        "type": "Polygon",
        "coordinates": [
          [
            [
              2.24813894300271,
              41.45771008405118
            ],
            [
              2.248138552541214,
              41.45769207228033
            ],
            [
              2.2481864382521293,
              41.4576914847881
            ],
            [
              2.248186970663309,
              41.457716044243995
            ],
            [
              2.2481872579781457,
              41.45772929750184
            ],
            [
              2.248200602221325,
              41.45772914621878
            ],
            [
              2.2482010288667174,
              41.45772219952087
            ],
            [
              2.248201822365637,
              41.457709279636575
            ],
            [
              2.2482018223668856,
              41.457709279636646
            ],
            [
              2.2482029275629865,
              41.45769128466871
            ],
            [
              2.248250768605621,
              41.45769294749381
            ],
            [
              2.248247907631443,
              41.45773953090177
            ],
            [
              2.2482484106378,
              41.45776463657829
            ],
            [
              2.2481401032521333,
              41.4577658645577
            ],
            [
              2.2481395069177825,
              41.45773609757249
            ],
            [
              2.2481389429946796,
              41.45771008405132
            ],
            [
              2.24813894300271,
              41.45771008405118
            ]
          ]
        ]
      },
      "properties": {
        "intersection_id": "5588790771",
        "modes": [
          "ON_FOOT"
        ],
        "stop_line": [
          2.248163413182061,
          41.45773411520926
        ],
        "waiting_zone_id": "5588790771_w0_straight_ped"
      }
    },
    {
      "type": "Feature",
      "geometry": {
        "type": "Polygon",
        "coordinates": [
          [
            [
              2.2482479235465553,
              41.45802176779828
            ],
            [
              2.24816358517869,
              41.458008058243514
            ],
            [
              2.248173700440227,
              41.45797284265951
            ],
            [
              2.248179442062244,
              41.45797377600081
            ],
            [
              2.248179858139551,
              41.45797213293375
            ],
            [
              2.248203381251063,
              41.45797550408429
            ],
            [
              2.248203381251903,
              41.45797550408107
            ],
            [
              2.248234743987739,
              41.457979998740605
            ],
            [
              2.248263106737294,
              41.45798399349396
            ],
            [
              2.248263106737014,
              41.457983993495034
            ],
            [
              2.2482866438943963,
              41.45798730858212
            ],
            [
              2.2482778304443976,
              41.458022721597914
            ],
            [
              2.24825429326086,
              41.45801940650347
            ],
            [
              2.2482542932603877,
              41.45801940650575
            ],
            [
              2.2482488230898943,
              41.458018636059734
            ],
            [
              2.2482479235465553,
              41.45802176779828
            ]
          ]
        ]
      },
      "properties": {
        "intersection_id": "5588790772",
        "modes": [
          "ON_FOOT"
        ],
        "stop_line": [
          2.248197900266913,
          41.457995206379124
        ],
        "waiting_zone_id": "5588790772_w1_straight_ped"
      }
    },
    {
      "type": "Feature",
      "geometry": {
        "type": "Polygon",
        "coordinates": [
          [
            [
              2.2482768921421763,
              41.457988824779534
            ],
            [
              2.2484750415533004,
              41.45796269290054
            ],
            [
              2.2484833113397626,
              41.457998180052655
            ],
            [
              2.248479476991575,
              41.45799868571867
            ],
            [
              2.2484805276160786,
              41.45800414973188
            ],
            [
              2.24845682809241,
              41.45800672861569
            ],
            [
              2.2484568280927513,
              41.458006728617036
            ],
            [
              2.2483842461915904,
              41.458014626647504
            ],
            [
              2.248315164169341,
              41.45802222467007
            ],
            [
              2.248315164167819,
              41.45802222466281
            ],
            [
              2.248291469909691,
              41.4580248306765
            ],
            [
              2.2482912139869953,
              41.4580235137837
            ],
            [
              2.2482851618008763,
              41.458024311927524
            ],
            [
              2.2482814252435834,
              41.45800827753525
            ],
            [
              2.248286584692402,
              41.45798754654463
            ],
            [
              2.2482768921421763,
              41.457988824779534
            ]
          ]
        ]
      },
      "properties": {
        "intersection_id": "5588790773",
        "modes": [
          "ON_FOOT"
        ],
        "stop_line": [
          2.248310510019524,
          41.45800268016618
        ],
        "waiting_zone_id": "5588790773_w0_straight_ped"
      }
    },
    {
      "type": "Feature",
      "geometry": {
        "type": "Polygon",
        "coordinates": [
          [
            [
              2.2485110075952695,
              41.45911395034394
            ],
            [
              2.2485045363771117,
              41.45907825241407
            ],
            [
              2.248511000126195,
              41.4590775893219
            ],
            [
              2.248510148874891,
              41.45907287374903
            ],
            [
              2.2486033776092333,
              41.45906334967998
            ],
            [
              2.248603397730399,
              41.45906334762952
            ],
            [
              2.2487000291713297,
              41.45905353866281
            ],
            [
              2.248700849768821,
              41.45905811337904
            ],
            [
              2.248703877204372,
              41.45905780279226
            ],
            [
              2.248710348530151,
              41.45909350071195
            ],
            [
              2.248686621594128,
              41.45909593478736
            ],
            [
              2.2486866215954793,
              41.45909593479395
            ],
            [
              2.248534734569364,
              41.45911151630919
            ],
            [
              2.2485347345680133,
              41.459111516302485
            ],
            [
              2.2485110075952695,
              41.45911395034394
            ]
          ]
        ]
      },
      "properties": {
        "intersection_id": "5588790775",
        "modes": [
          "ON_FOOT"
        ],
        "stop_line": [
          2.2486774542015917,
          41.45907869435179
        ],
        "waiting_zone_id": "5588790775_w1_straight_ped"
      }
    },
    {
      "type": "Feature",
      "geometry": {
        "type": "MultiPolygon",
        "coordinates": [
          [
            [
              [
                2.2485229011789256,
                41.45978607401209
              ],
              [
                2.2484394077709497,
                41.459781871326896
              ],
              [
                2.248442605341906,
                41.45974592338964
              ],
              [
                2.248466498772725,
                41.45974712607966
              ],
              [
                2.248466498777205,
                41.459747126031644
              ],
              [
                2.2485258943854753,
                41.45975011574321
              ],
              [
                2.248573789786904,
                41.45975190808671
              ],
              [
                2.2485737897847877,
                41.45975190811542
              ],
              [
                2.248597706955509,
                41.4597528031379
              ],
              [
                2.2485953273981454,
                41.45978878696961
              ],
              [
                2.2485233101432804,
                41.45978609193989
              ],
              [
                2.2485229011789256,
                41.45978607401209
              ]
            ]
          ],
          [
            [
              [
                2.248709766166308,
                41.45975706978661
              ],
              [
                2.2486638794008065,
                41.4597673896641
              ],
              [
                2.248645603928326,
                41.45972140472346
              ],
              [
                2.2486662991848965,
                41.459716750396225
              ],
              [
                2.248666690635235,
                41.45971666235976
              ],
              [
                2.248666686596362,
                41.45971665216264
              ],
              [
                2.2486784867882776,
                41.459714009421866
              ],
              [
                2.248687770784325,
                41.45971192146335
              ],
              [
                2.2486914907526576,
                41.45971108484706
              ],
              [
                2.2486914952181087,
                41.45971109608314
              ],
              [
                2.248730117738495,
                41.459702446288446
              ],
              [
                2.2487316876693395,
                41.45970201702723
              ],
              [
                2.248761089208299,
                41.45969397783109
              ],
              [
                2.248808600752297,
                41.459680877561965
              ],
              [
                2.2488085915224025,
                41.45968085854593
              ],
              [
                2.2488300973568016,
                41.45967495035455
              ],
              [
                2.248835042780634,
                41.45967358675038
              ],
              [
                2.2488350449166674,
                41.45967359111578
              ],
              [
                2.248849285285532,
                41.45966967892637
              ],
              [
                2.248849285291102,
                41.459669678938475
              ],
              [
                2.2488717789444386,
                41.45966349935816
              ],
              [
                2.2488882083819153,
                41.459697341515096
              ],
              [
                2.248870864313753,
                41.45970210636548
              ],
              [
                2.2488731945317237,
                41.45970799418296
              ],
              [
                2.248745144251751,
                41.45973667209077
              ],
              [
                2.2487059218891474,
                41.459747396581214
              ],
              [
                2.248709766166308,
                41.45975706978661
              ]
            ]
          ]
        ]
      },
      "properties": {
        "intersection_id": "5588790777",
        "modes": [
          "ON_FOOT"
        ],
        "stop_line": [
          2.24870220858873,
          41.45972749228925
        ],
        "waiting_zone_id": "5588790777_w0_straight_ped"
      }
    },
    {
      "type": "Feature",
      "geometry": {
        "type": "Polygon",
        "coordinates": [
          [
            [
              2.2522575995735217,
              41.459135046685525
            ],
            [
              2.252209755648766,
              41.45908106164774
            ],
            [
              2.2522496046865514,
              41.45906107620518
            ],
            [
              2.2522974486527954,
              41.45911506124406
            ],
            [
              2.2522575995735217,
              41.459135046685525
            ]
          ]
        ]
      },
      "properties": {
        "intersection_id": "5588790788",
        "modes": [
          "ON_FOOT"
        ],
        "stop_line": [
          2.252260919715328,
          41.45910631829655
        ],
        "waiting_zone_id": "5588790788_w0_straight_ped"
      }
    },
    {
      "type": "Feature",
      "geometry": {
        "type": "Polygon",
        "coordinates": [
          [
            [
              2.252146870873228,
              41.458882764817965
            ],
            [
              2.2521291946323667,
              41.45882640367179
            ],
            [
              2.252175807837434,
              41.45881813064074
            ],
            [
              2.2521787810972,
              41.45882761096989
            ],
            [
              2.252195956253122,
              41.45882358236313
            ],
            [
              2.252203084399717,
              41.45884077996172
            ],
            [
              2.2522030844326353,
              41.45884077995401
            ],
            [
              2.25221450220358,
              41.45886832681802
            ],
            [
              2.2522145021701236,
              41.458868326826
            ],
            [
              2.2522216303034504,
              41.45888552436752
            ],
            [
              2.2521984616742916,
              41.458890958800374
            ],
            [
              2.2522074508047414,
              41.45892070695869
            ],
            [
              2.252207450775779,
              41.458920706963745
            ],
            [
              2.2522127587848177,
              41.45893827297946
            ],
            [
              2.2521660571455056,
              41.4589462590719
            ],
            [
              2.252146870873228,
              41.458882764817965
            ]
          ]
        ]
      },
      "properties": {
        "intersection_id": "5588790789",
        "modes": [
          "ON_FOOT"
        ],
        "stop_line": [
          2.252182005509339,
          41.45885044161705
        ],
        "waiting_zone_id": "5588790789_w1_straight_ped"
      }
    },
    {
      "type": "Feature",
      "geometry": {
        "type": "Polygon",
        "coordinates": [
          [
            [
              2.252468800978895,
              41.45878006331585
            ],
            [
              2.252456038070316,
              41.45874533782016
            ],
            [
              2.2526017185157126,
              41.45871503725826
            ],
            [
              2.2526017269403567,
              41.458715035491885
            ],
            [
              2.252736509690517,
              41.458687041223776
            ],
            [
              2.252749255912154,
              41.45872177018839
            ],
            [
              2.252726173098642,
              41.45872656448193
            ],
            [
              2.2527261730993433,
              41.45872656448301
            ],
            [
              2.2526667599367203,
              41.458738904564804
            ],
            [
              2.2526463079621326,
              41.45881531961957
            ],
            [
              2.252599357208165,
              41.458808208373526
            ],
            [
              2.2526040837506836,
              41.45879054860183
            ],
            [
              2.2526040837442736,
              41.45879054860071
            ],
            [
              2.2526150303453587,
              41.458749648744906
            ],
            [
              2.252614986380949,
              41.45874965787513
            ],
            [
              2.2526144775368433,
              41.45874976356137
            ],
            [
              2.2524918814636434,
              41.45877526274492
            ],
            [
              2.252491881462254,
              41.45877526274169
            ],
            [
              2.252468800978895,
              41.45878006331585
            ]
          ]
        ]
      },
      "properties": {
        "intersection_id": "5588790790",
        "modes": [
          "ON_FOOT"
        ],
        "stop_line": [
          2.25264151495277,
          41.458741960831674
        ],
        "waiting_zone_id": "5588790790_w1_straight_ped"
      }
    },
    {
      "type": "Feature",
      "geometry": {
        "type": "Polygon",
        "coordinates": [
          [
            [
              2.252406727433615,
              41.45876515984048
            ],
            [
              2.252360928639681,
              41.45875462272507
            ],
            [
              2.2523973612672403,
              41.45866500988026
            ],
            [
              2.252443160027484,
              41.458675546963825
            ],
            [
              2.2524361564930437,
              41.45869277350594
            ],
            [
              2.25243615653851,
              41.45869277351644
            ],
            [
              2.2524137310171963,
              41.45874793335201
            ],
            [
              2.252413730967549,
              41.45874793334053
            ],
            [
              2.252406727433615,
              41.45876515984048
            ]
          ]
        ]
      },
      "properties": {
        "intersection_id": "5588790790",
        "modes": [
          "ON_FOOT"
        ],
        "stop_line": [
          2.252392582505939,
          41.45873835817432
        ],
        "waiting_zone_id": "5588790790_w3_straight_ped"
      }
    },
    {
      "type": "Feature",
      "geometry": {
        "type": "Polygon",
        "coordinates": [
          [
            [
              2.2473407103861893,
              41.46173139999597
            ],
            [
              2.2472565586123534,
              41.46171727279463
            ],
            [
              2.247262457794545,
              41.461697388796715
            ],
            [
              2.2472686784514266,
              41.461673160221366
            ],
            [
              2.2472921914957342,
              41.46167657626381
            ],
            [
              2.2472921914984427,
              41.461676576253296
            ],
            [
              2.2473225119929023,
              41.46168098130495
            ],
            [
              2.2473533599373723,
              41.46168546296624
            ],
            [
              2.2473522127792807,
              41.461689930890074
            ],
            [
              2.247372862591207,
              41.46169293816777
            ],
            [
              2.2473637592448577,
              41.46172830967771
            ],
            [
              2.247342543829846,
              41.46172522008055
            ],
            [
              2.2473407103861893,
              41.46173139999597
            ]
          ]
        ]
      },
      "properties": {
        "intersection_id": "5631458674",
        "modes": [
          "ON_FOOT"
        ],
        "stop_line": [
          2.2473194275539816,
          41.461698880239496
        ],
        "waiting_zone_id": "5631458674_w0_straight_ped"
      }
    },
    {
      "type": "Feature",
      "geometry": {
        "type": "Polygon",
        "coordinates": [
          [
            [
              2.2479206578006465,
              41.454312082309706
            ],
            [
              2.247873658348783,
              41.45431133295309
            ],
            [
              2.2478741657032537,
              41.454293322812525
            ],
            [
              2.247874165698527,
              41.45429332281242
            ],
            [
              2.2478749775266476,
              41.45426450434862
            ],
            [
              2.247874977532801,
              41.45426450434873
            ],
            [
              2.2478754848855687,
              41.45424649423698
            ],
            [
              2.247897880846656,
              41.454246851315204
            ],
            [
              2.2478978958223585,
              41.45424654532877
            ],
            [
              2.2479457529258235,
              41.454247871149754
            ],
            [
              2.247942580235705,
              41.454312689641355
            ],
            [
              2.2479206578006465,
              41.454312082309706
            ]
          ]
        ]
      },
      "properties": {
        "intersection_id": "5640465396",
        "modes": [
          "ON_FOOT"
        ],
        "stop_line": [
          2.2478982319472793,
          41.45428920196939
        ],
        "waiting_zone_id": "5640465396_w0_straight_ped"
      }
    },
    {
      "type": "Feature",
      "geometry": {
        "type": "Polygon",
        "coordinates": [
          [
            [
              2.24788412873634,
              41.45447081886236
            ],
            [
              2.2477916903182127,
              41.454430041297165
            ],
            [
              2.247798244962153,
              41.454421631516354
            ],
            [
              2.2477975843801876,
              41.45442131855259
            ],
            [
              2.2478103438334673,
              41.45440607495175
            ],
            [
              2.2478103438238866,
              41.454406074947116
            ],
            [
              2.247810721939423,
              41.45440562321576
            ],
            [
              2.24781591387172,
              41.45439896184297
            ],
            [
              2.2478161942328696,
              41.45439908551398
            ],
            [
              2.2478307397460755,
              41.45438170810715
            ],
            [
              2.2478307397538813,
              41.45438170811096
            ],
            [
              2.2478434991339147,
              41.45436646456889
            ],
            [
              2.2478840232999966,
              41.45438566290219
            ],
            [
              2.247857526452237,
              41.45441731849228
            ],
            [
              2.247866576876694,
              41.45442131094262
            ],
            [
              2.24787846335242,
              41.454404509064666
            ],
            [
              2.2478784633627185,
              41.454404509068894
            ],
            [
              2.24788971330874,
              41.45438860694405
            ],
            [
              2.2479319882762474,
              41.45440553408049
            ],
            [
              2.247907923568159,
              41.454439550265434
            ],
            [
              2.247908352261668,
              41.454439739371495
            ],
            [
              2.247902259839089,
              41.45444755614426
            ],
            [
              2.2478914743446192,
              41.45446280171527
            ],
            [
              2.247890638264468,
              41.45446246693669
            ],
            [
              2.24788412873634,
              41.45447081886236
            ]
          ]
        ]
      },
      "properties": {
        "intersection_id": "5640465397",
        "modes": [
          "ON_FOOT"
        ],
        "stop_line": [
          2.2478843993303856,
          41.454434460415115
        ],
        "waiting_zone_id": "5640465397_w0_straight_ped"
      }
    },
    {
      "type": "Feature",
      "geometry": {
        "type": "Polygon",
        "coordinates": [
          [
            [
              2.2385753431354556,
              41.46170642380658
            ],
            [
              2.2385298749120404,
              41.46169510105617
            ],
            [
              2.2385374009846926,
              41.46167799966084
            ],
            [
              2.2385374009475094,
              41.46167799965152
            ],
            [
              2.238549456117246,
              41.46165060683777
            ],
            [
              2.2385494561507815,
              41.46165060684619
            ],
            [
              2.2385569822204086,
              41.461633505432694
            ],
            [
              2.2386024504058324,
              41.461644828172176
            ],
            [
              2.2385753431354556,
              41.46170642380658
            ]
          ]
        ]
      },
      "properties": {
        "intersection_id": "5664109898",
        "modes": [
          "ON_FOOT"
        ],
        "stop_line": [
          2.2385703087056075,
          41.46166054355988
        ],
        "waiting_zone_id": "5664109898_w1_straight_ped"
      }
    },
    {
      "type": "Feature",
      "geometry": {
        "type": "Polygon",
        "coordinates": [
          [
            [
              2.242858073811074,
              41.454095765101066
            ],
            [
              2.242855389386212,
              41.45410294543571
            ],
            [
              2.2427585069089706,
              41.45408244501498
            ],
            [
              2.242725730780048,
              41.45408018034452
            ],
            [
              2.2427402463217856,
              41.453961277291654
            ],
            [
              2.2427700927737493,
              41.45396333954781
            ],
            [
              2.2427704287789574,
              41.45396330261203
            ],
            [
              2.242770428761796,
              41.45396330252293
            ],
            [
              2.242846193608361,
              41.45395497395798
            ],
            [
              2.242846193622998,
              41.453954974034026
            ],
            [
              2.2428574048311964,
              41.45395374161869
            ],
            [
              2.242849058252523,
              41.45396972341402
            ],
            [
              2.2428515430074407,
              41.4539825170369
            ],
            [
              2.2428531174870785,
              41.453990623740296
            ],
            [
              2.242837235283068,
              41.453992369640154
            ],
            [
              2.242837235259434,
              41.45399236970873
            ],
            [
              2.2427838247314327,
              41.453998240932755
            ],
            [
              2.2427776204566494,
              41.45404906310991
            ],
            [
              2.242845305376665,
              41.45406338530532
            ],
            [
              2.242845305355862,
              41.45406338536062
            ],
            [
              2.2428462168474605,
              41.45406357827661
            ],
            [
              2.2428442325517732,
              41.454066254908234
            ],
            [
              2.2428365728029656,
              41.454086743275006
            ],
            [
              2.242858073811074,
              41.454095765101066
            ]
          ]
        ]
      },
      "properties": {
        "intersection_id": "590815505",
        "modes": [
          "ON_FOOT"
        ],
        "stop_line": [
          2.2427707744753556,
          41.45406632763885
        ],
        "waiting_zone_id": "590815505_w0_straight_ped"
      }
    },
    {
      "type": "Feature",
      "geometry": {
        "type": "Polygon",
        "coordinates": [
          [
            [
              2.247765959711506,
              41.45571301787796
            ],
            [
              2.247718306854874,
              41.45565944396156
            ],
            [
              2.247748233099882,
              41.4556443787144
            ],
            [
              2.247732493497494,
              41.45558227873744
            ],
            [
              2.2477795364857163,
              41.455575530558654
            ],
            [
              2.2477840214793323,
              41.45559322591028
            ],
            [
              2.2477840214913063,
              41.45559322590849
            ],
            [
              2.2478060010484358,
              41.4556799451283
            ],
            [
              2.2478233796210887,
              41.45574526450219
            ],
            [
              2.247823379607684,
              41.45574526450425
            ],
            [
              2.2478280791738112,
              41.455762928332966
            ],
            [
              2.2477811199044915,
              41.45576999932955
            ],
            [
              2.247765959711506,
              41.45571301787796
            ]
          ]
        ]
      },
      "properties": {
        "intersection_id": "590815648",
        "modes": [
          "ON_FOOT"
        ],
        "stop_line": [
          2.247754853605766,
          41.455668139974875
        ],
        "waiting_zone_id": "590815648_w1_straight_ped"
      }
    },
    {
      "type": "Feature",
      "geometry": {
        "type": "Polygon",
        "coordinates": [
          [
            [
              2.2352443946654104,
              41.443015659156195
            ],
            [
              2.2352398482396962,
              41.44301097009952
            ],
            [
              2.235239848195709,
              41.44301097012373
            ],
            [
              2.2352172576082254,
              41.442987670813764
            ],
            [
              2.235217257654995,
              41.44298767078804
            ],
            [
              2.235203147498522,
              41.44297311794758
            ],
            [
              2.2352079213388696,
              41.44297049728197
            ],
            [
              2.235195126232986,
              41.44295941419222
            ],
            [
              2.235231273325381,
              41.44293578675806
            ],
            [
              2.2352611735769474,
              41.4429616862786
            ],
            [
              2.235262229957615,
              41.44296266886917
            ],
            [
              2.2352893243483845,
              41.44298976324547
            ],
            [
              2.2352823723789044,
              41.442993699330614
            ],
            [
              2.2352926394092543,
              41.44300428843886
            ],
            [
              2.235258198924877,
              41.44302319505162
            ],
            [
              2.2352443946654104,
              41.443015659156195
            ]
          ]
        ]
      },
      "properties": {
        "intersection_id": "6033236617",
        "modes": [
          "ON_FOOT"
        ],
        "stop_line": [
          2.2352556611637953,
          41.442996714672205
        ],
        "waiting_zone_id": "6033236617_w0_straight_ped"
      }
    },
    {
      "type": "Feature",
      "geometry": {
        "type": "Polygon",
        "coordinates": [
          [
            [
              2.2349911057416056,
              41.44309810539534
            ],
            [
              2.234979781495828,
              41.44309273514355
            ],
            [
              2.235005310990952,
              41.44306225516676
            ],
            [
              2.2350255647515636,
              41.443071860023686
            ],
            [
              2.2350255647586197,
              41.443071860015195
            ],
            [
              2.235030219864222,
              41.443074067591354
            ],
            [
              2.2350568266704447,
              41.44305738511476
            ],
            [
              2.235072152444672,
              41.44307122436274
            ],
            [
              2.235072152469651,
              41.44307122434707
            ],
            [
              2.2350966719594116,
              41.44309336554314
            ],
            [
              2.235096671931379,
              41.44309336556068
            ],
            [
              2.235111997750835,
              41.443107204828834
            ],
            [
              2.235078223834802,
              41.44312838111485
            ],
            [
              2.2350783023865146,
              41.44312845430998
            ],
            [
              2.235041043910233,
              41.443151083308706
            ],
            [
              2.2349869327956933,
              41.443100639851124
            ],
            [
              2.2349911057416056,
              41.44309810539534
            ]
          ]
        ]
      },
      "properties": {
        "intersection_id": "6033236618",
        "modes": [
          "ON_FOOT"
        ],
        "stop_line": [
          2.2350744482960274,
          41.44310143766624
        ],
        "waiting_zone_id": "6033236618_w0_straight_ped"
      }
    },
    {
      "type": "Feature",
      "geometry": {
        "type": "Polygon",
        "coordinates": [
          [
            [
              2.2420052718345955,
              41.44832315447268
            ],
            [
              2.2419649318106125,
              41.44830374233905
            ],
            [
              2.2420320013831216,
              41.44822484249608
            ],
            [
              2.2420723413560926,
              41.44824425460606
            ],
            [
              2.242059441121135,
              41.448259430322395
            ],
            [
              2.242059441166816,
              41.44825943034431
            ],
            [
              2.2420181721854773,
              41.44830797873131
            ],
            [
              2.242018172140152,
              41.448307978709465
            ],
            [
              2.2420052718345955,
              41.44832315447268
            ]
          ]
        ]
      },
      "properties": {
        "intersection_id": "6119951203",
        "modes": [
          "ON_FOOT"
        ],
        "stop_line": [
          2.2420012272505674,
          41.44829447873294
        ],
        "waiting_zone_id": "6119951203_w0_straight_ped"
      }
    },
    {
      "type": "Feature",
      "geometry": {
        "type": "Polygon",
        "coordinates": [
          [
            [
              2.238736284302751,
              41.46164643825547
            ],
            [
              2.238681142299844,
              41.46162472616016
            ],
            [
              2.2386812637894544,
              41.46162455158793
            ],
            [
              2.2386812208236764,
              41.46162453450126
            ],
            [
              2.2386866192387145,
              41.46161685521933
            ],
            [
              2.2387033535154135,
              41.46159280634081
            ],
            [
              2.238703488056631,
              41.46159285932184
            ],
            [
              2.2387036104079066,
              41.46159268527071
            ],
            [
              2.2387247802037,
              41.46160110642758
            ],
            [
              2.238724780231551,
              41.461601106388024
            ],
            [
              2.2387585954473153,
              41.46161455777578
            ],
            [
              2.238779756812559,
              41.461622890027705
            ],
            [
              2.2387797101679334,
              41.46162295706573
            ],
            [
              2.2387797990547122,
              41.461622992426825
            ],
            [
              2.2387686278522967,
              41.46163888351561
            ],
            [
              2.238757545623749,
              41.461654809861884
            ],
            [
              2.2387574565053523,
              41.46165477477412
            ],
            [
              2.238757409496892,
              41.46165484167228
            ],
            [
              2.238736284302751,
              41.46164643825547
            ]
          ]
        ]
      },
      "properties": {
        "intersection_id": "6141567459",
        "modes": [
          "ON_FOOT"
        ],
        "stop_line": [
          2.2387421304942783,
          41.46162840742052
        ],
        "waiting_zone_id": "6141567459_w0_straight_ped"
      }
    },
    {
      "type": "Feature",
      "geometry": {
        "type": "Polygon",
        "coordinates": [
          [
            [
              2.242625124952855,
              41.453822912579156
            ],
            [
              2.242625125027177,
              41.45382291260085
            ],
            [
              2.2426137780469295,
              41.453844928228726
            ],
            [
              2.2426164878030583,
              41.453846256291875
            ],
            [
              2.2426081025685365,
              41.453855939894346
            ],
            [
              2.2426067250375263,
              41.45385861260454
            ],
            [
              2.242606719230719,
              41.453858623859944
            ],
            [
              2.2425847192429273,
              41.45390122386432
            ],
            [
              2.2425847191764294,
              41.45390122384483
            ],
            [
              2.242576047583424,
              41.453918015206845
            ],
            [
              2.2425587327593703,
              41.45391295411576
            ],
            [
              2.242540675668272,
              41.453933807096256
            ],
            [
              2.242540675602456,
              41.453933807064146
            ],
            [
              2.2425276054909244,
              41.453948900890715
            ],
            [
              2.242517568589466,
              41.4539439817235
            ],
            [
              2.2425174414637654,
              41.45394412468553
            ],
            [
              2.2425017843977484,
              41.45393624576057
            ],
            [
              2.2424874797835836,
              41.453929234943864
            ],
            [
              2.24248759288123,
              41.45392910432801
            ],
            [
              2.242477635970673,
              41.45392409382096
            ],
            [
              2.2425681942759583,
              41.45382223846069
            ],
            [
              2.242572890933337,
              41.45382460190419
            ],
            [
              2.2425891315255915,
              41.45379309166426
            ],
            [
              2.2426296097634255,
              41.45380489987289
            ],
            [
              2.242621928150261,
              41.45380265904887
            ],
            [
              2.242619597725231,
              41.453805771620445
            ],
            [
              2.242620268178428,
              41.45380605586755
            ],
            [
              2.242613631126884,
              41.45381873961406
            ],
            [
              2.242614206075586,
              41.45381972735244
            ],
            [
              2.242625124952855,
              41.453822912579156
            ]
          ]
        ]
      },
      "properties": {
        "intersection_id": "6172823772",
        "modes": [
          "ON_FOOT"
        ],
        "stop_line": [
          2.242523880331696,
          41.453920200679335
        ],
        "waiting_zone_id": "6172823772_w0_straight_ped"
      }
    },
    {
      "type": "Feature",
      "geometry": {
        "type": "Polygon",
        "coordinates": [
          [
            [
              2.25145782820051,
              41.45334640305704
            ],
            [
              2.251440450416015,
              41.453334010178985
            ],
            [
              2.2514733956920345,
              41.45330786236873
            ],
            [
              2.2515359395921672,
              41.45335246518047
            ],
            [
              2.251502994318167,
              41.453378613008454
            ],
            [
              2.251485616432501,
              41.45336622007727
            ],
            [
              2.2514856164149455,
              41.45336622009126
            ],
            [
              2.251457828181964,
              41.45334640307187
            ],
            [
              2.25145782820051,
              41.45334640305704
            ]
          ]
        ]
      },
      "properties": {
        "intersection_id": "6228277563",
        "modes": [
          "ON_FOOT"
        ],
        "stop_line": [
          2.251497744592806,
          41.45335004795888
        ],
        "waiting_zone_id": "6228277563_w0_straight_ped"
      }
    },
    {
      "type": "Feature",
      "geometry": {
        "type": "Polygon",
        "coordinates": [
          [
            [
              2.251672584972228,
              41.45369152472372
            ],
            [
              2.251648992620261,
              41.45368844611103
            ],
            [
              2.251657176852504,
              41.45365294775911
            ],
            [
              2.2517421386255987,
              41.453664034567396
            ],
            [
              2.251733954460942,
              41.4536995329258
            ],
            [
              2.251710362164005,
              41.45369645433355
            ],
            [
              2.251710362145318,
              41.453696454414974
            ],
            [
              2.2516725849536385,
              41.453691524804405
            ],
            [
              2.251672584972228,
              41.45369152472372
            ]
          ]
        ]
      },
      "properties": {
        "intersection_id": "6228277565",
        "modes": [
          "ON_FOOT"
        ],
        "stop_line": [
          2.2516825751344953,
          41.453674545282475
        ],
        "waiting_zone_id": "6228277565_w1_straight_ped"
      }
    },
    {
      "type": "Feature",
      "geometry": {
        "type": "Polygon",
        "coordinates": [
          [
            [
              2.251837853270703,
              41.45369870678425
            ],
            [
              2.2517992185997278,
              41.453677417971555
            ],
            [
              2.2518728286110536,
              41.45360180804866
            ],
            [
              2.2519114632849937,
              41.453623096819705
            ],
            [
              2.251897314738844,
              41.453637629792865
            ],
            [
              2.2518973147694266,
              41.453637629809656
            ],
            [
              2.2518520019457466,
              41.453684173754276
            ],
            [
              2.251852001920041,
              41.45368417374007
            ],
            [
              2.251837853270703,
              41.45369870678425
            ]
          ]
        ]
      },
      "properties": {
        "intersection_id": "6228277567",
        "modes": [
          "ON_FOOT"
        ],
        "stop_line": [
          2.251836221750984,
          41.45366989611158
        ],
        "waiting_zone_id": "6228277567_w0_straight_ped"
      }
    },
    {
      "type": "Feature",
      "geometry": {
        "type": "Polygon",
        "coordinates": [
          [
            [
              2.2543595660409586,
              41.455062763319006
            ],
            [
              2.2543166174006095,
              41.4550468241741
            ],
            [
              2.2543272108275945,
              41.45503066877496
            ],
            [
              2.2543272108100068,
              41.455030668768416
            ],
            [
              2.2543610873920645,
              41.454979005568525
            ],
            [
              2.254361087408763,
              41.45497900557481
            ],
            [
              2.254371680814487,
              41.45496285016982
            ],
            [
              2.254414629413524,
              41.454978789294046
            ],
            [
              2.2543595660409586,
              41.455062763319006
            ]
          ]
        ]
      },
      "properties": {
        "intersection_id": "6228277573",
        "modes": [
          "ON_FOOT"
        ],
        "stop_line": [
          2.254351333481046,
          41.45503459948557
        ],
        "waiting_zone_id": "6228277573_w0_straight_ped"
      }
    },
    {
      "type": "Feature",
      "geometry": {
        "type": "Polygon",
        "coordinates": [
          [
            [
              2.260420405444036,
              41.45609773833527
            ],
            [
              2.26037903835224,
              41.45607958450361
            ],
            [
              2.260391103926377,
              41.456064024230436
            ],
            [
              2.2603911039079145,
              41.456064024222265
            ],
            [
              2.260429744707211,
              41.45601419135386
            ],
            [
              2.2604297447286026,
              41.45601419136332
            ],
            [
              2.260441810223485,
              41.4559986311553
            ],
            [
              2.2604831772820053,
              41.45601678496434
            ],
            [
              2.260420405444036,
              41.45609773833527
            ]
          ]
        ]
      },
      "properties": {
        "intersection_id": "6228278085",
        "modes": [
          "ON_FOOT"
        ],
        "stop_line": [
          2.260447411853434,
          41.456027158322506
        ],
        "waiting_zone_id": "6228278085_w1_straight_ped"
      }
    },
    {
      "type": "Feature",
      "geometry": {
        "type": "Polygon",
        "coordinates": [
          [
            [
              2.2471038478515113,
              41.44997332360059
            ],
            [
              2.247064097053265,
              41.449953233988666
            ],
            [
              2.2471121459922077,
              41.44989941646516
            ],
            [
              2.2471518967500845,
              41.44991950606037
            ],
            [
              2.247138545919014,
              41.44993445977288
            ],
            [
              2.247138545952358,
              41.449934459789745
            ],
            [
              2.247117198706009,
              41.44995836992969
            ],
            [
              2.2471171986778087,
              41.44995836991541
            ],
            [
              2.2471038478515113,
              41.44997332360059
            ]
          ]
        ]
      },
      "properties": {
        "intersection_id": "6242753275",
        "modes": [
          "ON_FOOT"
        ],
        "stop_line": [
          2.247115332851213,
          41.44992815341851
        ],
        "waiting_zone_id": "6242753275_w1_straight_ped"
      }
    },
    {
      "type": "Feature",
      "geometry": {
        "type": "Polygon",
        "coordinates": [
          [
            [
              2.270870037867254,
              41.46246635303701
            ],
            [
              2.270831515439163,
              41.46244494399958
            ],
            [
              2.2708457459115174,
              41.46243045520637
            ],
            [
              2.270845745903804,
              41.46243045520204
            ],
            [
              2.2708912888858905,
              41.462384085437854
            ],
            [
              2.2708912888938695,
              41.46238408544234
            ],
            [
              2.270905519327068,
              41.46236959665412
            ],
            [
              2.270944041735619,
              41.462391005666895
            ],
            [
              2.270870037867254,
              41.46246635303701
            ]
          ]
        ]
      },
      "properties": {
        "intersection_id": "6325763623",
        "modes": [
          "ON_FOOT"
        ],
        "stop_line": [
          2.2709069924717102,
          41.462398412148815
        ],
        "waiting_zone_id": "6325763623_w1_straight_ped"
      }
    },
    {
      "type": "Feature",
      "geometry": {
        "type": "Polygon",
        "coordinates": [
          [
            [
              2.272278578659715,
              41.46325278746961
            ],
            [
              2.2722400139910968,
              41.46323142107323
            ],
            [
              2.2722542162959978,
              41.46321691655431
            ],
            [
              2.272254216259291,
              41.4632169165338
            ],
            [
              2.2723224113229956,
              41.463147270222564
            ],
            [
              2.272322411355801,
              41.463147270240874
            ],
            [
              2.2723366135985827,
              41.463132765737164
            ],
            [
              2.2723751782413877,
              41.4631541321013
            ],
            [
              2.272278578659715,
              41.46325278746961
            ]
          ]
        ]
      },
      "properties": {
        "intersection_id": "6325763629",
        "modes": [
          "ON_FOOT"
        ],
        "stop_line": [
          2.2723381430916922,
          41.46316157954462
        ],
        "waiting_zone_id": "6325763629_w1_straight_ped"
      }
    },
    {
      "type": "Feature",
      "geometry": {
        "type": "Polygon",
        "coordinates": [
          [
            [
              2.2528824668855254,
              41.458623104193755
            ],
            [
              2.2528716136551354,
              41.45860704650714
            ],
            [
              2.2529143049379594,
              41.458590717340265
            ],
            [
              2.252970744002068,
              41.458674220484745
            ],
            [
              2.252928052678019,
              41.45869054967202
            ],
            [
              2.2529171993897927,
              41.458674491937266
            ],
            [
              2.252917199343198,
              41.45867449195515
            ],
            [
              2.252882466840901,
              41.4586231042109
            ],
            [
              2.2528824668855254,
              41.458623104193755
            ]
          ]
        ]
      },
      "properties": {
        "intersection_id": "6405154015",
        "modes": [
          "ON_FOOT"
        ],
        "stop_line": [
          2.2529358316874513,
          41.45866231293739
        ],
        "waiting_zone_id": "6405154015_w0_straight_ped"
      }
    },
    {
      "type": "Feature",
      "geometry": {
        "type": "Polygon",
        "coordinates": [
          [
            [
              2.2448194982048433,
              41.45512453623393
            ],
            [
              2.2447851853256306,
              41.45509940301519
            ],
            [
              2.2448988128373455,
              41.45501160409184
            ],
            [
              2.2449031195290132,
              41.45501475861018
            ],
            [
              2.2449361316635743,
              41.45498922656528
            ],
            [
              2.2449704601443794,
              41.455014347695396
            ],
            [
              2.2449537642265094,
              41.45502726056073
            ],
            [
              2.2449537642360635,
              41.45502726056764
            ],
            [
              2.244920664236307,
              41.45505286057263
            ],
            [
              2.244920653265217,
              41.4550528690521
            ],
            [
              2.244879353265464,
              41.45508476905824
            ],
            [
              2.244879353258739,
              41.455084769053485
            ],
            [
              2.2448626460003185,
              41.455097673682495
            ],
            [
              2.2448583434167544,
              41.455094520957864
            ],
            [
              2.244836202225421,
              41.455111629237535
            ],
            [
              2.2448362022059616,
              41.45511162922332
            ],
            [
              2.2448194982048433,
              41.45512453623393
            ]
          ]
        ]
      },
      "properties": {
        "intersection_id": "6551343292",
        "modes": [
          "ON_FOOT"
        ],
        "stop_line": [
          2.244823221777331,
          41.455095835880584
        ],
        "waiting_zone_id": "6551343292_w0_straight_ped"
      }
    },
    {
      "type": "Feature",
      "geometry": {
        "type": "Polygon",
        "coordinates": [
          [
            [
              2.2445108829163316,
              41.45490179551446
            ],
            [
              2.244489100866871,
              41.45488708682319
            ],
            [
              2.2445978648352285,
              41.454795925728966
            ],
            [
              2.2446022542985875,
              41.45479888975722
            ],
            [
              2.244637074377087,
              41.454767719377
            ],
            [
              2.2446737366450944,
              41.45479089901573
            ],
            [
              2.244658331122237,
              41.454804689811915
            ],
            [
              2.244658331141187,
              41.454804689823995
            ],
            [
              2.2446375706441186,
              41.454823274301255
            ],
            [
              2.2446482624642803,
              41.45483081067814
            ],
            [
              2.2446318907543596,
              41.4548439563634
            ],
            [
              2.2446318907801985,
              41.45484395638142
            ],
            [
              2.244553334729471,
              41.454907032944895
            ],
            [
              2.2445533347100053,
              41.45490703293121
            ],
            [
              2.244536962938667,
              41.45492017862109
            ],
            [
              2.2445108829163316,
              41.45490179551446
            ]
          ]
        ]
      },
      "properties": {
        "intersection_id": "6551343294",
        "modes": [
          "ON_FOOT"
        ],
        "stop_line": [
          2.2445399540153934,
          41.45489142981607
        ],
        "waiting_zone_id": "6551343294_w0_straight_ped"
      }
    },
    {
      "type": "Feature",
      "geometry": {
        "type": "Polygon",
        "coordinates": [
          [
            [
              2.2451366509332042,
              41.455356357993566
            ],
            [
              2.2451184272768447,
              41.45534467247199
            ],
            [
              2.245149493013867,
              41.45531725284554
            ],
            [
              2.2452151766212647,
              41.45535937100976
            ],
            [
              2.245184110914314,
              41.455386790636794
            ],
            [
              2.2451658872622264,
              41.455375105136284
            ],
            [
              2.245165887220587,
              41.45537510517306
            ],
            [
              2.2451366508985933,
              41.45535635802421
            ],
            [
              2.2451366509332042,
              41.455356357993566
            ]
          ]
        ]
      },
      "properties": {
        "intersection_id": "6556429507",
        "modes": [
          "ON_FOOT"
        ],
        "stop_line": [
          2.245156739674096,
          41.45534556959019
        ],
        "waiting_zone_id": "6556429507_w1_straight_ped"
      }
    },
    {
      "type": "Feature",
      "geometry": {
        "type": "Polygon",
        "coordinates": [
          [
            [
              2.242785044713868,
              41.45389039784039
            ],
            [
              2.242764843589825,
              41.453880726475816
            ],
            [
              2.2427905541838644,
              41.453850330771076
            ],
            [
              2.2428460419579834,
              41.45387689575127
            ],
            [
              2.242894946697343,
              41.45390024051586
            ],
            [
              2.24289067158701,
              41.45390530950026
            ],
            [
              2.2428997011779326,
              41.45390750966617
            ],
            [
              2.2429064232139098,
              41.45390914756777
            ],
            [
              2.2429064232133653,
              41.453909147568574
            ],
            [
              2.2429292029080883,
              41.45391469810357
            ],
            [
              2.2429144472621347,
              41.453948973558816
            ],
            [
              2.2429116978241947,
              41.45394830362546
            ],
            [
              2.2429176426286586,
              41.45393692106071
            ],
            [
              2.242897082900865,
              41.45393084390543
            ],
            [
              2.242891667561829,
              41.453943423030275
            ],
            [
              2.2428187205867194,
              41.45392564863243
            ],
            [
              2.242818720590209,
              41.453925648623844
            ],
            [
              2.242795940956895,
              41.45392009808283
            ],
            [
              2.2428046800674055,
              41.45389979835386
            ],
            [
              2.242785044704822,
              41.45389039785122
            ],
            [
              2.242785044713868,
              41.45389039784039
            ]
          ]
        ]
      },
      "properties": {
        "intersection_id": "6556429512",
        "modes": [
          "ON_FOOT"
        ],
        "stop_line": [
          2.2428933504726105,
          41.453924897667086
        ],
        "waiting_zone_id": "6556429512_w0_straight_ped"
      }
    },
    {
      "type": "Feature",
      "geometry": {
        "type": "Polygon",
        "coordinates": [
          [
            [
              2.242842493341772,
              41.45406860089511
            ],
            [
              2.2428570135915584,
              41.45404901457976
            ],
            [
              2.242814259508705,
              41.4540363823239
            ],
            [
              2.2428230125695734,
              41.45401961488308
            ],
            [
              2.2428230125245907,
              41.45401961486978
            ],
            [
              2.2428467125374376,
              41.45397421487437
            ],
            [
              2.242846713846856,
              41.45397421236689
            ],
            [
              2.242864313856469,
              41.45394051237027
            ],
            [
              2.242864313881892,
              41.45394051237795
            ],
            [
              2.242866053394904,
              41.45393718190675
            ],
            [
              2.242866053486642,
              41.45393718187299
            ],
            [
              2.2428916675510164,
              41.453943423027134
            ],
            [
              2.24289708286049,
              41.45393084394371
            ],
            [
              2.2429176425167285,
              41.45393692123824
            ],
            [
              2.2428912867834634,
              41.45398738651993
            ],
            [
              2.242864117905878,
              41.45403943158951
            ],
            [
              2.2428984458850465,
              41.453993126625065
            ],
            [
              2.242898445930674,
              41.45399312664428
            ],
            [
              2.2429101092268757,
              41.453977394019454
            ],
            [
              2.242951933330218,
              41.453994943215626
            ],
            [
              2.242872654145795,
              41.45410188282181
            ],
            [
              2.242836572778626,
              41.454086743223755
            ],
            [
              2.24284323855507,
              41.45406891358573
            ],
            [
              2.242842493341772,
              41.45406860089511
            ]
          ]
        ]
      },
      "properties": {
        "intersection_id": "6556429525",
        "modes": [
          "ON_FOOT"
        ],
        "stop_line": [
          2.2428663212446227,
          41.454073442349944
        ],
        "waiting_zone_id": "6556429525_w0_straight_ped"
      }
    },
    {
      "type": "Feature",
      "geometry": {
        "type": "Polygon",
        "coordinates": [
          [
            [
              2.244606391628848,
              41.45499062421242
            ],
            [
              2.2445878915848523,
              41.454979187258594
            ],
            [
              2.2446182963250916,
              41.454951351587
            ],
            [
              2.244684896845357,
              41.45499252476871
            ],
            [
              2.2446544920908056,
              41.45502036047479
            ],
            [
              2.2446359920159678,
              41.45500892351993
            ],
            [
              2.244635992005147,
              41.45500892352992
            ],
            [
              2.2446063916137007,
              41.45499062422635
            ],
            [
              2.244606391628848,
              41.45499062421242
            ]
          ]
        ]
      },
      "properties": {
        "intersection_id": "8830531459",
        "modes": [
          "ON_FOOT"
        ],
        "stop_line": [
          2.2446262190089885,
          41.454979565623354
        ],
        "waiting_zone_id": "8830531459_w1_straight_ped"
      }
    },
    {
      "type": "Feature",
      "geometry": {
        "type": "Polygon",
        "coordinates": [
          [
            [
              2.2318148681061594,
              41.445942070476256
            ],
            [
              2.2318037192081945,
              41.44593023200592
            ],
            [
              2.2318427883796406,
              41.44590940191994
            ],
            [
              2.2318566304345295,
              41.44592410011778
            ],
            [
              2.2318566304723175,
              41.44592410009763
            ],
            [
              2.2318610338245586,
              41.44592877579629
            ],
            [
              2.23186447351774,
              41.4459315053614
            ],
            [
              2.2318644735595656,
              41.445931505331615
            ],
            [
              2.2318799537814833,
              41.44594378963413
            ],
            [
              2.2318994339801406,
              41.445959173992925
            ],
            [
              2.2318994339384024,
              41.445959174022825
            ],
            [
              2.2319159487184765,
              41.44597221644651
            ],
            [
              2.231881280741389,
              41.44599706844567
            ],
            [
              2.231859534718127,
              41.445979894655025
            ],
            [
              2.231853512791762,
              41.44598310530504
            ],
            [
              2.23182393784999,
              41.445951701203036
            ],
            [
              2.2318132533447437,
              41.44594322249192
            ],
            [
              2.2318148681061594,
              41.445942070476256
            ]
          ]
        ]
      },
      "properties": {
        "intersection_id": "910662220",
        "modes": [
          "ON_FOOT"
        ],
        "stop_line": [
          2.2318405563973,
          41.445938189686565
        ],
        "waiting_zone_id": "910662220_w1_straight_ped"
      }
    },
    {
      "type": "Feature",
      "geometry": {
        "type": "Polygon",
        "coordinates": [
          [
            [
              2.266284516060808,
              41.459777654401556
            ],
            [
              2.266277492642785,
              41.45977329343052
            ],
            [
              2.2662927363984346,
              41.45975940051825
            ],
            [
              2.2662927363277388,
              41.4597594004743
            ],
            [
              2.2663171745549184,
              41.4597371278598
            ],
            [
              2.2663171746209185,
              41.45973712790089
            ],
            [
              2.2663324184052027,
              41.4597232349416
            ],
            [
              2.26636935508318,
              41.4597461694402
            ],
            [
              2.26636934696103,
              41.459746176810285
            ],
            [
              2.266376370428449,
              41.45975053774169
            ],
            [
              2.2663214446305124,
              41.45980059625117
            ],
            [
              2.266284507984705,
              41.45977766173756
            ],
            [
              2.266284516060808,
              41.459777654401556
            ]
          ]
        ]
      },
      "properties": {
        "intersection_id": "9690317652",
        "modes": [
          "ON_FOOT"
        ],
        "stop_line": [
          2.266322030941036,
          41.459771762797196
        ],
        "waiting_zone_id": "9690317652_w0_straight_ped"
      }
    },
    {
      "type": "Feature",
      "geometry": {
        "type": "Polygon",
        "coordinates": [
          [
            [
              2.2663970429655933,
              41.45971818452735
            ],
            [
              2.266359825485328,
              41.45969550839074
            ],
            [
              2.2663748974846,
              41.45968150985406
            ],
            [
              2.2663748974435767,
              41.45968150982903
            ],
            [
              2.266398977438928,
              41.45965914483783
            ],
            [
              2.2663989774877487,
              41.459659144867594
            ],
            [
              2.2664140495219804,
              41.459645146277445
            ],
            [
              2.266451266993236,
              41.45966782236226
            ],
            [
              2.2663970429655933,
              41.45971818452735
            ]
          ]
        ]
      },
      "properties": {
        "intersection_id": "9690317653",
        "modes": [
          "ON_FOOT"
        ],
        "stop_line": [
          2.266413818160969,
          41.45967398253326
        ],
        "waiting_zone_id": "9690317653_w1_straight_ped"
      }
    },
    {
      "type": "Feature",
      "geometry": {
        "type": "Polygon",
        "coordinates": [
          [
            [
              2.2633225498193763,
              41.457817196819484
            ],
            [
              2.2632858103351876,
              41.45779408481991
            ],
            [
              2.263301171614373,
              41.45778026560468
            ],
            [
              2.2633011715954177,
              41.45778026559267
            ],
            [
              2.2633257277718224,
              41.45775817451069
            ],
            [
              2.2633257277879424,
              41.45775817452093
            ],
            [
              2.2633410890167993,
              41.45774435533013
            ],
            [
              2.263377828539123,
              41.45776746727812
            ],
            [
              2.2633225498193763,
              41.457817196819484
            ]
          ]
        ]
      },
      "properties": {
        "intersection_id": "9690317663",
        "modes": [
          "ON_FOOT"
        ],
        "stop_line": [
          2.26334025721128,
          41.45777318529817
        ],
        "waiting_zone_id": "9690317663_w1_straight_ped"
      }
    },
    {
      "type": "Feature",
      "geometry": {
        "type": "Polygon",
        "coordinates": [
          [
            [
              2.262150457046751,
              41.45720678799686
            ],
            [
              2.2621133754942937,
              41.45718398756951
            ],
            [
              2.2621678828063683,
              41.45713381830772
            ],
            [
              2.2622049643498516,
              41.457156618717626
            ],
            [
              2.2621898103187297,
              41.45717056670893
            ],
            [
              2.2621898103220963,
              41.45717056671097
            ],
            [
              2.262165611122125,
              41.4571928399906
            ],
            [
              2.2621656111189354,
              41.45719283998862
            ],
            [
              2.262150457046751,
              41.45720678799686
            ]
          ]
        ]
      },
      "properties": {
        "intersection_id": "9690327333",
        "modes": [
          "ON_FOOT"
        ],
        "stop_line": [
          2.262150858858941,
          41.457177952781
        ],
        "waiting_zone_id": "9690327333_w0_straight_ped"
      }
    },
    {
      "type": "Feature",
      "geometry": {
        "type": "Polygon",
        "coordinates": [
          [
            [
              2.262228019435374,
              41.45713587493907
            ],
            [
              2.2621911458603186,
              41.457112884447454
            ],
            [
              2.2622064262729116,
              41.45709901462132
            ],
            [
              2.2622064262406685,
              41.45709901460118
            ],
            [
              2.262230863820634,
              41.457076832915604
            ],
            [
              2.2622308638557116,
              41.45707683293757
            ],
            [
              2.262246144145436,
              41.4570629632021
            ],
            [
              2.262283017712346,
              41.45708595365902
            ],
            [
              2.262228019435374,
              41.45713587493907
            ]
          ]
        ]
      },
      "properties": {
        "intersection_id": "9690327334",
        "modes": [
          "ON_FOOT"
        ],
        "stop_line": [
          2.262245480519638,
          41.457091795597776
        ],
        "waiting_zone_id": "9690327334_w1_straight_ped"
      }
    },
    {
      "type": "Feature",
      "geometry": {
        "type": "Polygon",
        "coordinates": [
          [
            [
              2.26773107209183,
              41.46066930585009
            ],
            [
              2.2676937950696177,
              41.46064668464183
            ],
            [
              2.2677479474488655,
              41.46059618775418
            ],
            [
              2.267785224461486,
              41.460618808945
            ],
            [
              2.267770188757882,
              41.460632829699264
            ],
            [
              2.2677701888336426,
              41.46063282974517
            ],
            [
              2.26774610792702,
              41.46065528508835
            ],
            [
              2.2677461078657917,
              41.46065528505118
            ],
            [
              2.26773107209183,
              41.46066930585009
            ]
          ]
        ]
      },
      "properties": {
        "intersection_id": "9690404855",
        "modes": [
          "ON_FOOT"
        ],
        "stop_line": [
          2.267731228356692,
          41.46064046929761
        ],
        "waiting_zone_id": "9690404855_w0_straight_ped"
      }
    },
    {
      "type": "Feature",
      "geometry": {
        "type": "Polygon",
        "coordinates": [
          [
            [
              2.231540916612833,
              41.45282169198549
            ],
            [
              2.2315045342735327,
              41.45277880721567
            ],
            [
              2.2315449010257615,
              41.45275942344235
            ],
            [
              2.231557783334447,
              41.45277460811691
            ],
            [
              2.2315577833741,
              41.45277460809783
            ],
            [
              2.231581084181935,
              41.45280207329543
            ],
            [
              2.2316053754353904,
              41.452828843239104
            ],
            [
              2.231605375399492,
              41.45282884325752
            ],
            [
              2.2316188756886617,
              41.45284372111603
            ],
            [
              2.231579324819815,
              41.45286403466537
            ],
            [
              2.231541324547076,
              41.4528221568264
            ],
            [
              2.231540916612833,
              41.45282169198549
            ]
          ]
        ]
      },
      "properties": {
        "intersection_id": "2139494671",
        "modes": [
          "ON_FOOT"
        ],
        "stop_line": [
          2.2315408205893834,
          41.45278809618575
        ],
        "waiting_zone_id": "osm203946194_ped"
      }
    },
    {
      "type": "Feature",
      "geometry": {
        "type": "Polygon",
        "coordinates": [
          [
            [
              2.24989962528885,
              41.46047600106917
            ],
            [
              2.2498342252724237,
              41.460464001065745
            ],
            [
              2.249827058375361,
              41.46046170501297
            ],
            [
              2.2498212503108523,
              41.46045780004731
            ],
            [
              2.249817415656824,
              41.46045269937157
            ],
            [
              2.249815960175623,
              41.460446942711805
            ],
            [
              2.2498154641229364,
              41.46043176333474
            ],
            [
              2.2498148885445484,
              41.46042036680199
            ],
            [
              2.249814471224974,
              41.46041210412621
            ],
            [
              2.249813306673352,
              41.46039033552103
            ],
            [
              2.2498131723328876,
              41.460387824369825
            ],
            [
              2.2498131723346737,
              41.4603878243697
            ],
            [
              2.2498122094131725,
              41.460369824763106
            ],
            [
              2.2498600647329123,
              41.46036837600805
            ],
            [
              2.2498615355942406,
              41.46039586990165
            ],
            [
              2.249862329804471,
              41.460410716072325
            ],
            [
              2.249863329793176,
              41.46043051607394
            ],
            [
              2.249863332821158,
              41.46043058903704
            ],
            [
              2.2498633398185715,
              41.460430757283206
            ],
            [
              2.2498633890816397,
              41.46043226471719
            ],
            [
              2.249863389177261,
              41.46043226764477
            ],
            [
              2.249869233389909,
              41.46043333997802
            ],
            [
              2.24991033435478,
              41.46044088141137
            ],
            [
              2.2499467864211593,
              41.460445990608825
            ],
            [
              2.2499467933071946,
              41.46044599158146
            ],
            [
              2.2499725434579005,
              41.46044960660481
            ],
            [
              2.249990134754991,
              41.46040966970028
            ],
            [
              2.249999268342946,
              41.46038893398468
            ],
            [
              2.249999268354866,
              41.4603889339877
            ],
            [
              2.2500068004558726,
              41.46037183409544
            ],
            [
              2.25005226372546,
              41.460383166093926
            ],
            [
              2.2500447316398042,
              41.46040026600562
            ],
            [
              2.250044731661153,
              41.460400266011
            ],
            [
              2.2500119425757976,
              41.46047470615658
            ],
            [
              2.2500078473789964,
              41.46049121325091
            ],
            [
              2.250004856527907,
              41.460490793346736
            ],
            [
              2.250003899590852,
              41.46049296591181
            ],
            [
              2.249982710143843,
              41.46048768427732
            ],
            [
              2.2499380105213223,
              41.46048140895181
            ],
            [
              2.2499009135843524,
              41.46047620938109
            ],
            [
              2.249899787743018,
              41.460476027337364
            ],
            [
              2.24989962528885,
              41.46047600106917
            ]
          ]
        ]
      },
      "properties": {
        "intersection_id": "5588790783",
        "modes": [
          "ON_FOOT"
        ],
        "stop_line": [
          2.2499828148431273,
          41.46046937379118
        ],
        "waiting_zone_id": "osm703229807_ped"
      }
    },
    {
      "type": "Feature",
      "geometry": {
        "type": "MultiPolygon",
        "coordinates": [
          [
            [
              [
                2.2326105270388994,
                41.43970249185756
              ],
              [
                2.2325579343398623,
                41.43967212582615
              ],
              [
                2.2325870802421304,
                41.43964354211972
              ],
              [
                2.232606072935576,
                41.43965450814437
              ],
              [
                2.232606072938461,
                41.439654508141714
              ],
              [
                2.232630436901802,
                41.4396685754303
              ],
              [
                2.232639375817876,
                41.43967373658603
              ],
              [
                2.232642620496088,
                41.43967549145685
              ],
              [
                2.2326745717309264,
                41.43969277212194
              ],
              [
                2.2326745717193726,
                41.43969277213368
              ],
              [
                2.2326940109373745,
                41.43970328573972
              ],
              [
                2.2326660674696055,
                41.43973254151365
              ],
              [
                2.2326157459882894,
                41.4397053253498
              ],
              [
                2.232611128258815,
                41.43970282787203
              ],
              [
                2.232610923842232,
                41.43970271362339
              ],
              [
                2.2326105270388994,
                41.43970249185756
              ]
            ]
          ],
          [
            [
              [
                2.232665803508474,
                41.43966416872607
              ],
              [
                2.2326311541413295,
                41.43963930463497
              ],
              [
                2.232675175287708,
                41.439604567962846
              ],
              [
                2.232677293986651,
                41.43960308661466
              ],
              [
                2.232701693959169,
                41.43958798662036
              ],
              [
                2.2327017402780007,
                41.43958795803196
              ],
              [
                2.2327259403022652,
                41.43957305801808
              ],
              [
                2.232726005798817,
                41.43957301784058
              ],
              [
                2.2327916057811614,
                41.43953291785134
              ],
              [
                2.2327926653198675,
                41.439532306287695
              ],
              [
                2.2328128653265664,
                41.43952130628361
              ],
              [
                2.2328128742883044,
                41.43952130139545
              ],
              [
                2.2328441860185313,
                41.43950426705166
              ],
              [
                2.232853930877578,
                41.43949838192682
              ],
              [
                2.232869216112762,
                41.43948915084328
              ],
              [
                2.232869216116288,
                41.439489150846796
              ],
              [
                2.2328878862177004,
                41.43947787556984
              ],
              [
                2.232917853967623,
                41.43950597386961
              ],
              [
                2.2328991838917145,
                41.439517249153134
              ],
              [
                2.232899183893126,
                41.439517249154484
              ],
              [
                2.232895999621819,
                41.43951917220563
              ],
              [
                2.232873683886255,
                41.439532649175405
              ],
              [
                2.23287272567432,
                41.439533198604146
              ],
              [
                2.2328558423674045,
                41.43954238354531
              ],
              [
                2.232840930302597,
                41.43955049608205
              ],
              [
                2.2328212757477686,
                41.43956119905882
              ],
              [
                2.2327562269496415,
                41.439600962124985
              ],
              [
                2.2327320829122295,
                41.439615827670664
              ],
              [
                2.2327088248990496,
                41.43963022095136
              ],
              [
                2.2326823246702765,
                41.43965113204474
              ],
              [
                2.2326823246586027,
                41.43965113203635
              ],
              [
                2.232665803508474,
                41.43966416872607
              ]
            ]
          ]
        ]
      },
      "properties": {
        "intersection_id": "5588596931",
        "modes": [
          "ON_FOOT"
        ],
        "stop_line": [
          2.2328795324705477,
          41.43950601882268
        ],
        "waiting_zone_id": "osm1002386102_ped"
      }
    },
    {
      "type": "Feature",
      "geometry": {
        "type": "Polygon",
        "coordinates": [
          [
            [
              2.23351959418684,
              41.44017877855147
            ],
            [
              2.233490206562285,
              41.44015033520585
            ],
            [
              2.2335385061746575,
              41.440122078309685
            ],
            [
              2.2335385791420284,
              41.44012203577628
            ],
            [
              2.2335830352486767,
              41.440096233819794
            ],
            [
              2.233612276864106,
              41.44012476220843
            ],
            [
              2.23359332077993,
              41.440135764177235
            ],
            [
              2.2335933208111434,
              41.440135764207696
            ],
            [
              2.2335678573598683,
              41.44015054299699
            ],
            [
              2.2335384938045753,
              41.440167721677675
            ],
            [
              2.2335384937762686,
              41.440167721650305
            ],
            [
              2.23351959418684,
              41.44017877855147
            ]
          ]
        ]
      },
      "properties": {
        "intersection_id": "10218891057",
        "modes": [
          "ON_FOOT"
        ],
        "stop_line": [
          2.2335739609783234,
          41.44012425049196
        ],
        "waiting_zone_id": "osm1002386103_ped"
      }
    },
    {
      "type": "Feature",
      "geometry": {
        "type": "Polygon",
        "coordinates": [
          [
            [
              2.233356101623124,
              41.44028594382221
            ],
            [
              2.233323986908149,
              41.44025922201084
            ],
            [
              2.2333730425850304,
              41.44022583910876
            ],
            [
              2.233373050916895,
              41.440225833426055
            ],
            [
              2.23342111415138,
              41.44019315677059
            ],
            [
              2.233453212165077,
              41.44021988992033
            ],
            [
              2.2334354489891797,
              41.44023196655412
            ],
            [
              2.233435449014086,
              41.440231966574885
            ],
            [
              2.2334051532479737,
              41.44025256369972
            ],
            [
              2.2333738573748545,
              41.44027386089472
            ],
            [
              2.2333738573468565,
              41.44027386087144
            ],
            [
              2.233356101623124,
              41.44028594382221
            ]
          ]
        ]
      },
      "properties": {
        "intersection_id": "2160215017",
        "modes": [
          "ON_FOOT"
        ],
        "stop_line": [
          2.2334149591935923,
          41.440221619163445
        ],
        "waiting_zone_id": "osm1002386105_ped"
      }
    },
    {
      "type": "Feature",
      "geometry": {
        "type": "Polygon",
        "coordinates": [
          [
            [
              2.2349610867617016,
              41.44879748140993
            ],
            [
              2.23496611859742,
              41.4487790835555
            ],
            [
              2.234963617820759,
              41.44877709658244
            ],
            [
              2.23499562838835,
              41.448766732091705
            ],
            [
              2.2350201928086406,
              41.44880967910806
            ],
            [
              2.235020325840939,
              41.448809916359515
            ],
            [
              2.235033497276427,
              41.448833882423465
            ],
            [
              2.235057580466248,
              41.44887443631191
            ],
            [
              2.2350523698510734,
              41.44886631602208
            ],
            [
              2.235009098973298,
              41.44888111558324
            ],
            [
              2.2350070401312525,
              41.44887764867855
            ],
            [
              2.2350070400588953,
              41.44887764870291
            ],
            [
              2.234989640066889,
              41.44884834869966
            ],
            [
              2.2349893742187747,
              41.44884788359496
            ],
            [
              2.2349761396266947,
              41.448823802593175
            ],
            [
              2.234961107282881,
              41.4487975208633
            ],
            [
              2.2349610867617016,
              41.44879748140993
            ]
          ]
        ]
      },
      "properties": {
        "intersection_id": "5588597480",
        "modes": [
          "ON_FOOT"
        ],
        "stop_line": [
          2.2350264581961143,
          41.44886618822854
        ],
        "waiting_zone_id": "osm1107149196_ped"
      }
    },
    {
      "type": "Feature",
      "geometry": {
        "type": "Polygon",
        "coordinates": [
          [
            [
              2.2299053024428854,
              41.442697950358486
            ],
            [
              2.2298748024460644,
              41.442669250353575
            ],
            [
              2.229874802457204,
              41.4426692503468
            ],
            [
              2.229864422754406,
              41.442659483213575
            ],
            [
              2.22986854223333,
              41.4426632569452
            ],
            [
              2.229905902587135,
              41.442640826172806
            ],
            [
              2.2299384966897025,
              41.442671496700264
            ],
            [
              2.2299426741016006,
              41.44267542757337
            ],
            [
              2.229954950594572,
              41.442686905592055
            ],
            [
              2.2299549505894514,
              41.442686905595174
            ],
            [
              2.2299699606294388,
              41.44270093936835
            ],
            [
              2.229932659459545,
              41.442723528181865
            ],
            [
              2.2299176494023967,
              41.44270949440262
            ],
            [
              2.2299176493989825,
              41.44270949440476
            ],
            [
              2.2299101171073903,
              41.442702452017095
            ],
            [
              2.2299053024428854,
              41.442697950358486
            ]
          ]
        ]
      },
      "properties": {
        "intersection_id": "6033236614",
        "modes": [
          "ON_FOOT"
        ],
        "stop_line": [
          2.2298972378713966,
          41.44266151727749
        ],
        "waiting_zone_id": "osm1189638420_ped"
      }
    },
    {
      "type": "Feature",
      "geometry": {
        "type": "Polygon",
        "coordinates": [
          [
            [
              2.2299059691708703,
              41.442640786163324
            ],
            [
              2.229868542291235,
              41.44266325689788
            ],
            [
              2.2298315926519496,
              41.44262844115545
            ],
            [
              2.229831578742753,
              41.44262842800527
            ],
            [
              2.229802357005429,
              41.442600841039955
            ],
            [
              2.22983979950885,
              41.442578385056244
            ],
            [
              2.229854721249314,
              41.44259247201899
            ],
            [
              2.2298547212632376,
              41.44259247201063
            ],
            [
              2.229869014345792,
              41.442605965476346
            ],
            [
              2.2299019073315827,
              41.44263695885872
            ],
            [
              2.2299019073049937,
              41.442636958874715
            ],
            [
              2.2299059691708703,
              41.442640786163324
            ]
          ]
        ]
      },
      "properties": {
        "intersection_id": "6033236613",
        "modes": [
          "ON_FOOT"
        ],
        "stop_line": [
          2.2298397304367987,
          41.44260722174173
        ],
        "waiting_zone_id": "osm1189638423_ped"
      }
    },
    {
      "type": "Feature",
      "geometry": {
        "type": "Polygon",
        "coordinates": [
          [
            [
              2.229892416993461,
              41.442525719077445
            ],
            [
              2.2298655503173745,
              41.442495897063644
            ],
            [
              2.2298853666647376,
              41.4424857890136
            ],
            [
              2.229885366656111,
              41.44248578900396
            ],
            [
              2.2299138002030627,
              41.44247128543968
            ],
            [
              2.2299200666236847,
              41.44246808901912
            ],
            [
              2.2299203856304937,
              41.442467935978534
            ],
            [
              2.2299212027853828,
              41.4424675439502
            ],
            [
              2.2299525027805025,
              41.44245344395344
            ],
            [
              2.229952502792542,
              41.44245344396861
            ],
            [
              2.2299730434788194,
              41.44244419081791
            ],
            [
              2.229997637909942,
              41.442475102911665
            ],
            [
              2.2299463754913207,
              41.442498195572405
            ],
            [
              2.229892416993461,
              41.442525719077445
            ]
          ]
        ]
      },
      "properties": {
        "intersection_id": "11046386797",
        "modes": [
          "ON_FOOT"
        ],
        "stop_line": [
          2.229959664825141,
          41.442471213290645
        ],
        "waiting_zone_id": "osm1189638437_ped"
      }
    },
    {
      "type": "Feature",
      "geometry": {
        "type": "Polygon",
        "coordinates": [
          [
            [
              2.2337167317196727,
              41.44252087280409
            ],
            [
              2.233682347390512,
              41.442495800069594
            ],
            [
              2.233699007904237,
              41.44248286367767
            ],
            [
              2.2336990078490575,
              41.44248286363737
            ],
            [
              2.233724507849291,
              41.4424630636412
            ],
            [
              2.2337245323290653,
              41.442463044661274
            ],
            [
              2.233749332329328,
              41.44244384466494
            ],
            [
              2.233749332376194,
              41.44244384469929
            ],
            [
              2.2337660180902597,
              41.4424309267191
            ],
            [
              2.233800353476039,
              41.44245603738065
            ],
            [
              2.2337588799725516,
              41.4424881458678
            ],
            [
              2.2337167317196727,
              41.44252087280409
            ]
          ]
        ]
      },
      "properties": {
        "intersection_id": "5588597270",
        "modes": [
          "ON_FOOT"
        ],
        "stop_line": [
          2.23372036512921,
          41.442492165900894
        ],
        "waiting_zone_id": "osm1270941370_ped"
      }
    },
    {
      "type": "Feature",
      "geometry": {
        "type": "MultiPolygon",
        "coordinates": [
          [
            [
              [
                2.233456971767073,
                41.442320466401725
              ],
              [
                2.233424055954848,
                41.44229430163432
              ],
              [
                2.2334414421278397,
                41.44228191765373
              ],
              [
                2.2334414420905526,
                41.44228191762395
              ],
              [
                2.233477239721427,
                41.44225641931572
              ],
              [
                2.2334953370216097,
                41.44224352124209
              ],
              [
                2.2334953370684403,
                41.442243521279444
              ],
              [
                2.233512718285058,
                41.44223113354664
              ],
              [
                2.23354564423282,
                41.44225729107203
              ],
              [
                2.2335101629769283,
                41.44228257883998
              ],
              [
                2.233510157911387,
                41.44228258244845
              ],
              [
                2.233456971767073,
                41.442320466401725
              ]
            ]
          ],
          [
            [
              [
                2.233520737852663,
                41.44240183659999
              ],
              [
                2.2334763442454144,
                41.442367897998665
              ],
              [
                2.2335104685164193,
                41.442342624977776
              ],
              [
                2.233527262062303,
                41.44235546352911
              ],
              [
                2.2335272621240247,
                41.442355463483345
              ],
              [
                2.233554669980741,
                41.44237641658701
              ],
              [
                2.2335785734183413,
                41.44239387303599
              ],
              [
                2.233578573361275,
                41.44239387308031
              ],
              [
                2.2335957530008392,
                41.44240641919141
              ],
              [
                2.233562406134515,
                41.44243227312978
              ],
              [
                2.2335211265553876,
                41.44240212702917
              ],
              [
                2.233520737852663,
                41.44240183659999
              ]
            ]
          ]
        ]
      },
      "properties": {
        "intersection_id": "11802511841",
        "modes": [
          "ON_FOOT"
        ],
        "stop_line": [
          2.2334622465253715,
          41.44229190401293
        ],
        "waiting_zone_id": "osm1270941373_ped"
      }
    },
    {
      "type": "Feature",
      "geometry": {
        "type": "Polygon",
        "coordinates": [
          [
            [
              2.2321141454908244,
              41.44130443735948
            ],
            [
              2.23209469318152,
              41.44129393698025
            ],
            [
              2.232122602237509,
              41.441264662261
            ],
            [
              2.2321822545329257,
              41.44129686263418
            ],
            [
              2.232182463308054,
              41.441296977029026
            ],
            [
              2.2321825268898663,
              41.441297011863064
            ],
            [
              2.2321974294959706,
              41.44130529779958
            ],
            [
              2.2322564096090436,
              41.44133809103263
            ],
            [
              2.2322989590012683,
              41.44136064953765
            ],
            [
              2.2322713816013873,
              41.44139010171771
            ],
            [
              2.2322286113348153,
              41.44136742610478
            ],
            [
              2.2322284446676712,
              41.44136733559482
            ],
            [
              2.232228173111142,
              41.4413671881442
            ],
            [
              2.2321542086015276,
              41.44132606347249
            ],
            [
              2.2321141454888354,
              41.44130443736175
            ],
            [
              2.2321141454908244,
              41.44130443735948
            ]
          ]
        ]
      },
      "properties": {
        "intersection_id": "11802511846",
        "modes": [
          "ON_FOOT"
        ],
        "stop_line": [
          2.232132963083488,
          41.441292425098815
        ],
        "waiting_zone_id": "osm1270941374_ped"
      }
    },
    {
      "type": "Feature",
      "geometry": {
        "type": "Polygon",
        "coordinates": [
          [
            [
              2.2318262318935447,
              41.441518978821804
            ],
            [
              2.2317580512597015,
              41.44148816913354
            ],
            [
              2.231782701408304,
              41.441457282351045
            ],
            [
              2.231803225039083,
              41.4414665566354
            ],
            [
              2.231803225070765,
              41.44146655659588
            ],
            [
              2.2318510250637664,
              41.44148815659068
            ],
            [
              2.2318513097494463,
              41.44148828727381
            ],
            [
              2.2319342953492383,
              41.441526980555885
            ],
            [
              2.231955580863328,
              41.44153687382209
            ],
            [
              2.2319555808394407,
              41.44153687385104
            ],
            [
              2.2319759486049433,
              41.44154634055398
            ],
            [
              2.231950786874404,
              41.44157699292084
            ],
            [
              2.2319091190381166,
              41.44155762619843
            ],
            [
              2.231909090200257,
              41.44155761274267
            ],
            [
              2.2318262318935447,
              41.441518978821804
            ]
          ]
        ]
      },
      "properties": {
        "intersection_id": "5588597299",
        "modes": [
          "ON_FOOT"
        ],
        "stop_line": [
          2.2317960308958367,
          41.44148431856544
        ],
        "waiting_zone_id": "osm1270941376_ped"
      }
    },
    {
      "type": "Feature",
      "geometry": {
        "type": "Polygon",
        "coordinates": [
          [
            [
              2.230610019033431,
              41.442554999179784
            ],
            [
              2.230580377938212,
              41.44252670452564
            ],
            [
              2.2306195794411003,
              41.4425034526795
            ],
            [
              2.230620660018764,
              41.442502848011706
            ],
            [
              2.2306657144599384,
              41.442479088478564
            ],
            [
              2.230709486250844,
              41.44245261042755
            ],
            [
              2.2308042628670712,
              41.44238987614068
            ],
            [
              2.230835887593211,
              41.44241692753427
            ],
            [
              2.230817912341271,
              41.44242882567607
            ],
            [
              2.2308179123513376,
              41.44242882568459
            ],
            [
              2.2307407123473797,
              41.4424799256952
            ],
            [
              2.2307398999062764,
              41.44248043987459
            ],
            [
              2.2306950999026007,
              41.44250753988038
            ],
            [
              2.230693839952949,
              41.442508251969294
            ],
            [
              2.230648691549002,
              41.44253206108652
            ],
            [
              2.230628820537439,
              41.442543847325
            ],
            [
              2.2306288205220923,
              41.4425438473104
            ],
            [
              2.230610019033431,
              41.442554999179784
            ]
          ]
        ]
      },
      "properties": {
        "intersection_id": "2805069272",
        "modes": [
          "ON_FOOT"
        ],
        "stop_line": [
          2.230797606178946,
          41.44241827454065
        ],
        "waiting_zone_id": "osm1270941381_ped"
      }
    },
    {
      "type": "Feature",
      "geometry": {
        "type": "Polygon",
        "coordinates": [
          [
            [
              2.2301564736905193,
              41.442791208873885
            ],
            [
              2.23012883077531,
              41.442761791238226
            ],
            [
              2.2301483785415916,
              41.44275139118474
            ],
            [
              2.230148378536572,
              41.44275139117935
            ],
            [
              2.2301842785324064,
              41.44273229118353
            ],
            [
              2.230184356566699,
              41.44273224998839
            ],
            [
              2.230184422073423,
              41.44273221539834
            ],
            [
              2.230231370474958,
              41.44270762336986
            ],
            [
              2.230258726355927,
              41.442737192549686
            ],
            [
              2.2302118498533567,
              41.44276174692995
            ],
            [
              2.2301815186893985,
              41.442777884115614
            ],
            [
              2.2301760214697044,
              41.44278080881908
            ],
            [
              2.2301760214684707,
              41.4427808088178
            ],
            [
              2.2301564736905193,
              41.442791208873885
            ]
          ]
        ]
      },
      "properties": {
        "intersection_id": "11802511863",
        "modes": [
          "ON_FOOT"
        ],
        "stop_line": [
          2.230220487890638,
          41.44273527301062
        ],
        "waiting_zone_id": "osm1270941382_ped"
      }
    },
    {
      "type": "Feature",
      "geometry": {
        "type": "Polygon",
        "coordinates": [
          [
            [
              2.230631999013011,
              41.442189257662996
            ],
            [
              2.2306336144989807,
              41.44219075755683
            ],
            [
              2.2306892990550162,
              41.44224245766656
            ],
            [
              2.23068931414134,
              41.442242471683514
            ],
            [
              2.2307244691674724,
              41.442275178086504
            ],
            [
              2.2306872409489054,
              41.442297834741574
            ],
            [
              2.2306721858992007,
              41.44228382832133
            ],
            [
              2.2306721858891376,
              41.442283828327575
            ],
            [
              2.2306548296991524,
              41.44226768102305
            ],
            [
              2.23065209351739,
              41.44226513542207
            ],
            [
              2.230648499690054,
              41.44226179874432
            ],
            [
              2.2305948078143847,
              41.44221194867906
            ],
            [
              2.230567514572319,
              41.442186654935085
            ],
            [
              2.2305675145906467,
              41.44218665492381
            ],
            [
              2.230552424256275,
              41.44217267010066
            ],
            [
              2.2305895950844787,
              41.44214996022378
            ],
            [
              2.230631999013011,
              41.442189257662996
            ]
          ]
        ]
      },
      "properties": {
        "intersection_id": "6033236615",
        "modes": [
          "ON_FOOT"
        ],
        "stop_line": [
          2.2306870362451177,
          41.44226899839829
        ],
        "waiting_zone_id": "osm1270941383_ped"
      }
    },
    {
      "type": "Feature",
      "geometry": {
        "type": "Polygon",
        "coordinates": [
          [
            [
              2.230364447267408,
              41.442267974127574
            ],
            [
              2.2303351114660597,
              41.442239499958745
            ],
            [
              2.230354032113453,
              41.44222846292957
            ],
            [
              2.2303540321092234,
              41.44222846292525
            ],
            [
              2.230401552750882,
              41.4422007425547
            ],
            [
              2.2304415928291577,
              41.44217484008803
            ],
            [
              2.230441592845222,
              41.44217484010222
            ],
            [
              2.2304597464657334,
              41.44216309627458
            ],
            [
              2.230490960808628,
              41.44219041608965
            ],
            [
              2.2304323071782113,
              41.44222835992786
            ],
            [
              2.2304313679397447,
              41.4422289370888
            ],
            [
              2.230364447267408,
              41.442267974127574
            ]
          ]
        ]
      },
      "properties": {
        "intersection_id": "11802538673",
        "modes": [
          "ON_FOOT"
        ],
        "stop_line": [
          2.230373430161992,
          41.44223994074082
        ],
        "waiting_zone_id": "osm1270941385_ped"
      }
    },
    {
      "type": "Feature",
      "geometry": {
        "type": "Polygon",
        "coordinates": [
          [
            [
              2.2294895739826175,
              41.44138634723598
            ],
            [
              2.2294605477023595,
              41.44135769428036
            ],
            [
              2.2294795868830986,
              41.44134677355092
            ],
            [
              2.2294795868580635,
              41.44134677352606
            ],
            [
              2.229525603544995,
              41.44132037867634
            ],
            [
              2.2295698229503054,
              41.441293986467024
            ],
            [
              2.2295698229691787,
              41.441293986485
            ],
            [
              2.229588579173776,
              41.441282791889144
            ],
            [
              2.229618333279117,
              41.441311018941526
            ],
            [
              2.229555177071687,
              41.44134871354921
            ],
            [
              2.229554813170699,
              41.44134892648476
            ],
            [
              2.2294895739826175,
              41.44138634723598
            ]
          ]
        ]
      },
      "properties": {
        "intersection_id": "11802538682",
        "modes": [
          "ON_FOOT"
        ],
        "stop_line": [
          2.2294988597990937,
          41.441358369814076
        ],
        "waiting_zone_id": "osm1270941387_ped"
      }
    },
    {
      "type": "Feature",
      "geometry": {
        "type": "Polygon",
        "coordinates": [
          [
            [
              2.2302349478219647,
              41.44412981403596
            ],
            [
              2.2302768551323817,
              41.44410954613764
            ],
            [
              2.2302768644097055,
              41.44410954166409
            ],
            [
              2.230332609924064,
              41.4440826084406
            ],
            [
              2.23035848108051,
              41.444112925034815
            ],
            [
              2.2303383355392565,
              41.444122658281955
            ],
            [
              2.2303383355613375,
              41.444122658307805
            ],
            [
              2.2303027401063633,
              41.44413985611352
            ],
            [
              2.230275244852544,
              41.44415315381923
            ],
            [
              2.2302752448331007,
              41.44415315379654
            ],
            [
              2.230255105295742,
              41.444162893996186
            ],
            [
              2.230260798552331,
              41.44416014049402
            ],
            [
              2.2302349478219647,
              41.44412981403596
            ]
          ]
        ]
      },
      "properties": {
        "intersection_id": "4004644513",
        "modes": [
          "ON_FOOT"
        ],
        "stop_line": [
          2.2302673348922686,
          41.44413556494392
        ],
        "waiting_zone_id": "osm1286526597_ped"
      }
    },
    {
      "type": "Feature",
      "geometry": {
        "type": "Polygon",
        "coordinates": [
          [
            [
              2.2302608066234146,
              41.44416015006436
            ],
            [
              2.2302188039574027,
              41.4441803735813
            ],
            [
              2.2301635381577003,
              41.44420698305194
            ],
            [
              2.2301377302068,
              41.444176635912854
            ],
            [
              2.230157896038849,
              41.4441669264538
            ],
            [
              2.230157896034188,
              41.44416692644821
            ],
            [
              2.230192996029298,
              41.44415002645198
            ],
            [
              2.2301929960387166,
              41.444150026447424
            ],
            [
              2.230219996034975,
              41.444137026450385
            ],
            [
              2.2302199960550304,
              41.44413702647407
            ],
            [
              2.2302349559032706,
              41.4441298235759
            ],
            [
              2.2302608066234146,
              41.44416015006436
            ]
          ]
        ]
      },
      "properties": {
        "intersection_id": "4004644514",
        "modes": [
          "ON_FOOT"
        ],
        "stop_line": [
          2.230175841451484,
          41.44417967263568
        ],
        "waiting_zone_id": "osm1286526600_ped"
      }
    },
    {
      "type": "Feature",
      "geometry": {
        "type": "Polygon",
        "coordinates": [
          [
            [
              2.230873337440456,
              41.44477910581941
            ],
            [
              2.2309247015744447,
              41.44475272206184
            ],
            [
              2.230924838073347,
              41.44475265260364
            ],
            [
              2.2309248699621698,
              41.44475263637251
            ],
            [
              2.2309478699591603,
              41.44474103637507
            ],
            [
              2.2309478699597767,
              41.44474103637582
            ],
            [
              2.230967756959487,
              41.444731006401796
            ],
            [
              2.2309944170749945,
              41.44476093363026
            ],
            [
              2.230974530046402,
              41.444770963622545
            ],
            [
              2.2309745300470176,
              41.44477096362328
            ],
            [
              2.2309702646436724,
              41.44477311487105
            ],
            [
              2.2309516144937724,
              41.44478252103823
            ],
            [
              2.230895325382872,
              41.44481143452961
            ],
            [
              2.230900155102031,
              41.444808953544076
            ],
            [
              2.230873337440456,
              41.44477910581941
            ]
          ]
        ]
      },
      "properties": {
        "intersection_id": "649387424",
        "modes": [
          "ON_FOOT"
        ],
        "stop_line": [
          2.230906543272411,
          41.44478386083406
        ],
        "waiting_zone_id": "osm1286526602_ped"
      }
    },
    {
      "type": "Feature",
      "geometry": {
        "type": "Polygon",
        "coordinates": [
          [
            [
              2.230900218869467,
              41.44480902413357
            ],
            [
              2.2308852859815804,
              41.44481668423693
            ],
            [
              2.2308852860282444,
              41.444816684288384
            ],
            [
              2.2308505860238377,
              41.44483448429238
            ],
            [
              2.230849975990827,
              41.444834787062845
            ],
            [
              2.2308249759873098,
              41.444846787065586
            ],
            [
              2.2308249759458767,
              41.44484678701678
            ],
            [
              2.2308047918562144,
              41.44485647538066
            ],
            [
              2.23077903988714,
              41.44482610123922
            ],
            [
              2.2308239157884775,
              41.44480456081369
            ],
            [
              2.230873401244304,
              41.44477917633885
            ],
            [
              2.230900218869467,
              41.44480902413357
            ]
          ]
        ]
      },
      "properties": {
        "intersection_id": "649387402",
        "modes": [
          "ON_FOOT"
        ],
        "stop_line": [
          2.2308171459928148,
          41.444829177924255
        ],
        "waiting_zone_id": "osm1286526605_ped"
      }
    },
    {
      "type": "Feature",
      "geometry": {
        "type": "Polygon",
        "coordinates": [
          [
            [
              2.2318394544625506,
              41.44590803575721
            ],
            [
              2.231809327478632,
              41.44588003224593
            ],
            [
              2.231863226365411,
              41.44584720434399
            ],
            [
              2.231943816237404,
              41.44579801055767
            ],
            [
              2.23194384999934,
              41.445797989994894
            ],
            [
              2.231986969821006,
              41.445771766064944
            ],
            [
              2.2320170697865778,
              41.44579978598044
            ],
            [
              2.2319984499247143,
              41.445811109909215
            ],
            [
              2.231998449982765,
              41.445811109963294
            ],
            [
              2.231973966856198,
              41.445825999703565
            ],
            [
              2.231893383722155,
              41.44587518941486
            ],
            [
              2.2318933634954115,
              41.445875201747896
            ],
            [
              2.2318580634927208,
              41.44589670175245
            ],
            [
              2.2318580634288447,
              41.4458967016931
            ],
            [
              2.2318394544625506,
              41.44590803575721
            ]
          ]
        ]
      },
      "properties": {
        "intersection_id": "649387419",
        "modes": [
          "ON_FOOT"
        ],
        "stop_line": [
          2.2318476522414548,
          41.445879866483274
        ],
        "waiting_zone_id": "osm1286526609_ped"
      }
    },
    {
      "type": "Feature",
      "geometry": {
        "type": "Polygon",
        "coordinates": [
          [
            [
              2.233545402100012,
              41.4422570987171
            ],
            [
              2.233512718244381,
              41.44223113350774
            ],
            [
              2.2335068637948754,
              41.44223530598432
            ],
            [
              2.2335064878318964,
              41.44223499241216
            ],
            [
              2.2335565915431075,
              41.44220097707977
            ],
            [
              2.2335879346259113,
              41.44217784053777
            ],
            [
              2.233587935501146,
              41.44217783989074
            ],
            [
              2.2336176262530607,
              41.44215592529625
            ],
            [
              2.2336511550042335,
              41.442181645547905
            ],
            [
              2.233634064350456,
              41.44219426010031
            ],
            [
              2.233634064392884,
              41.4421942601328
            ],
            [
              2.2336214650208897,
              41.44220355967087
            ],
            [
              2.233589765268192,
              41.44222695949261
            ],
            [
              2.2335890371753715,
              41.4422274749478
            ],
            [
              2.233556337173815,
              41.442249674952365
            ],
            [
              2.233556337143963,
              41.44224967492747
            ],
            [
              2.233545402100012,
              41.4422570987171
            ]
          ]
        ]
      },
      "properties": {
        "intersection_id": "11802511840",
        "modes": [
          "ON_FOOT"
        ],
        "stop_line": [
          2.233544743728456,
          41.44223328315828
        ],
        "waiting_zone_id": "osm1289860919_ped"
      }
    },
    {
      "type": "Feature",
      "geometry": {
        "type": "Polygon",
        "coordinates": [
          [
            [
              2.232088525737861,
              41.438985791811845
            ],
            [
              2.2321199243951613,
              41.438965992661004
            ],
            [
              2.2321199326222936,
              41.43896598747565
            ],
            [
              2.2321599254565263,
              41.43894079199381
            ],
            [
              2.232187018353941,
              41.43892369647784
            ],
            [
              2.232187041667748,
              41.43892368178588
            ],
            [
              2.2322156416657624,
              41.43890568178968
            ],
            [
              2.232215641710586,
              41.43890568183052
            ],
            [
              2.2322340047374514,
              41.43889412466955
            ],
            [
              2.2322647213999764,
              41.438921761074575
            ],
            [
              2.2322177700436656,
              41.4389513109119
            ],
            [
              2.232190681695769,
              41.43896840354685
            ],
            [
              2.232190667434342,
              41.43896841255725
            ],
            [
              2.2321506712285184,
              41.43899361017255
            ],
            [
              2.2321192756274177,
              41.439013407365074
            ],
            [
              2.232119273649119,
              41.43901340862321
            ],
            [
              2.2320824865544324,
              41.43903660052622
            ],
            [
              2.2320514997730774,
              41.439056192168856
            ],
            [
              2.2320514900662305,
              41.43905619828898
            ],
            [
              2.232008453474925,
              41.43908337926722
            ],
            [
              2.2319776734536383,
              41.43905578274542
            ],
            [
              2.2319960100135163,
              41.43904420177385
            ],
            [
              2.2319960099824554,
              41.439044201745716
            ],
            [
              2.2320207049424665,
              41.43902860493118
            ],
            [
              2.2320517002845652,
              41.43900900787898
            ],
            [
              2.2320517263733963,
              41.43900899140808
            ],
            [
              2.232088525737861,
              41.438985791811845
            ]
          ]
        ]
      },
      "properties": {
        "intersection_id": "5588596928",
        "modes": [
          "ON_FOOT"
        ],
        "stop_line": [
          2.2320159841404483,
          41.43905510475437
        ],
        "waiting_zone_id": "osm1296590533_ped"
      }
    },
    {
      "type": "Feature",
      "geometry": {
        "type": "Polygon",
        "coordinates": [
          [
            [
              2.231126950241169,
              41.43829175254675
            ],
            [
              2.231094576500684,
              41.43826520894167
            ],
            [
              2.231112213175143,
              41.43825302823739
            ],
            [
              2.2311122131468824,
              41.43825302821384
            ],
            [
              2.2311399782614147,
              41.43823385231074
            ],
            [
              2.2311659434861104,
              41.4382157765225
            ],
            [
              2.2311660144734358,
              41.43821572730384
            ],
            [
              2.2312008947747195,
              41.438191640911036
            ],
            [
              2.231235475193351,
              41.43816765449707
            ],
            [
              2.231235511373807,
              41.43816762945261
            ],
            [
              2.2312658931734073,
              41.438146642028684
            ],
            [
              2.2312942749526665,
              41.43812695467092
            ],
            [
              2.2312943310862106,
              41.43812691585763
            ],
            [
              2.231319431085083,
              41.43810961586106
            ],
            [
              2.2313194311271225,
              41.438109615895975
            ],
            [
              2.2313370842942066,
              41.43809744856264
            ],
            [
              2.231369422098735,
              41.438124016840376
            ],
            [
              2.2313266971280035,
              41.438153464776114
            ],
            [
              2.2312983251658274,
              41.43817314533282
            ],
            [
              2.2312982887500437,
              41.43817317055076
            ],
            [
              2.231267906809435,
              41.43819415804744
            ],
            [
              2.2312333248907494,
              41.43821814550525
            ],
            [
              2.2312332856206094,
              41.43821817269702
            ],
            [
              2.231198421180405,
              41.4382422481438
            ],
            [
              2.231172456639264,
              41.43826032348268
            ],
            [
              2.2311723869377857,
              41.43826037177468
            ],
            [
              2.231126950241169,
              41.43829175254675
            ]
          ]
        ]
      },
      "properties": {
        "intersection_id": "5588596888",
        "modes": [
          "ON_FOOT"
        ],
        "stop_line": [
          2.2311328091797136,
          41.43826325481234
        ],
        "waiting_zone_id": "osm1297673041_ped"
      }
    },
    {
      "type": "Feature",
      "geometry": {
        "type": "Polygon",
        "coordinates": [
          [
            [
              2.231951268410092,
              41.43885393648725
            ],
            [
              2.231951267517837,
              41.43885393703724
            ],
            [
              2.231912624902491,
              41.43887775066362
            ],
            [
              2.2319069757852508,
              41.43888123194946
            ],
            [
              2.2318996382060288,
              41.43888576164485
            ],
            [
              2.231879283354036,
              41.438898327275666
            ],
            [
              2.231879247379683,
              41.43889834943971
            ],
            [
              2.231848347377499,
              41.43891734944373
            ],
            [
              2.231848347368676,
              41.43891734943563
            ],
            [
              2.2318298099641987,
              41.438928747828825
            ],
            [
              2.2317995152534214,
              41.438900848929926
            ],
            [
              2.231848934758046,
              41.438870461537135
            ],
            [
              2.2318572243984183,
              41.43886534411624
            ],
            [
              2.2318766325376536,
              41.43885336291523
            ],
            [
              2.231906012969578,
              41.438835257159845
            ],
            [
              2.2319209324885128,
              41.438826062960956
            ],
            [
              2.2319209315959014,
              41.438826063510945
            ],
            [
              2.231954031593371,
              41.43880566351505
            ],
            [
              2.2319540381050382,
              41.43880565950342
            ],
            [
              2.231985559595121,
              41.43878624626256
            ],
            [
              2.2320174134694293,
              41.43876667461606
            ],
            [
              2.2320619349043667,
              41.43873904060296
            ],
            [
              2.232092400026582,
              41.43876683419041
            ],
            [
              2.2320739325589676,
              41.438778296786374
            ],
            [
              2.2320739325684973,
              41.438778296795036
            ],
            [
              2.232060454917243,
              41.43878666223684
            ],
            [
              2.232047740444941,
              41.438794553688105
            ],
            [
              2.2320346552222743,
              41.43880259351495
            ],
            [
              2.23201585138936,
              41.438814146983425
            ],
            [
              2.231990747272747,
              41.438829607917654
            ],
            [
              2.2319843655463467,
              41.43883353824985
            ],
            [
              2.231958028839507,
              41.43884976993994
            ],
            [
              2.231951268410092,
              41.43885393648725
            ]
          ]
        ]
      },
      "properties": {
        "intersection_id": "5588596925",
        "modes": [
          "ON_FOOT"
        ],
        "stop_line": [
          2.232054083141683,
          41.43876726563722
        ],
        "waiting_zone_id": "osm1297673052_ped"
      }
    },
    {
      "type": "Feature",
      "geometry": {
        "type": "Polygon",
        "coordinates": [
          [
            [
              2.2309569881860836,
              41.438147213859786
            ],
            [
              2.230927160744298,
              41.438119031490494
            ],
            [
              2.2309755863353375,
              41.43809000878119
            ],
            [
              2.2309756875403983,
              41.43808994851314
            ],
            [
              2.2309757000112387,
              41.43808994108547
            ],
            [
              2.2309769187417428,
              41.43808921970477
            ],
            [
              2.2310028887460023,
              41.4380738477297
            ],
            [
              2.2310451773911093,
              41.43804875448308
            ],
            [
              2.2310452003826207,
              41.43804874085812
            ],
            [
              2.231082189764073,
              41.43802684713228
            ],
            [
              2.2311096505699903,
              41.43801055543027
            ],
            [
              2.2311148790461846,
              41.43800745351968
            ],
            [
              2.231114889531776,
              41.43800744730256
            ],
            [
              2.2311345823892816,
              41.43799577746389
            ],
            [
              2.2311418895634065,
              41.43799144728465
            ],
            [
              2.2311419398681824,
              41.437991417520884
            ],
            [
              2.231192686625172,
              41.43796151032585
            ],
            [
              2.231222206985283,
              41.437989875195
            ],
            [
              2.2312033601579397,
              41.43800098241889
            ],
            [
              2.231203360163233,
              41.43800098242377
            ],
            [
              2.2311714853815863,
              41.438019767563716
            ],
            [
              2.231144515588429,
              41.43803574966531
            ],
            [
              2.2311118209569614,
              41.43805514648281
            ],
            [
              2.231111799674743,
              41.43805515909428
            ],
            [
              2.231074811217469,
              41.438077052265
            ],
            [
              2.231032522643245,
              41.43810214548822
            ],
            [
              2.2310324999972924,
              41.438102158909324
            ],
            [
              2.231005356983973,
              41.438118225180354
            ],
            [
              2.2309757137162367,
              41.438135991181404
            ],
            [
              2.230975713701773,
              41.43813599116762
            ],
            [
              2.2309569881860836,
              41.438147213859786
            ]
          ]
        ]
      },
      "properties": {
        "intersection_id": "5588596885",
        "modes": [
          "ON_FOOT"
        ],
        "stop_line": [
          2.231183888305749,
          41.43798957679911
        ],
        "waiting_zone_id": "osm1298760151_ped"
      }
    },
    {
      "type": "Feature",
      "geometry": {
        "type": "Polygon",
        "coordinates": [
          [
            [
              2.2344975180578572,
              41.44925301400055
            ],
            [
              2.2344782273068797,
              41.44924234380752
            ],
            [
              2.234506591222265,
              41.449213315782096
            ],
            [
              2.2345578727681064,
              41.44924168089769
            ],
            [
              2.234611767928386,
              41.44927143223896
            ],
            [
              2.234583440741887,
              41.449300480566706
            ],
            [
              2.234564136416301,
              41.44928982414493
            ],
            [
              2.2345641364070006,
              41.449289824154526
            ],
            [
              2.2345295364034414,
              41.449270724150274
            ],
            [
              2.2345295180545035,
              41.44927071401112
            ],
            [
              2.2344975180513567,
              41.44925301400722
            ],
            [
              2.2344975180578572,
              41.44925301400055
            ]
          ]
        ]
      },
      "properties": {
        "intersection_id": "302192261",
        "modes": [
          "ON_FOOT"
        ],
        "stop_line": [
          2.23457347393026,
          41.449272635899206
        ],
        "waiting_zone_id": "osm1375128740_ped"
      }
    },
    {
      "type": "Feature",
      "geometry": {
        "type": "MultiPolygon",
        "coordinates": [
          [
            [
              [
                2.2345912202534177,
                41.44929250299698
              ],
              [
                2.2346181781676187,
                41.44927467694721
              ],
              [
                2.2346339841785117,
                41.44928820785358
              ],
              [
                2.2346339841979312,
                41.44928820784055
              ],
              [
                2.2346603805604386,
                41.44931080472122
              ],
              [
                2.2346902955584094,
                41.449336389911025
              ],
              [
                2.2347065913369146,
                41.44935032706296
              ],
              [
                2.234670637493894,
                41.449374123917515
              ],
              [
                2.2346244231353407,
                41.449334598457824
              ],
              [
                2.234624415810588,
                41.449334592189814
              ],
              [
                2.2345839539182877,
                41.449299954337164
              ],
              [
                2.2345912202534177,
                41.44929250299698
              ]
            ]
          ],
          [
            [
              [
                2.2347574794543648,
                41.44939697290023
              ],
              [
                2.2347241436167176,
                41.44937110834869
              ],
              [
                2.234741332131478,
                41.44935856775888
              ],
              [
                2.2347413320894045,
                41.44935856772611
              ],
              [
                2.234780362703861,
                41.449330091313634
              ],
              [
                2.234802523812279,
                41.449313272618454
              ],
              [
                2.234810351669189,
                41.44930722832502
              ],
              [
                2.2348103517141125,
                41.449307228358066
              ],
              [
                2.234827060903623,
                41.44929432630736
              ],
              [
                2.2348613576044647,
                41.44931946966848
              ],
              [
                2.2348367483917677,
                41.44933847172189
              ],
              [
                2.234836603458168,
                41.44933858267042
              ],
              [
                2.2348142034438854,
                41.449355582650746
              ],
              [
                2.234813867946279,
                41.449355832316876
              ],
              [
                2.2347574794543648,
                41.44939697290023
              ]
            ]
          ]
        ]
      },
      "properties": {
        "intersection_id": "302182249",
        "modes": [
          "ON_FOOT"
        ],
        "stop_line": [
          2.2346688464048468,
          41.449345318637356
        ],
        "waiting_zone_id": "osm1375128742_ped"
      }
    },
    {
      "type": "Feature",
      "geometry": {
        "type": "Polygon",
        "coordinates": [
          [
            [
              2.2337558868852136,
              41.45015096458974
            ],
            [
              2.233758920209879,
              41.45015246065217
            ],
            [
              2.2337851513460225,
              41.45012237218572
            ],
            [
              2.233782247365247,
              41.45012094158348
            ],
            [
              2.2338427141412764,
              41.45015072815372
            ],
            [
              2.233895846118202,
              41.450176892820416
            ],
            [
              2.233869621148172,
              41.45020703801362
            ],
            [
              2.2338495875550213,
              41.45019717254242
            ],
            [
              2.233849587511617,
              41.45019717259247
            ],
            [
              2.233816487507231,
              41.4501808725887
            ],
            [
              2.2338164844671082,
              41.45018087109135
            ],
            [
              2.2337758844617848,
              41.450160871086645
            ],
            [
              2.2337758844994036,
              41.450160871043146
            ],
            [
              2.2337558868852136,
              41.45015096458974
            ]
          ]
        ]
      },
      "properties": {
        "intersection_id": "6119951192",
        "modes": [
          "ON_FOOT"
        ],
        "stop_line": [
          2.2337940078717815,
          41.45014826693334
        ],
        "waiting_zone_id": "osm1375128743_ped"
      }
    },
    {
      "type": "Feature",
      "geometry": {
        "type": "Polygon",
        "coordinates": [
          [
            [
              2.2337863183461972,
              41.450122947104454
            ],
            [
              2.2337851512129694,
              41.45012237224276
            ],
            [
              2.233758920123301,
              41.4501524606408
            ],
            [
              2.2337033737016756,
              41.450125065832005
            ],
            [
              2.23370335908124,
              41.450125058587616
            ],
            [
              2.2336501442639776,
              41.45009877174659
            ],
            [
              2.2336764260934436,
              41.45006865464206
            ],
            [
              2.233696440893013,
              41.45007854147129
            ],
            [
              2.233696440919775,
              41.45007854144074
            ],
            [
              2.2337296335228456,
              41.45009493778508
            ],
            [
              2.233766326264503,
              41.4501130342037
            ],
            [
              2.2337663262453367,
              41.450113034225446
            ],
            [
              2.2337863183461972,
              41.450122947104454
            ]
          ]
        ]
      },
      "properties": {
        "intersection_id": "6119951191",
        "modes": [
          "ON_FOOT"
        ],
        "stop_line": [
          2.2336883037045405,
          41.450096071710604
        ],
        "waiting_zone_id": "osm1375128746_ped"
      }
    },
    {
      "type": "Feature",
      "geometry": {
        "type": "Polygon",
        "coordinates": [
          [
            [
              2.2328661270227026,
              41.45110349157251
            ],
            [
              2.23284633388194,
              41.45109335507448
            ],
            [
              2.2328732798947217,
              41.451063571867266
            ],
            [
              2.232926061363847,
              41.451090602349765
            ],
            [
              2.23298285885673,
              41.45111961511735
            ],
            [
              2.232955959991934,
              41.451149422476306
            ],
            [
              2.2329361506020895,
              41.45113930364594
            ],
            [
              2.232936150570091,
              41.4511393036817
            ],
            [
              2.232899150565501,
              41.45112040367736
            ],
            [
              2.232899126988677,
              41.45112039161861
            ],
            [
              2.232866126984742,
              41.451103491614674
            ],
            [
              2.2328661270227026,
              41.45110349157251
            ]
          ]
        ]
      },
      "properties": {
        "intersection_id": "5599407993",
        "modes": [
          "ON_FOOT"
        ],
        "stop_line": [
          2.2328845483086983,
          41.451091134135
        ],
        "waiting_zone_id": "osm1375128747_ped"
      }
    },
    {
      "type": "Feature",
      "geometry": {
        "type": "Polygon",
        "coordinates": [
          [
            [
              2.2328199451401556,
              41.45103639413696
            ],
            [
              2.2328530451362227,
              41.45105329413321
            ],
            [
              2.232853045128091,
              41.451053294142014
            ],
            [
              2.2328728573070005,
              41.45106340971734
            ],
            [
              2.2328459670415595,
              41.451093221437574
            ],
            [
              2.2327930650248864,
              41.45106621107439
            ],
            [
              2.232736149347784,
              41.451037216254406
            ],
            [
              2.232762998464269,
              41.45100738353135
            ],
            [
              2.2328199451401556,
              41.45103639413696
            ]
          ]
        ]
      },
      "properties": {
        "intersection_id": "5599407992",
        "modes": [
          "ON_FOOT"
        ],
        "stop_line": [
          2.232774356525832,
          41.451034925023926
        ],
        "waiting_zone_id": "osm1375128750_ped"
      }
    },
    {
      "type": "Feature",
      "geometry": {
        "type": "Polygon",
        "coordinates": [
          [
            [
              2.234044377493303,
              41.448018884615465
            ],
            [
              2.234062057078423,
              41.44800935563797
            ],
            [
              2.2340620570682908,
              41.44800935562731
            ],
            [
              2.234091557064923,
              41.44799345563083
            ],
            [
              2.234091615429857,
              41.447993424272546
            ],
            [
              2.2341183154268935,
              41.44797912427574
            ],
            [
              2.2341183154327067,
              41.44797912428201
            ],
            [
              2.2341378207533347,
              41.44796867758796
            ],
            [
              2.2341655899135238,
              41.4479980290409
            ],
            [
              2.2341433772939414,
              41.44800992569283
            ],
            [
              2.2341194137824703,
              41.448022760083774
            ],
            [
              2.234089942937899,
              41.44803864437108
            ],
            [
              2.234089942935079,
              41.448038644368175
            ],
            [
              2.2340713083449013,
              41.448048688089784
            ],
            [
              2.234072208145945,
              41.44804820299861
            ],
            [
              2.234044377493303,
              41.448018884615465
            ]
          ]
        ]
      },
      "properties": {
        "intersection_id": "5588597475",
        "modes": [
          "ON_FOOT"
        ],
        "stop_line": [
          2.2340808659205695,
          41.44802137735234
        ],
        "waiting_zone_id": "osm1375128754_ped"
      }
    },
    {
      "type": "Feature",
      "geometry": {
        "type": "Polygon",
        "coordinates": [
          [
            [
              2.233306251994577,
              41.44726273826787
            ],
            [
              2.233260861392353,
              41.447286988059716
            ],
            [
              2.2332608171825927,
              41.447287011611344
            ],
            [
              2.2332128643161457,
              41.44731250768368
            ],
            [
              2.233185230069776,
              41.447283084397
            ],
            [
              2.233204782879289,
              41.44727268837491
            ],
            [
              2.233204782871186,
              41.4472726883662
            ],
            [
              2.23323316075253,
              41.44725760012796
            ],
            [
              2.233262338671145,
              41.44724201192656
            ],
            [
              2.2332623386893795,
              41.447242011946
            ],
            [
              2.233278610631515,
              41.447233318716215
            ],
            [
              2.233306251994577,
              41.44726273826787
            ]
          ]
        ]
      },
      "properties": {
        "intersection_id": "5588597474",
        "modes": [
          "ON_FOOT"
        ],
        "stop_line": [
          2.2332234882136848,
          41.44728480098598
        ],
        "waiting_zone_id": "osm1375128760_ped"
      }
    },
    {
      "type": "Feature",
      "geometry": {
        "type": "Polygon",
        "coordinates": [
          [
            [
              2.2329038518237545,
              41.4468475923896
            ],
            [
              2.2328974925773415,
              41.446844188913
            ],
            [
              2.232891989756435,
              41.44684777290202
            ],
            [
              2.232872452137892,
              41.446819234782524
            ],
            [
              2.2328937362978363,
              41.44681098560278
            ],
            [
              2.232893736295118,
              41.44681098559881
            ],
            [
              2.2329276026102147,
              41.44679785998906
            ],
            [
              2.232954011794273,
              41.44678770261865
            ],
            [
              2.232958802594055,
              41.44678586000262
            ],
            [
              2.2329588025946676,
              41.44678586000362
            ],
            [
              2.2329801208103865,
              41.44677766068822
            ],
            [
              2.2330019156064465,
              41.44680974068443
            ],
            [
              2.23298059740709,
              41.44681793999023
            ],
            [
              2.232980597411299,
              41.446817939996365
            ],
            [
              2.2329494305805873,
              41.446829927239634
            ],
            [
              2.2329209450856045,
              41.44684096747751
            ],
            [
              2.2329038518237545,
              41.4468475923896
            ]
          ]
        ]
      },
      "properties": {
        "intersection_id": "5588597470",
        "modes": [
          "ON_FOOT"
        ],
        "stop_line": [
          2.232964370452533,
          41.446803949826865
        ],
        "waiting_zone_id": "osm1375128762_ped"
      }
    },
    {
      "type": "Feature",
      "geometry": {
        "type": "Polygon",
        "coordinates": [
          [
            [
              2.2320806419881776,
              41.44600535098456
            ],
            [
              2.232051773920914,
              41.445976665211866
            ],
            [
              2.232048501964042,
              41.445978525233144
            ],
            [
              2.232067566073136,
              41.44596762770596
            ],
            [
              2.23206756607305,
              41.445967627705755
            ],
            [
              2.2320680727928917,
              41.44596733960435
            ],
            [
              2.2320974660468766,
              41.44595062770824
            ],
            [
              2.2320974708282706,
              41.44595062499131
            ],
            [
              2.232143675921474,
              41.44592436823635
            ],
            [
              2.2321725341812626,
              41.445953118267084
            ],
            [
              2.2321534291407388,
              41.4459639750098
            ],
            [
              2.2321534291426786,
              41.4459639750117
            ],
            [
              2.23212633150824,
              41.44597937366931
            ],
            [
              2.2320964339334095,
              41.44599637229248
            ],
            [
              2.2320964339308533,
              41.44599637228992
            ],
            [
              2.2320806419881776,
              41.44600535098456
            ]
          ]
        ]
      },
      "properties": {
        "intersection_id": "649387426",
        "modes": [
          "ON_FOOT"
        ],
        "stop_line": [
          2.2320867753649605,
          41.445979284910685
        ],
        "waiting_zone_id": "osm1375128766_ped"
      }
    },
    {
      "type": "Feature",
      "geometry": {
        "type": "Polygon",
        "coordinates": [
          [
            [
              2.2346081755868226,
              41.448880569905086
            ],
            [
              2.234602657806668,
              41.44884478157279
            ],
            [
              2.2346940410627343,
              41.44883680583106
            ],
            [
              2.2346941151213864,
              41.44883679945163
            ],
            [
              2.2347815068001005,
              41.448829379394745
            ],
            [
              2.2347868765601513,
              41.448865180478386
            ],
            [
              2.234763084873981,
              41.44886720053436
            ],
            [
              2.2347630848753077,
              41.44886720054282
            ],
            [
              2.234699521932422,
              41.44887259739634
            ],
            [
              2.234631958895791,
              41.44887849416993
            ],
            [
              2.234631958893128,
              41.44887849415368
            ],
            [
              2.2346081755868226,
              41.448880569905086
            ]
          ]
        ]
      },
      "properties": {
        "intersection_id": "649387450",
        "modes": [
          "ON_FOOT"
        ],
        "stop_line": [
          2.2346351458162297,
          41.448860081062065
        ],
        "waiting_zone_id": "osm1375128771_ped"
      }
    },
    {
      "type": "Feature",
      "geometry": {
        "type": "Polygon",
        "coordinates": [
          [
            [
              2.2320806796129955,
              41.446005388344304
            ],
            [
              2.2320666316195097,
              41.44601337352697
            ],
            [
              2.232066631672493,
              41.44601337357971
            ],
            [
              2.232038159531607,
              41.446029557746044
            ],
            [
              2.2320061873206507,
              41.446047841856284
            ],
            [
              2.232006187256908,
              41.446047841793174
            ],
            [
              2.2319871262567186,
              41.44605874228386
            ],
            [
              2.2319581516219977,
              41.44603005857091
            ],
            [
              2.232009212647022,
              41.446000858074974
            ],
            [
              2.232009268324165,
              41.4460008263195
            ],
            [
              2.232051774005733,
              41.44597666519666
            ],
            [
              2.2320806796129955,
              41.446005388344304
            ]
          ]
        ]
      },
      "properties": {
        "intersection_id": "539051280",
        "modes": [
          "ON_FOOT"
        ],
        "stop_line": [
          2.231996465255991,
          41.446030774870465
        ],
        "waiting_zone_id": "osm1375128779_ped"
      }
    },
    {
      "type": "Feature",
      "geometry": {
        "type": "Polygon",
        "coordinates": [
          [
            [
              2.2328585448326206,
              41.446938619351506
            ],
            [
              2.232819514701412,
              41.446917747249316
            ],
            [
              2.232833384942068,
              41.44690306394668
            ],
            [
              2.2328333849362183,
              41.44690306394349
            ],
            [
              2.2328623849406393,
              41.44687236394832
            ],
            [
              2.2328623906954856,
              41.446872357858766
            ],
            [
              2.2328739524092343,
              41.446860129127934
            ],
            [
              2.2328893206891594,
              41.44684387420522
            ],
            [
              2.2328919895622015,
              41.44684777303696
            ],
            [
              2.232897492521314,
              41.44684418894576
            ],
            [
              2.232893116573331,
              41.44684184667554
            ],
            [
              2.2329308875873264,
              41.44686206317442
            ],
            [
              2.23291700930775,
              41.446876742134926
            ],
            [
              2.23291700930837,
              41.44687674213527
            ],
            [
              2.2329014122531445,
              41.44689323902568
            ],
            [
              2.2328724150700276,
              41.446923936053246
            ],
            [
              2.232872415063469,
              41.446923936049714
            ],
            [
              2.2328585448326206,
              41.446938619351506
            ]
          ]
        ]
      },
      "properties": {
        "intersection_id": "5588597471",
        "modes": [
          "ON_FOOT"
        ],
        "stop_line": [
          2.2328563675531394,
          41.44690982917844
        ],
        "waiting_zone_id": "osm1375128780_ped"
      }
    },
    {
      "type": "Feature",
      "geometry": {
        "type": "Polygon",
        "coordinates": [
          [
            [
              2.233306296949332,
              41.44726278625747
            ],
            [
              2.233278655773169,
              41.44723336662962
            ],
            [
              2.233295287836718,
              41.4472245293144
            ],
            [
              2.233326971677406,
              41.44720769431963
            ],
            [
              2.2333539544546572,
              41.447193303506594
            ],
            [
              2.233353954460911,
              41.447193303513345
            ],
            [
              2.2333734871537496,
              41.44718288606048
            ],
            [
              2.2334011782457637,
              41.447212279031646
            ],
            [
              2.233381645547878,
              41.4472226964877
            ],
            [
              2.2333816455515767,
              41.447222696491686
            ],
            [
              2.233367488329715,
              41.44723024701247
            ],
            [
              2.2333546455728803,
              41.44723709648723
            ],
            [
              2.2333546111058884,
              41.44723711484663
            ],
            [
              2.233306296949332,
              41.44726278625747
            ]
          ]
        ]
      },
      "properties": {
        "intersection_id": "5588597473",
        "modes": [
          "ON_FOOT"
        ],
        "stop_line": [
          2.2333121892735974,
          41.447237602118534
        ],
        "waiting_zone_id": "osm1375128782_ped"
      }
    },
    {
      "type": "Feature",
      "geometry": {
        "type": "Polygon",
        "coordinates": [
          [
            [
              2.234027197526052,
              41.448072368790605
            ],
            [
              2.233998297522815,
              41.448087868794026
            ],
            [
              2.233998297519997,
              41.44808786879099
            ],
            [
              2.2339788013499353,
              41.448098325206665
            ],
            [
              2.2339510063118677,
              41.448068987624744
            ],
            [
              2.233970502485576,
              41.448058531206684
            ],
            [
              2.2339705024833743,
              41.448058531204325
            ],
            [
              2.233999398826309,
              41.44804303316734
            ],
            [
              2.2340265950570544,
              41.448028435192086
            ],
            [
              2.2340265950602243,
              41.44802843519553
            ],
            [
              2.2340443810223127,
              41.448018888315794
            ],
            [
              2.234072211719089,
              41.44804820677755
            ],
            [
              2.234027197526052,
              41.448072368790605
            ]
          ]
        ]
      },
      "properties": {
        "intersection_id": "5588597476",
        "modes": [
          "ON_FOOT"
        ],
        "stop_line": [
          2.233989274039372,
          41.44807058589687
        ],
        "waiting_zone_id": "osm1375128787_ped"
      }
    },
    {
      "type": "Feature",
      "geometry": {
        "type": "Polygon",
        "coordinates": [
          [
            [
              2.234203344262039,
              41.45370307831116
            ],
            [
              2.234158992568577,
              41.45368948872072
            ],
            [
              2.234168024238965,
              41.45367280522759
            ],
            [
              2.2341680241466157,
              41.453672805199254
            ],
            [
              2.2341824241540875,
              41.45364620520202
            ],
            [
              2.2341824292226944,
              41.45364619584667
            ],
            [
              2.2341946292290698,
              41.453623695849025
            ],
            [
              2.234194629307819,
              41.45362369587325
            ],
            [
              2.234203673451195,
              41.45360701612349
            ],
            [
              2.2342048220280284,
              41.45360736861281
            ],
            [
              2.23420094745283,
              41.453613435057115
            ],
            [
              2.234243560571235,
              41.453628839530296
            ],
            [
              2.2342267735012626,
              41.453659799318004
            ],
            [
              2.234203344262039,
              41.45370307831116
            ]
          ]
        ]
      },
      "properties": {
        "intersection_id": "5588597495",
        "modes": [
          "ON_FOOT"
        ],
        "stop_line": [
          2.234214538972045,
          41.45363466992991
        ],
        "waiting_zone_id": "osm1376596232_ped"
      }
    },
    {
      "type": "Feature",
      "geometry": {
        "type": "Polygon",
        "coordinates": [
          [
            [
              2.234244111999079,
              41.45362903884506
            ],
            [
              2.2342009474487097,
              41.453613435017445
            ],
            [
              2.2342113177630734,
              41.453597198098414
            ],
            [
              2.2342113177248786,
              41.45359719808453
            ],
            [
              2.2342288002791144,
              41.45356982541352
            ],
            [
              2.2342432829559953,
              41.453546952784066
            ],
            [
              2.234243282992681,
              41.45354695279726
            ],
            [
              2.2342535806391135,
              41.453530689600996
            ],
            [
              2.234296814759948,
              41.453546184021235
            ],
            [
              2.2342720171239216,
              41.453585347175746
            ],
            [
              2.2342719823636945,
              41.4535854018526
            ],
            [
              2.234244111999079,
              41.45362903884506
            ]
          ]
        ]
      },
      "properties": {
        "intersection_id": "5588597496",
        "modes": [
          "ON_FOOT"
        ],
        "stop_line": [
          2.234262325593282,
          41.4535587657885
        ],
        "waiting_zone_id": "osm1376596235_ped"
      }
    },
    {
      "type": "Feature",
      "geometry": {
        "type": "Polygon",
        "coordinates": [
          [
            [
              2.231603856123417,
              41.45299449183407
            ],
            [
              2.2316041651930134,
              41.45294350389461
            ],
            [
              2.231652053166121,
              41.45294366814662
            ],
            [
              2.231651943997181,
              41.45296168213431
            ],
            [
              2.2316519439982536,
              41.45296168213417
            ],
            [
              2.2316517440103962,
              41.45299468213427
            ],
            [
              2.2316517435949743,
              41.45299473417881
            ],
            [
              2.231651436495379,
              41.45302575239535
            ],
            [
              2.2316511652786493,
              41.453053147782406
            ],
            [
              2.2316032780426083,
              41.45305287942218
            ],
            [
              2.2316034563909337,
              41.45303486581588
            ],
            [
              2.2316034563903964,
              41.453034865816
            ],
            [
              2.231603465953872,
              41.45303389994798
            ],
            [
              2.231603856123417,
              41.45299449183407
            ]
          ]
        ]
      },
      "properties": {
        "intersection_id": "5588597490",
        "modes": [
          "ON_FOOT"
        ],
        "stop_line": [
          2.2316279727061503,
          41.452966103488926
        ],
        "waiting_zone_id": "osm1376596242_ped"
      }
    },
    {
      "type": "Feature",
      "geometry": {
        "type": "Polygon",
        "coordinates": [
          [
            [
              2.232193244991596,
              41.45257904814584
            ],
            [
              2.2321260532568625,
              41.452566067918966
            ],
            [
              2.232137963336322,
              41.45253117168924
            ],
            [
              2.2321611550349023,
              41.45253565190364
            ],
            [
              2.232161155043955,
              41.45253565187726
            ],
            [
              2.232204375054996,
              41.45254400119755
            ],
            [
              2.2322449833722082,
              41.45254969028518
            ],
            [
              2.232244983366785,
              41.452549690306356
            ],
            [
              2.232268522864296,
              41.45255298810648
            ],
            [
              2.2322597561468025,
              41.452588407543445
            ],
            [
              2.232194816662125,
              41.4525793097435
            ],
            [
              2.232193244991596,
              41.45257904814584
            ]
          ]
        ]
      },
      "properties": {
        "intersection_id": "5588597492",
        "modes": [
          "ON_FOOT"
        ],
        "stop_line": [
          2.232234715135192,
          41.45256657555131
        ],
        "waiting_zone_id": "osm1376596247_ped"
      }
    },
    {
      "type": "Feature",
      "geometry": {
        "type": "MultiPolygon",
        "coordinates": [
          [
            [
              [
                2.231907233000082,
                41.45245652647074
              ],
              [
                2.2319022676683673,
                41.45246201028339
              ],
              [
                2.231862167668565,
                41.452492310289166
              ],
              [
                2.2318621695187004,
                41.45249230889086
              ],
              [
                2.2318318695185586,
                41.452515208895484
              ],
              [
                2.2318318694973382,
                41.4525152088795
              ],
              [
                2.2318149770982334,
                41.452527975731904
              ],
              [
                2.231781038056744,
                41.45250255794808
              ],
              [
                2.231828230490286,
                41.45246689104948
              ],
              [
                2.231828232379289,
                41.45246688965332
              ],
              [
                2.23186177086893,
                41.45244154756739
              ],
              [
                2.2318622628458087,
                41.45243280792705
              ],
              [
                2.2318647768211446,
                41.45238814817439
              ],
              [
                2.231867376257573,
                41.45234065878675
              ],
              [
                2.231867376263278,
                41.45234065878706
              ],
              [
                2.231868361462747,
                41.452322659853834
              ],
              [
                2.231916208950618,
                41.45232414227867
              ],
              [
                2.2319137483652107,
                41.452369095412756
              ],
              [
                2.23191262376018,
                41.45238964120894
              ],
              [
                2.2319126225938866,
                41.45238966222098
              ],
              [
                2.2319124436916207,
                41.45239284039235
              ],
              [
                2.231909222638614,
                41.45245006217203
              ],
              [
                2.231907233000082,
                41.45245652647074
              ]
            ]
          ],
          [
            [
              [
                2.231922541890257,
                41.45251538227115
              ],
              [
                2.231900766805227,
                41.452507890347704
              ],
              [
                2.2319206830884215,
                41.45247512569422
              ],
              [
                2.231982729063087,
                41.45249647323228
              ],
              [
                2.232040490938196,
                41.452515727166926
              ],
              [
                2.2320210923311024,
                41.4525486671345
              ],
              [
                2.231999200714407,
                41.45254136993458
              ],
              [
                2.2319992006870915,
                41.45254136998165
              ],
              [
                2.231963200680194,
                41.452529369978556
              ],
              [
                2.2319629418685154,
                41.452529282323795
              ],
              [
                2.231922541860779,
                41.45251538232008
              ],
              [
                2.231922541890257,
                41.45251538227115
              ]
            ]
          ]
        ]
      },
      "properties": {
        "intersection_id": "5588597491",
        "modes": [
          "ON_FOOT"
        ],
        "stop_line": [
          2.2320034270969606,
          41.45252307569999
        ],
        "waiting_zone_id": "osm1376596254_ped"
      }
    },
    {
      "type": "Feature",
      "geometry": {
        "type": "Polygon",
        "coordinates": [
          [
            [
              2.232257370781079,
              41.453065502352445
            ],
            [
              2.232213662172994,
              41.453050781304505
            ],
            [
              2.232223445735171,
              41.453034339497975
            ],
            [
              2.2322234456956336,
              41.45303433948461
            ],
            [
              2.232237845702073,
              41.45301013948735
            ],
            [
              2.232237852975425,
              41.45301012727614
            ],
            [
              2.232253652982479,
              41.4529836272792
            ],
            [
              2.2322536530098445,
              41.45298362728844
            ],
            [
              2.2322634527562726,
              41.45296719100253
            ],
            [
              2.23230714678274,
              41.45298193643347
            ],
            [
              2.232281550715919,
              41.453024866626755
            ],
            [
              2.232257370781079,
              41.453065502352445
            ]
          ]
        ]
      },
      "properties": {
        "intersection_id": "5588597493",
        "modes": [
          "ON_FOOT"
        ],
        "stop_line": [
          2.2322730500598222,
          41.452995109078465
        ],
        "waiting_zone_id": "osm1376596262_ped"
      }
    },
    {
      "type": "Feature",
      "geometry": {
        "type": "Polygon",
        "coordinates": [
          [
            [
              2.2322585422384256,
              41.45297542691867
            ],
            [
              2.2322369090582486,
              41.45295343743612
            ],
            [
              2.2323080423144863,
              41.45291382757551
            ],
            [
              2.2323277297753266,
              41.45290283461192
            ],
            [
              2.2323277994248496,
              41.45290279587128
            ],
            [
              2.2323710781071155,
              41.45287881221319
            ],
            [
              2.2323994792843753,
              41.45290782045543
            ],
            [
              2.2323802005646134,
              41.4529185040918
            ],
            [
              2.232380200587177,
              41.45291850411489
            ],
            [
              2.2323562354617272,
              41.452931784790074
            ],
            [
              2.232337178105049,
              41.452942425955065
            ],
            [
              2.2323365702263067,
              41.45294276538061
            ],
            [
              2.2323365448945998,
              41.45294277950556
            ],
            [
              2.232334473170031,
              41.452943933125155
            ],
            [
              2.232284644892376,
              41.45297167950928
            ],
            [
              2.232284644879153,
              41.4529716794959
            ],
            [
              2.232281666910988,
              41.45297333774551
            ],
            [
              2.2322634527520937,
              41.45296719098382
            ],
            [
              2.2322585422384256,
              41.45297542691867
            ]
          ]
        ]
      },
      "properties": {
        "intersection_id": "5588597494",
        "modes": [
          "ON_FOOT"
        ],
        "stop_line": [
          2.2323611803170254,
          41.452906670908476
        ],
        "waiting_zone_id": "osm1376596263_ped"
      }
    },
    {
      "type": "Feature",
      "geometry": {
        "type": "Polygon",
        "coordinates": [
          [
            [
              2.232498524577066,
              41.451450169269336
            ],
            [
              2.232444304247016,
              41.4514222800746
            ],
            [
              2.232388232045025,
              41.45139354882889
            ],
            [
              2.232415188197814,
              41.45136377074676
            ],
            [
              2.2324349780191985,
              41.451373910994874
            ],
            [
              2.2324349780652906,
              41.451373910944035
            ],
            [
              2.232471278061017,
              41.451392510939776
            ],
            [
              2.232471313426463,
              41.451392529095735
            ],
            [
              2.232506113422252,
              41.45141042909168
            ],
            [
              2.2325061133716453,
              41.451410429147174
            ],
            [
              2.2325257077141702,
              41.45142050784932
            ],
            [
              2.232525465664653,
              41.45142038339523
            ],
            [
              2.232498524577066,
              41.451450169269336
            ]
          ]
        ]
      },
      "properties": {
        "intersection_id": "5588597485",
        "modes": [
          "ON_FOOT"
        ],
        "stop_line": [
          2.232487658546861,
          41.45142275827677
        ],
        "waiting_zone_id": "osm1376596265_ped"
      }
    },
    {
      "type": "Feature",
      "geometry": {
        "type": "Polygon",
        "coordinates": [
          [
            [
              2.232551723701425,
              41.45147739000197
            ],
            [
              2.2324985344164374,
              41.451450158333124
            ],
            [
              2.232525475471409,
              41.451420372496585
            ],
            [
              2.2325452705092337,
              41.45143050709017
            ],
            [
              2.232545270523151,
              41.45143050707483
            ],
            [
              2.2325786705193176,
              41.451447607070975
            ],
            [
              2.232578681834437,
              41.451447612867646
            ],
            [
              2.23261438183009,
              41.45146591286351
            ],
            [
              2.2326143818161754,
              41.451465912878575
            ],
            [
              2.2326341692556135,
              41.4514760560155
            ],
            [
              2.232607205573453,
              41.45150583028423
            ],
            [
              2.232551723701425,
              41.45147739000197
            ]
          ]
        ]
      },
      "properties": {
        "intersection_id": "5588597484",
        "modes": [
          "ON_FOOT"
        ],
        "stop_line": [
          2.23259595315014,
          41.45147826422107
        ],
        "waiting_zone_id": "osm1376596268_ped"
      }
    },
    {
      "type": "Feature",
      "geometry": {
        "type": "Polygon",
        "coordinates": [
          [
            [
              2.2349318731812184,
              41.44768255547506
            ],
            [
              2.234906265047187,
              41.44765211202792
            ],
            [
              2.2349264959460613,
              41.44764247828261
            ],
            [
              2.2349264959413127,
              41.4476424782768
            ],
            [
              2.234976895934086,
              41.447618478282244
            ],
            [
              2.23497696785498,
              41.447618444168505
            ],
            [
              2.235024167848141,
              41.4475961441737
            ],
            [
              2.235024167854825,
              41.4475961441818
            ],
            [
              2.235044444120762,
              41.447586564497165
            ],
            [
              2.2350699084148253,
              41.44761707615983
            ],
            [
              2.235002468213476,
              41.447648938792945
            ],
            [
              2.2349318731812184,
              41.44768255547506
            ]
          ]
        ]
      },
      "properties": {
        "intersection_id": "12870808723",
        "modes": [
          "ON_FOOT"
        ],
        "stop_line": [
          2.234944357729517,
          41.44765529155919
        ],
        "waiting_zone_id": "osm1390420143_ped"
      }
    },
    {
      "type": "Feature",
      "geometry": {
        "type": "Polygon",
        "coordinates": [
          [
            [
              2.235779728980263,
              41.44855113885654
            ],
            [
              2.2357339292918956,
              41.4485451828435
            ],
            [
              2.2357420849701533,
              41.448509680916935
            ],
            [
              2.2357656778435353,
              41.4485127490405
            ],
            [
              2.235765677845132,
              41.44851274903366
            ],
            [
              2.235778709749887,
              41.44851444376619
            ],
            [
              2.2357879777936334,
              41.448515649021886
            ],
            [
              2.235788163922595,
              41.44851567379543
            ],
            [
              2.235802086292834,
              41.44851756961415
            ],
            [
              2.2358116639550007,
              41.448518873805796
            ],
            [
              2.2358116639539736,
              41.44851887380974
            ],
            [
              2.235835223769602,
              41.4485220819599
            ],
            [
              2.2358266958821744,
              41.44855753434645
            ],
            [
              2.235779728980263,
              41.44855113885654
            ]
          ]
        ]
      },
      "properties": {
        "intersection_id": "5588597479",
        "modes": [
          "ON_FOOT"
        ],
        "stop_line": [
          2.2357674982028115,
          41.44853126703129
        ],
        "waiting_zone_id": "osm1390420150_ped"
      }
    },
    {
      "type": "Feature",
      "geometry": {
        "type": "Polygon",
        "coordinates": [
          [
            [
              2.2430986004676106,
              41.45326996998197
            ],
            [
              2.2430071086257337,
              41.45323947267861
            ],
            [
              2.2430265076913956,
              41.453206532744744
            ],
            [
              2.2430483995279364,
              41.45321383003563
            ],
            [
              2.2430483995312085,
              41.453213830030435
            ],
            [
              2.2431179995173203,
              41.453237030024475
            ],
            [
              2.2431179995365134,
              41.453237030030905
            ],
            [
              2.243179199524104,
              41.45325743002578
            ],
            [
              2.2431791995171917,
              41.45325743003727
            ],
            [
              2.2432010913644507,
              41.45326472731058
            ],
            [
              2.243181692323428,
              41.453297667256685
            ],
            [
              2.2430986004449753,
              41.45326996996465
            ],
            [
              2.2430986004676106,
              41.45326996998197
            ]
          ]
        ]
      },
      "properties": {
        "intersection_id": "12918346471",
        "modes": [
          "ON_FOOT"
        ],
        "stop_line": [
          2.2430441729589994,
          41.45323212432179
        ],
        "waiting_zone_id": "osm1395613299_ped"
      }
    },
    {
      "type": "Feature",
      "geometry": {
        "type": "Polygon",
        "coordinates": [
          [
            [
              2.247702060938869,
              41.45545720559788
            ],
            [
              2.2476839633875105,
              41.45538641212838
            ],
            [
              2.247706313172092,
              41.455383178499666
            ],
            [
              2.247703397776455,
              41.45535451261737
            ],
            [
              2.247727273250886,
              41.45535313833465
            ],
            [
              2.2477272732499354,
              41.45535313832432
            ],
            [
              2.247829753322046,
              41.455347239471166
            ],
            [
              2.247904533398114,
              41.455342840642864
            ],
            [
              2.247904533399228,
              41.45534284065456
            ],
            [
              2.247928405632412,
              41.455341436395976
            ],
            [
              2.2479321388486966,
              41.45537735509634
            ],
            [
              2.247908266602741,
              41.45537875935682
            ],
            [
              2.2479082666029178,
              41.455378759356954
            ],
            [
              2.2478818943548706,
              41.45538031067119
            ],
            [
              2.247833466516066,
              41.45538315936242
            ],
            [
              2.247833426707641,
              41.45538316167917
            ],
            [
              2.247740871761525,
              41.45538848923526
            ],
            [
              2.247733372728183,
              41.45538892088387
            ],
            [
              2.247735514214781,
              41.45539729787984
            ],
            [
              2.247735514283407,
              41.45539729786981
            ],
            [
              2.24774911430199,
              41.45545049786728
            ],
            [
              2.2477491622612553,
              41.45545069115424
            ],
            [
              2.2477645622838476,
              41.455514691151336
            ],
            [
              2.2477645622129057,
              41.45551469116106
            ],
            [
              2.2477688275610346,
              41.4555324172267
            ],
            [
              2.2477217029662855,
              41.45553883491981
            ],
            [
              2.247702060938869,
              41.45545720559788
            ]
          ]
        ]
      },
      "properties": {
        "intersection_id": "12922342854",
        "modes": [
          "ON_FOOT"
        ],
        "stop_line": [
          2.2477350688503437,
          41.45537075642967
        ],
        "waiting_zone_id": "osm1396113175_ped"
      }
    },
    {
      "type": "Feature",
      "geometry": {
        "type": "Polygon",
        "coordinates": [
          [
            [
              2.2354334292164535,
              41.447443447972724
            ],
            [
              2.2354078750834723,
              41.447412978880564
            ],
            [
              2.23547567770298,
              41.44738078690476
            ],
            [
              2.2355244325622445,
              41.44735740856871
            ],
            [
              2.2355244779828083,
              41.44735738684538
            ],
            [
              2.235580585471878,
              41.44733061606028
            ],
            [
              2.2355734312464013,
              41.447321744815376
            ],
            [
              2.2355734311954643,
              41.447321744838796
            ],
            [
              2.2355609499939098,
              41.447306268142924
            ],
            [
              2.2355514688907636,
              41.44729459141131
            ],
            [
              2.2355514689400886,
              41.44729459138854
            ],
            [
              2.2355389870274194,
              41.447279218930454
            ],
            [
              2.2355798492358705,
              41.44726043611863
            ],
            [
              2.235601831115489,
              41.44728750852694
            ],
            [
              2.2356018688381325,
              41.4472875551301
            ],
            [
              2.2356267888263215,
              41.44731845589971
            ],
            [
              2.235616107046596,
              41.44732333258014
            ],
            [
              2.2356359414588627,
              41.447346865688395
            ],
            [
              2.2356157220472928,
              41.44735651307271
            ],
            [
              2.235615722077731,
              41.44735651310876
            ],
            [
              2.235550144748789,
              41.44738780229428
            ],
            [
              2.235501367481837,
              41.44741119139563
            ],
            [
              2.235501277069324,
              41.4474112345356
            ],
            [
              2.235453677062529,
              41.44743383454082
            ],
            [
              2.2354536770444087,
              41.44743383451922
            ],
            [
              2.2354334292164535,
              41.447443447972724
            ]
          ]
        ]
      },
      "properties": {
        "intersection_id": "13239859059",
        "modes": [
          "ON_FOOT"
        ],
        "stop_line": [
          2.235445961970074,
          41.44741619662934
        ],
        "waiting_zone_id": "osm1442917212_ped"
      }
    },
    {
      "type": "Feature",
      "geometry": {
        "type": "Polygon",
        "coordinates": [
          [
            [
              2.23656698967762,
              41.448476282789166
            ],
            [
              2.236557313121588,
              41.44844099774946
            ],
            [
              2.2365807617232822,
              41.44843735748617
            ],
            [
              2.236580761720204,
              41.448437357474866
            ],
            [
              2.2366522301129548,
              41.448426262381766
            ],
            [
              2.2367110769637364,
              41.44841700221746
            ],
            [
              2.23673465632533,
              41.448412940226476
            ],
            [
              2.2367346563301376,
              41.448412940242484
            ],
            [
              2.2367579949956364,
              41.44840891971149
            ],
            [
              2.2367686823707196,
              41.44844403926008
            ],
            [
              2.2367239209435246,
              41.44845175024467
            ],
            [
              2.236721543671702,
              41.44845215977446
            ],
            [
              2.2367211014880293,
              41.44845223264598
            ],
            [
              2.2366890782690723,
              41.44845727183672
            ],
            [
              2.236662001507565,
              41.448461532651024
            ],
            [
              2.236661938323205,
              41.44846154253995
            ],
            [
              2.23656698967762,
              41.448476282789166
            ]
          ]
        ]
      },
      "properties": {
        "intersection_id": "13239859063",
        "modes": [
          "ON_FOOT"
        ],
        "stop_line": [
          2.2365914621635126,
          41.44845408993169
        ],
        "waiting_zone_id": "osm1442917214_ped"
      }
    },
    {
      "type": "Feature",
      "geometry": {
        "type": "Polygon",
        "coordinates": [
          [
            [
              2.2472959397716643,
              41.461911260729394
            ],
            [
              2.247296708858993,
              41.46191053843102
            ],
            [
              2.2472967088343636,
              41.46191053841609
            ],
            [
              2.2473230088367937,
              41.46188583842032
            ],
            [
              2.247323019210173,
              41.46188582868496
            ],
            [
              2.2473793192152587,
              41.46183302869405
            ],
            [
              2.247379319242722,
              41.46183302871074
            ],
            [
              2.2473943030211747,
              41.46181897640878
            ],
            [
              2.2474316646177717,
              41.461841519003656
            ],
            [
              2.24736038603116,
              41.46190836644365
            ],
            [
              2.247333330488333,
              41.46193377604627
            ],
            [
              2.2472959397716643,
              41.461911260729394
            ]
          ]
        ]
      },
      "properties": {
        "intersection_id": "5588790733",
        "modes": [
          "ON_FOOT"
        ],
        "stop_line": [
          2.247319142720828,
          41.46191828497474
        ],
        "waiting_zone_id": "osm1451161800_ped"
      }
    },
    {
      "type": "Feature",
      "geometry": {
        "type": "Polygon",
        "coordinates": [
          [
            [
              2.2472533803614883,
              41.46200882498153
            ],
            [
              2.2472160336021063,
              41.461986268372954
            ],
            [
              2.247231026672071,
              41.46197222172703
            ],
            [
              2.247231026633621,
              41.46197222170375
            ],
            [
              2.2472611156638647,
              41.46194403198838
            ],
            [
              2.247281004662931,
              41.46192534233095
            ],
            [
              2.247281004709799,
              41.46192534235923
            ],
            [
              2.2472959704501485,
              41.46191127907695
            ],
            [
              2.2473333611119406,
              41.46193379440518
            ],
            [
              2.2472984954644124,
              41.461966557666585
            ],
            [
              2.2472984734832697,
              41.46196657827653
            ],
            [
              2.2472533803614883,
              41.46200882498153
            ]
          ]
        ]
      },
      "properties": {
        "intersection_id": "5588790734",
        "modes": [
          "ON_FOOT"
        ],
        "stop_line": [
          2.2472534482786735,
          41.46197998832543
        ],
        "waiting_zone_id": "osm1451161803_ped"
      }
    },
    {
      "type": "Feature",
      "geometry": {
        "type": "Polygon",
        "coordinates": [
          [
            [
              2.2445525261893873,
              41.460037284791845
            ],
            [
              2.2445335149609007,
              41.460004216492706
            ],
            [
              2.2445554943905384,
              41.45999706586365
            ],
            [
              2.2445554943854673,
              41.45999706585475
            ],
            [
              2.244592994377641,
              41.45998486585776
            ],
            [
              2.2445932090520206,
              41.45998479694921
            ],
            [
              2.244623209045627,
              41.45997529695152
            ],
            [
              2.2446232090554146,
              41.459975296969105
            ],
            [
              2.2446452800950976,
              41.45996830779451
            ],
            [
              2.2446638620538013,
              41.46000151389456
            ],
            [
              2.244611898519973,
              41.460017969010956
            ],
            [
              2.2445525261893873,
              41.460037284791845
            ]
          ]
        ]
      },
      "properties": {
        "intersection_id": "759549499",
        "modes": [
          "ON_FOOT"
        ],
        "stop_line": [
          2.2445704948632503,
          41.46001181233888
        ],
        "waiting_zone_id": "osm1452441725_ped"
      }
    },
    {
      "type": "Feature",
      "geometry": {
        "type": "Polygon",
        "coordinates": [
          [
            [
              2.2444125654767824,
              41.46007815263288
            ],
            [
              2.2443975540837124,
              41.46004393974828
            ],
            [
              2.2444573978918814,
              41.46002908105708
            ],
            [
              2.244463030549106,
              41.46002768251469
            ],
            [
              2.2444993121006833,
              41.46001545931844
            ],
            [
              2.2444993121026053,
              41.46001545932195
            ],
            [
              2.2445211673450984,
              41.46000809631892
            ],
            [
              2.2445407431567537,
              41.46004097766115
            ],
            [
              2.2445188878993783,
              41.4600483406727
            ],
            [
              2.2445188879042814,
              41.46004834068066
            ],
            [
              2.244481487896553,
              41.46006094068376
            ],
            [
              2.2444806849805183,
              41.46006117490702
            ],
            [
              2.2444792057649194,
              41.460061606430926
            ],
            [
              2.2444125654767824,
              41.46007815263288
            ]
          ]
        ]
      },
      "properties": {
        "intersection_id": "5588789919",
        "modes": [
          "ON_FOOT"
        ],
        "stop_line": [
          2.2444334850578023,
          41.46005398844922
        ],
        "waiting_zone_id": "osm1452441727_ped"
      }
    },
    {
      "type": "Feature",
      "geometry": {
        "type": "Polygon",
        "coordinates": [
          [
            [
              2.2467208799962037,
              41.46153479025991
            ],
            [
              2.2466850407155627,
              41.461510890119676
            ],
            [
              2.246693586967114,
              41.461503644379654
            ],
            [
              2.246693586931879,
              41.46150364435608
            ],
            [
              2.246721186933142,
              41.461480244360246
            ],
            [
              2.2467211869398094,
              41.461480244354604
            ],
            [
              2.2467395869406293,
              41.46146464435741
            ],
            [
              2.2467395869465596,
              41.46146464436141
            ],
            [
              2.246755480381552,
              41.46145116948062
            ],
            [
              2.246791306510156,
              41.4614750807755
            ],
            [
              2.2467570130652703,
              41.4615041556819
            ],
            [
              2.246757013111342,
              41.461504155647845
            ],
            [
              2.2467208799962037,
              41.46153479025991
            ]
          ]
        ]
      },
      "properties": {
        "intersection_id": "5588790731",
        "modes": [
          "ON_FOOT"
        ],
        "stop_line": [
          2.246715473362601,
          41.461512231281006
        ],
        "waiting_zone_id": "osm1452441735_ped"
      }
    },
    {
      "type": "Feature",
      "geometry": {
        "type": "Polygon",
        "coordinates": [
          [
            [
              2.246720867817889,
              41.461534782066416
            ],
            [
              2.2466881424206813,
              41.46156263076674
            ],
            [
              2.246688113127548,
              41.46156265562376
            ],
            [
              2.2466492196798926,
              41.46159563050003
            ],
            [
              2.246613393491981,
              41.46157171922968
            ],
            [
              2.2466292869212876,
              41.46155824437033
            ],
            [
              2.2466292869096027,
              41.461558244362465
            ],
            [
              2.2466522722494386,
              41.46153875679619
            ],
            [
              2.2466777576552097,
              41.46151706922066
            ],
            [
              2.246677757678847,
              41.46151706923647
            ],
            [
              2.246685040641761,
              41.461510889996376
            ],
            [
              2.246720867817889,
              41.461534782066416
            ]
          ]
        ]
      },
      "properties": {
        "intersection_id": "5588790732",
        "modes": [
          "ON_FOOT"
        ],
        "stop_line": [
          2.246651173363823,
          41.46156683127967
        ],
        "waiting_zone_id": "osm1452441738_ped"
      }
    },
    {
      "type": "Feature",
      "geometry": {
        "type": "Polygon",
        "coordinates": [
          [
            [
              2.2432590898835403,
              41.45877738845572
            ],
            [
              2.2432113654878374,
              41.45877436810896
            ],
            [
              2.243212433030357,
              41.458764533827306
            ],
            [
              2.2432124330283068,
              41.458764533827164
            ],
            [
              2.2432157330393365,
              41.45873413382796
            ],
            [
              2.243215741272892,
              41.45873405985856
            ],
            [
              2.243218741282486,
              41.45870775985923
            ],
            [
              2.2432187412839113,
              41.45870775985937
            ],
            [
              2.2432207886045465,
              41.45868981168801
            ],
            [
              2.2432685060426656,
              41.458692891961796
            ],
            [
              2.2432634629474144,
              41.4587371031729
            ],
            [
              2.2432607699291753,
              41.45876191164398
            ],
            [
              2.243260166972802,
              41.458767466167885
            ],
            [
              2.2432601669721786,
              41.45876746616781
            ],
            [
              2.2432590898835403,
              41.45877738845572
            ]
          ]
        ]
      },
      "properties": {
        "intersection_id": "5586016686",
        "modes": [
          "ON_FOOT"
        ],
        "stop_line": [
          2.243236787249218,
          41.45876151140315
        ],
        "waiting_zone_id": "osm1462633608_ped"
      }
    },
    {
      "type": "Feature",
      "geometry": {
        "type": "Polygon",
        "coordinates": [
          [
            [
              2.2432590171186835,
              41.458777383974564
            ],
            [
              2.2432548632443554,
              41.45881450096161
            ],
            [
              2.2432495830449994,
              41.45886234291999
            ],
            [
              2.2432018543726184,
              41.45885936188357
            ],
            [
              2.2432038357479387,
              41.45884140948276
            ],
            [
              2.2432038356654784,
              41.45884140947758
            ],
            [
              2.243207135676359,
              41.458811509478316
            ],
            [
              2.2432071379799683,
              41.458811488751294
            ],
            [
              2.243210237990053,
              41.45878378875199
            ],
            [
              2.2432102380617254,
              41.458783788756556
            ],
            [
              2.243212291141167,
              41.458765840929026
            ],
            [
              2.243211365456566,
              41.458774368083425
            ],
            [
              2.2432590171186835,
              41.458777383974564
            ]
          ]
        ]
      },
      "properties": {
        "intersection_id": "5586016685",
        "modes": [
          "ON_FOOT"
        ],
        "stop_line": [
          2.243228195341853,
          41.45883841190447
        ],
        "waiting_zone_id": "osm1462633611_ped"
      }
    },
    {
      "type": "Feature",
      "geometry": {
        "type": "Polygon",
        "coordinates": [
          [
            [
              2.229965318508395,
              41.45294751319339
            ],
            [
              2.2299725850538756,
              41.45294868356733
            ],
            [
              2.2299790246886757,
              41.45295147369753
            ],
            [
              2.2300044246869564,
              41.45296687369405
            ],
            [
              2.2300046778212055,
              41.4529670293253
            ],
            [
              2.2300285778197297,
              41.45298192932218
            ],
            [
              2.2300286085599996,
              41.45298194851942
            ],
            [
              2.2300513085588194,
              41.45299614851643
            ],
            [
              2.230051308536098,
              41.45299614853694
            ],
            [
              2.2300630938988117,
              41.453003520871896
            ],
            [
              2.230110843292784,
              41.45298669815845
            ],
            [
              2.230152845314543,
              41.45296970199306
            ],
            [
              2.2301755295458765,
              41.45300143181588
            ],
            [
              2.230154442098484,
              41.4530099648786
            ],
            [
              2.230154442124464,
              41.453009964914465
            ],
            [
              2.230132942120765,
              41.45301866491658
            ],
            [
              2.2301317546178017,
              41.45301911393185
            ],
            [
              2.230103654612147,
              41.453029013934234
            ],
            [
              2.2301036545879827,
              41.4530290138957
            ],
            [
              2.230081970149211,
              41.4530366535956
            ],
            [
              2.2300660138212485,
              41.45301101889765
            ],
            [
              2.230039102648406,
              41.453035368670974
            ],
            [
              2.229998006714248,
              41.453009661076706
            ],
            [
              2.2299742479623066,
              41.45299484913176
            ],
            [
              2.229967383129582,
              41.45299068699049
            ],
            [
              2.229840850918725,
              41.45310578125773
            ],
            [
              2.2298408508631162,
              41.45310578122301
            ],
            [
              2.229825590014391,
              41.45311966252443
            ],
            [
              2.229788688164322,
              41.4530967000008
            ],
            [
              2.229945549018562,
              41.45295401873324
            ],
            [
              2.2299511165002,
              41.45295031574819
            ],
            [
              2.229957924897143,
              41.452948075279124
            ],
            [
              2.229965318508395,
              41.45294751319339
            ]
          ]
        ]
      },
      "properties": {
        "intersection_id": "5631458682",
        "modes": [
          "ON_FOOT"
        ],
        "stop_line": [
          2.230031397178292,
          41.4530071207027
        ],
        "waiting_zone_id": "osm1476852787_ped"
      }
    },
    {
      "type": "Feature",
      "geometry": {
        "type": "Polygon",
        "coordinates": [
          [
            [
              2.2300797930115417,
              41.453203081194005
            ],
            [
              2.2300942268492983,
              41.453236822660536
            ],
            [
              2.2300951930203308,
              41.453239081239
            ],
            [
              2.2300951930188986,
              41.4532390812394
            ],
            [
              2.230102528519272,
              41.45325622916105
            ],
            [
              2.2300569424957994,
              41.45326726669262
            ],
            [
              2.2300496069905815,
              41.453250118752784
            ],
            [
              2.2300496069759093,
              41.45325011875645
            ],
            [
              2.2300342074746826,
              41.45321411989308
            ],
            [
              2.230023808026045,
              41.45318982116156
            ],
            [
              2.2300238080366017,
              41.45318982115895
            ],
            [
              2.2300164693143842,
              41.45317267394343
            ],
            [
              2.230062053234135,
              41.45316163160302
            ],
            [
              2.230069391964116,
              41.45317877883535
            ],
            [
              2.2300693919702006,
              41.453178778833774
            ],
            [
              2.2300797930115417,
              41.453203081194005
            ]
          ]
        ]
      },
      "properties": {
        "intersection_id": "5588597488",
        "modes": [
          "ON_FOOT"
        ],
        "stop_line": [
          2.2300484346775824,
          41.4531885867961
        ],
        "waiting_zone_id": "osm1476852795_ped"
      }
    },
    {
      "type": "Feature",
      "geometry": {
        "type": "Polygon",
        "coordinates": [
          [
            [
              2.2299935054064406,
              41.45311861512604
            ],
            [
              2.2299755571088595,
              41.45307679210323
            ],
            [
              2.230021129278966,
              41.45306572248652
            ],
            [
              2.2300284860650867,
              41.45308286520654
            ],
            [
              2.2300284860931785,
              41.45308286519961
            ],
            [
              2.230039086101088,
              41.453107565197676
            ],
            [
              2.2300391029942475,
              41.45310760471754
            ],
            [
              2.2300543030055477,
              41.453143304714736
            ],
            [
              2.23005430296064,
              41.45314330472558
            ],
            [
              2.2300616073100086,
              41.45316046030425
            ],
            [
              2.2300160013045267,
              41.45317145085264
            ],
            [
              2.2299935054064406,
              41.45311861512604
            ]
          ]
        ]
      },
      "properties": {
        "intersection_id": "13545993645",
        "modes": [
          "ON_FOOT"
        ],
        "stop_line": [
          2.230007539205465,
          41.45309268569715
        ],
        "waiting_zone_id": "osm1476852798_ped"
      }
    },
    {
      "type": "Feature",
      "geometry": {
        "type": "Polygon",
        "coordinates": [
          [
            [
              2.242140386481581,
              41.44812437260259
            ],
            [
              2.2421496785595862,
              41.44817179414244
            ],
            [
              2.2421023055872027,
              41.448177048946654
            ],
            [
              2.2420988135300277,
              41.44815922739911
            ],
            [
              2.242098813516898,
              41.44815922740064
            ],
            [
              2.242093017802841,
              41.44812964921937
            ],
            [
              2.242087522167373,
              41.44810207107068
            ],
            [
              2.2420875221696956,
              41.448102071070366
            ],
            [
              2.242083972072587,
              41.448084256022625
            ],
            [
              2.2421313277279755,
              41.44807891387001
            ],
            [
              2.242134877829404,
              41.44809672892447
            ],
            [
              2.242134877830744,
              41.44809672892428
            ],
            [
              2.242140386481581,
              41.44812437260259
            ]
          ]
        ]
      },
      "properties": {
        "intersection_id": "6123449872",
        "modes": [
          "ON_FOOT"
        ],
        "stop_line": [
          2.242121626984705,
          41.448152144613275
        ],
        "waiting_zone_id": "osm1484119396_ped"
      }
    },
    {
      "type": "Feature",
      "geometry": {
        "type": "Polygon",
        "coordinates": [
          [
            [
              2.24976462315865,
              41.46055197240879
            ],
            [
              2.24976460990354,
              41.46055199075881
            ],
            [
              2.2498018829693365,
              41.46057584692199
            ],
            [
              2.249801897178355,
              41.460575838699405
            ],
            [
              2.249787239213743,
              41.46058435616982
            ],
            [
              2.2497872392244185,
              41.46058435618023
            ],
            [
              2.2497576392217105,
              41.46060155618395
            ],
            [
              2.249757575552924,
              41.460601593052615
            ],
            [
              2.2497296755503084,
              41.46061769305603
            ],
            [
              2.2497296755451033,
              41.46061769305095
            ],
            [
              2.2497106750429015,
              41.460628657492066
            ],
            [
              2.249681523920959,
              41.46060007135409
            ],
            [
              2.2497283925212157,
              41.46057302535267
            ],
            [
              2.24976462315865,
              41.46055197240879
            ]
          ]
        ]
      },
      "properties": {
        "intersection_id": "5588790782",
        "modes": [
          "ON_FOOT"
        ],
        "stop_line": [
          2.2497198501163598,
          41.46060065889447
        ],
        "waiting_zone_id": "osm1493584176_ped"
      }
    },
    {
      "type": "Feature",
      "geometry": {
        "type": "Polygon",
        "coordinates": [
          [
            [
              2.2498019052298384,
              41.46057585593061
            ],
            [
              2.249764610030703,
              41.460551990784765
            ],
            [
              2.2497690330979947,
              41.460545834700405
            ],
            [
              2.2497690330623876,
              41.46054583468587
            ],
            [
              2.249786130235021,
              41.460522038631574
            ],
            [
              2.2498044275082423,
              41.46049654244263
            ],
            [
              2.2498044275486446,
              41.46049654245908
            ],
            [
              2.249815803539082,
              41.460480690690105
            ],
            [
              2.2498579484957983,
              41.46049780579437
            ],
            [
              2.2498282725465018,
              41.460539157537816
            ],
            [
              2.2498282669757694,
              41.46053916530134
            ],
            [
              2.2498019052298384,
              41.46057585593061
            ]
          ]
        ]
      },
      "properties": {
        "intersection_id": "13686158479",
        "modes": [
          "ON_FOOT"
        ],
        "stop_line": [
          2.2498226560089365,
          41.46050906293989
        ],
        "waiting_zone_id": "osm1493584177_ped"
      }
    },
    {
      "type": "Feature",
      "geometry": {
        "type": "Polygon",
        "coordinates": [
          [
            [
              2.2498782178608487,
              41.4610437022263
            ],
            [
              2.2498978922749133,
              41.46108809154963
            ],
            [
              2.24985245653348,
              41.4610994870948
            ],
            [
              2.2498448821449712,
              41.46108239777597
            ],
            [
              2.2498448821377237,
              41.461082397777794
            ],
            [
              2.2498328010095654,
              41.46105514033495
            ],
            [
              2.2498214201633706,
              41.46102988282326
            ],
            [
              2.249821420170798,
              41.4610298828213
            ],
            [
              2.249813732733088,
              41.461012822073
            ],
            [
              2.2498590923634882,
              41.461001256442714
            ],
            [
              2.2498667798151546,
              41.461018317176716
            ],
            [
              2.2498667798326926,
              41.4610183171722
            ],
            [
              2.2498782178608487,
              41.4610437022263
            ]
          ]
        ]
      },
      "properties": {
        "intersection_id": "13686158482",
        "modes": [
          "ON_FOOT"
        ],
        "stop_line": [
          2.249865706401107,
          41.46107242766689
        ],
        "waiting_zone_id": "osm1493584178_ped"
      }
    },
    {
      "type": "Feature",
      "geometry": {
        "type": "Polygon",
        "coordinates": [
          [
            [
              2.249730135456478,
              41.460967154414924
            ],
            [
              2.2496870580391874,
              41.46093988361807
            ],
            [
              2.249717897081979,
              41.46091231788564
            ],
            [
              2.249736219484684,
              41.46092391714902
            ],
            [
              2.249736219514791,
              41.460923917122166
            ],
            [
              2.2497610195134046,
              41.46093961711887
            ],
            [
              2.2497611092111747,
              41.46093967418663
            ],
            [
              2.2497941092093114,
              41.460960774182205
            ],
            [
              2.249794109178847,
              41.460960774209106
            ],
            [
              2.249812355637154,
              41.460972440871586
            ],
            [
              2.249781337220191,
              41.46099989251598
            ],
            [
              2.249730135456478,
              41.460967154414924
            ]
          ]
        ]
      },
      "properties": {
        "intersection_id": "5588790779",
        "modes": [
          "ON_FOOT"
        ],
        "stop_line": [
          2.249725380588617,
          41.460940599809085
        ],
        "waiting_zone_id": "osm1493584179_ped"
      }
    },
    {
      "type": "Feature",
      "geometry": {
        "type": "Polygon",
        "coordinates": [
          [
            [
              2.236061838089881,
              41.454328183686954
            ],
            [
              2.236016983846017,
              41.4543155611316
            ],
            [
              2.2360253729310147,
              41.45429868873155
            ],
            [
              2.2360253729018553,
              41.45429868872304
            ],
            [
              2.236043141688134,
              41.454262951525905
            ],
            [
              2.236077711092543,
              41.45419181453565
            ],
            [
              2.236078469494833,
              41.45419043421922
            ],
            [
              2.2360979695028593,
              41.45415873422316
            ],
            [
              2.2360988781159703,
              41.45415740482093
            ],
            [
              2.236118578121392,
              41.454131304824564
            ],
            [
              2.236118578162929,
              41.45413130484255
            ],
            [
              2.236130401748485,
              41.454115640068586
            ],
            [
              2.23617204552683,
              41.45413343040039
            ],
            [
              2.2361410129052794,
              41.45417454467919
            ],
            [
              2.236122347822147,
              41.45420488749045
            ],
            [
              2.236088088969134,
              41.45427538548069
            ],
            [
              2.2360880271137695,
              41.454275511276414
            ],
            [
              2.236061838089881,
              41.454328183686954
            ]
          ]
        ]
      },
      "properties": {
        "intersection_id": "495439126",
        "modes": [
          "ON_FOOT"
        ],
        "stop_line": [
          2.2361364440983005,
          41.4541441161962
        ],
        "waiting_zone_id": "osm1504493410_ped"
      }
    }
  ]
}