{
  "type": "FeatureCollection",
  "features": [
    {
      "type": "Feature",
      "geometry": {
        "type": "Polygon",
        "coordinates": [
          [
            [
              2.2613586025154353,
              41.456614352984836
            ],
            [
              2.2633894543498205,
              41.457878507302176
            ],
            [
              2.2633741891156487,
              41.45789238727455
            ],
            [
              2.2613433371525518,
              41.4566282326896
            ],
            [
              2.2613586025154353,
              41.456614352984836
            ]
          ]
        ]
      },
      "properties": {
        "intersection_id": ":303580418_36_0",
        "modes": [
          "BICYCLE"
        ],
        "stop_line": [
          2.2613509698348087,
          41.4566212928375
        ],
        "waiting_zone_id": "-1054416241#0_straight+turn+left+right+partial_left+partial_right"
      }
    },
    {
      "type": "Feature",
      "geometry": {
        "type": "Polygon",
        "coordinates": [
          [
            [
              2.2692713920779877,
              41.46152014104153
            ],
            [
              2.269314714674317,
              41.461536780927375
            ],
            [
              2.269297290253774,
              41.461562450388634
            ],
            [
              2.269253967645003,
              41.461545810496204
            ],
            [
              2.2692713920779877,
              41.46152014104153
            ]
          ]
        ]
      },
      "properties": {
        "intersection_id": "5588593494",
        "modes": [
          "CAR",
          "MOTORCYCLE"
        ],
        "stop_line": [
          2.269306002890858,
          41.46154961559548
        ],
        "waiting_zone_id": "-1054418938_straight"
      }
    },
    {
      "type": "Feature",
      "geometry": {
        "type": "Polygon",
        "coordinates": [
          [
            [
              2.239864521416052,
              41.43846042565021
            ],
            [
              2.239866061622806,
              41.438461786944856
            ],
            [
              2.2398368978938725,
              41.43848047205631
            ],
            [
              2.239864521416052,
              41.43846042565021
            ]
          ]
        ]
      },
      "properties": {
        "intersection_id": "13615640860",
        "modes": [
          "CAR",
          "MOTORCYCLE"
        ],
        "stop_line": [
          2.2398514797604254,
          41.43847112950153
        ],
        "waiting_zone_id": "-115826833#1_straight"
      }
    },
    {
      "type": "Feature",
      "geometry": {
        "type": "Polygon",
        "coordinates": [
          [
            [
              2.238906908370047,
              41.43754617189546
            ],
            [
              2.23946867116051,
              41.438079821583756
            ],
            [
              2.2398255499021054,
              41.43842337900481
            ],
            [
              2.2397954837475065,
              41.43844123486173
            ],
            [
              2.2388768897249616,
              41.43756407286682
            ],
            [
              2.238906908370047,
              41.43754617189546
            ]
          ]
        ]
      },
      "properties": {
        "intersection_id": "5588597278",
        "modes": [
          "CAR",
          "MOTORCYCLE"
        ],
        "stop_line": [
          2.239810486990499,
          41.43843227848589
        ],
        "waiting_zone_id": "-115826833#3_straight+left"
      }
    },
    {
      "type": "Feature",
      "geometry": {
        "type": "Polygon",
        "coordinates": [
          [
            [
              2.2397636207398075,
              41.438514894107904
            ],
            [
              2.239787245492181,
              41.43851769781661
            ],
            [
              2.239777057947448,
              41.43856251462255
            ],
            [
              2.2397411042081807,
              41.43860832671499
            ],
            [
              2.23857258427466,
              41.43929552321929
            ],
            [
              2.238565510407766,
              41.43929743011416
            ],
            [
              2.23845057609987,
              41.439299575124174
            ],
            [
              2.238428656979899,
              41.43930772317847
            ],
            [
              2.2384180574793096,
              41.43929157338142
            ],
            [
              2.238447129899179,
              41.43928165612603
            ],
            [
              2.238560960735657,
              41.439279495893324
            ],
            [
              2.239724517203617,
              41.43859521844328
            ],
            [
              2.239755196479528,
              41.43855498854718
            ],
            [
              2.2397636207398075,
              41.438514894107904
            ]
          ]
        ]
      },
      "properties": {
        "intersection_id": "5588597283",
        "modes": [
          "BICYCLE"
        ],
        "stop_line": [
          2.238423356479204,
          41.43929964713882
        ],
        "waiting_zone_id": "-1218864445_straight+turn+left"
      }
    },
    {
      "type": "Feature",
      "geometry": {
        "type": "Polygon",
        "coordinates": [
          [
            [
              2.2372419520855975,
              41.440026787306316
            ],
            [
              2.23724011908848,
              41.440008826011315
            ],
            [
              2.237298797283597,
              41.44000543553211
            ],
            [
              2.237329267951725,
              41.43999833971142
            ],
            [
              2.23829141226337,
              41.43943367724383
            ],
            [
              2.2383061345888837,
              41.439447882190024
            ],
            [
              2.2373422617845966,
              41.44001355926848
            ],
            [
              2.237301968268308,
              41.44002332012616
            ],
            [
              2.2372419520855975,
              41.440026787306316
            ]
          ]
        ]
      },
      "properties": {
        "intersection_id": "5588597286",
        "modes": [
          "BICYCLE"
        ],
        "stop_line": [
          2.237241036081232,
          41.44001780691803
        ],
        "waiting_zone_id": "-1218864446#0_straight+turn+right"
      }
    },
    {
      "type": "Feature",
      "geometry": {
        "type": "Polygon",
        "coordinates": [
          [
            [
              2.2406305116369856,
              41.43817140554719
            ],
            [
              2.240655139712138,
              41.43819347963868
            ],
            [
              2.240128534336649,
              41.43852616056159
            ],
            [
              2.240112275605081,
              41.43853549477731
            ],
            [
              2.240089074848364,
              41.43851256168102
            ],
            [
              2.2406305116369856,
              41.43817140554719
            ]
          ]
        ]
      },
      "properties": {
        "intersection_id": "5588597280",
        "modes": [
          "CAR",
          "MOTORCYCLE"
        ],
        "stop_line": [
          2.240100675224687,
          41.43852402822974
        ],
        "waiting_zone_id": "-1218904602#2_straight"
      }
    },
    {
      "type": "Feature",
      "geometry": {
        "type": "Polygon",
        "coordinates": [
          [
            [
              2.232125349345395,
              41.44153449516209
            ],
            [
              2.23214013827882,
              41.44154866170258
            ],
            [
              2.2320931474279138,
              41.44157643775317
            ],
            [
              2.2320783584879673,
              41.441562272107426
            ],
            [
              2.232125349345395,
              41.44153449516209
            ]
          ]
        ]
      },
      "properties": {
        "intersection_id": "4051451478",
        "modes": [
          "BICYCLE"
        ],
        "stop_line": [
          2.2321327438113063,
          41.44154157843256
        ],
        "waiting_zone_id": "-1218906404#0_straight+turn+left+right"
      }
    },
    {
      "type": "Feature",
      "geometry": {
        "type": "Polygon",
        "coordinates": [
          [
            [
              2.2507756405858945,
              41.45304313177724
            ],
            [
              2.25098599058284,
              41.45316463361124
            ],
            [
              2.2509626660708397,
              41.453187476023196
            ],
            [
              2.2507522637421,
              41.45306594396526
            ],
            [
              2.2507756405858945,
              41.45304313177724
            ]
          ]
        ]
      },
      "properties": {
        "intersection_id": "11406441405",
        "modes": [
          "CAR",
          "MOTORCYCLE"
        ],
        "stop_line": [
          2.2507639380227853,
          41.45305451841382
        ],
        "waiting_zone_id": "-1230009923_straight+left"
      }
    },
    {
      "type": "Feature",
      "geometry": {
        "type": "Polygon",
        "coordinates": [
          [
            [
              2.253303119520049,
              41.45449104917161
            ],
            [
              2.253322561419757,
              41.454501564540095
            ],
            [
              2.2533211641704365,
              41.45450302728457
            ],
            [
              2.253301721073324,
              41.454492511908065
            ],
            [
              2.253303119520049,
              41.45449104917161
            ]
          ]
        ]
      },
      "properties": {
        "intersection_id": "11406463744",
        "modes": [
          "BICYCLE"
        ],
        "stop_line": [
          2.25331284030852,
          41.45449630691309
        ],
        "waiting_zone_id": "-1230012819#1_straight+turn+left+right"
      }
    },
    {
      "type": "Feature",
      "geometry": {
        "type": "Polygon",
        "coordinates": [
          [
            [
              2.2580360257393903,
              41.45593827598374
            ],
            [
              2.2580364635547863,
              41.45596709717509
            ],
            [
              2.2576685835004713,
              41.45597056325552
            ],
            [
              2.2576669985551736,
              41.4559417652856
            ],
            [
              2.2580360257393903,
              41.45593827598374
            ]
          ]
        ]
      },
      "properties": {
        "intersection_id": "303580407",
        "modes": [
          "CAR",
          "MOTORCYCLE"
        ],
        "stop_line": [
          2.2576677940163843,
          41.45595616417748
        ],
        "waiting_zone_id": "-1395130591#0_straight+turn+right"
      }
    },
    {
      "type": "Feature",
      "geometry": {
        "type": "Polygon",
        "coordinates": [
          [
            [
              2.25886508007048,
              41.45592956795599
            ],
            [
              2.258865410481949,
              41.45595839025441
            ],
            [
              2.2587887874103028,
              41.45595888647441
            ],
            [
              2.2587884570225074,
              41.45593006507673
            ],
            [
              2.25886508007048,
              41.45592956795599
            ]
          ]
        ]
      },
      "properties": {
        "intersection_id": "5588593500",
        "modes": [
          "CAR",
          "MOTORCYCLE"
        ],
        "stop_line": [
          2.2587886227517755,
          41.455944476083104
        ],
        "waiting_zone_id": "-1395130591#5_straight"
      }
    },
    {
      "type": "Feature",
      "geometry": {
        "type": "Polygon",
        "coordinates": [
          [
            [
              2.2723155524086383,
              41.46321512478537
            ],
            [
              2.272446178277509,
              41.46328735379179
            ],
            [
              2.27242349275052,
              41.46331058276024
            ],
            [
              2.2722927740505185,
              41.463238300897984
            ],
            [
              2.2723155524086383,
              41.46321512478537
            ]
          ]
        ]
      },
      "properties": {
        "intersection_id": "6325763629",
        "modes": [
          "CAR",
          "MOTORCYCLE"
        ],
        "stop_line": [
          2.2723041632316123,
          41.46322671284227
        ],
        "waiting_zone_id": "-1395130593#2_straight"
      }
    },
    {
      "type": "Feature",
      "geometry": {
        "type": "Polygon",
        "coordinates": [
          [
            [
              2.2566251556571832,
              41.45587320938598
            ],
            [
              2.2566273024359162,
              41.45587394385341
            ],
            [
              2.256611442554534,
              41.455900180883205
            ],
            [
              2.256609295775123,
              41.45589944641547
            ],
            [
              2.2566251556571832,
              41.45587320938598
            ]
          ]
        ]
      },
      "properties": {
        "intersection_id": "5588593504",
        "modes": [
          "CAR",
          "MOTORCYCLE"
        ],
        "stop_line": [
          2.2566172257177666,
          41.455886327901034
        ],
        "waiting_zone_id": "-1395134887#3_straight"
      }
    },
    {
      "type": "Feature",
      "geometry": {
        "type": "Polygon",
        "coordinates": [
          [
            [
              2.256670032179702,
              41.45588935876319
            ],
            [
              2.2567034791639347,
              41.4559014178575
            ],
            [
              2.25687066706067,
              41.45598158326633
            ],
            [
              2.2568588436489407,
              41.456008218412975
            ],
            [
              2.256850075947548,
              41.456005889196526
            ],
            [
              2.256653611815946,
              41.45591539941797
            ],
            [
              2.256670032179702,
              41.45588935876319
            ]
          ]
        ]
      },
      "properties": {
        "intersection_id": "10265139316",
        "modes": [
          "CAR",
          "MOTORCYCLE"
        ],
        "stop_line": [
          2.256661921404959,
          41.455902414564825
        ],
        "waiting_zone_id": "-1395134887#4_straight+left"
      }
    },
    {
      "type": "Feature",
      "geometry": {
        "type": "Polygon",
        "coordinates": [
          [
            [
              2.2321369838291547,
              41.44143677989873
            ],
            [
              2.232185942868044,
              41.441462591443596
            ],
            [
              2.232163964509666,
              41.44148619737989
            ],
            [
              2.232115005472644,
              41.441460384925044
            ],
            [
              2.2321369838291547,
              41.44143677989873
            ]
          ]
        ]
      },
      "properties": {
        "intersection_id": "4051451478",
        "modes": [
          "CAR",
          "MOTORCYCLE"
        ],
        "stop_line": [
          2.2321749536908553,
          41.44147439441229
        ],
        "waiting_zone_id": "-1411605203_straight+left"
      }
    },
    {
      "type": "Feature",
      "geometry": {
        "type": "Polygon",
        "coordinates": [
          [
            [
              2.2320931771740757,
              41.44137713473523
            ],
            [
              2.2322076837094778,
              41.44143882358523
            ],
            [
              2.2321865906348175,
              41.44146288220377
            ],
            [
              2.2320708110260616,
              41.441400532695745
            ],
            [
              2.2320931771740757,
              41.44137713473523
            ]
          ]
        ]
      },
      "properties": {
        "intersection_id": "4051451478",
        "modes": [
          "CAR",
          "MOTORCYCLE"
        ],
        "stop_line": [
          2.2321971123493545,
          41.4414508405716
        ],
        "waiting_zone_id": "-1411605203_straight+right"
      }
    },
    {
      "type": "Feature",
      "geometry": {
        "type": "Polygon",
        "coordinates": [
          [
            [
              2.2334483341068307,
              41.44218743890428
            ],
            [
              2.233450098531555,
              41.44218622204613
            ],
            [
              2.233466277376263,
              41.44219949963478
            ],
            [
              2.233464949502088,
              41.442200416092746
            ],
            [
              2.2334483341068307,
              41.44218743890428
            ]
          ]
        ]
      },
      "properties": {
        "intersection_id": "13939153982",
        "modes": [
          "BICYCLE"
        ],
        "stop_line": [
          2.2334581880868707,
          41.44219286071866
        ],
        "waiting_zone_id": "-1529468561#1_straight+turn+left"
      }
    },
    {
      "type": "Feature",
      "geometry": {
        "type": "Polygon",
        "coordinates": [
          [
            [
              2.2333819027252737,
              41.44223395743088
            ],
            [
              2.233398081567633,
              41.44224723502901
            ],
            [
              2.2333539683002757,
              41.44227767084896
            ],
            [
              2.233337788262568,
              41.44226439323671
            ],
            [
              2.2333819027252737,
              41.44223395743088
            ]
          ]
        ]
      },
      "properties": {
        "intersection_id": "13939153981",
        "modes": [
          "BICYCLE"
        ],
        "stop_line": [
          2.2333899922794114,
          41.44224059610816
        ],
        "waiting_zone_id": "-1529468561#2_straight+turn+right"
      }
    },
    {
      "type": "Feature",
      "geometry": {
        "type": "Polygon",
        "coordinates": [
          [
            [
              2.252518754757313,
              41.46527037116027
            ],
            [
              2.252546598961268,
              41.46531049276666
            ],
            [
              2.2525125992847452,
              41.46532378745324
            ],
            [
              2.252485036743246,
              41.46528406219383
            ],
            [
              2.252518754757313,
              41.46527037116027
            ]
          ]
        ]
      },
      "properties": {
        "intersection_id": "12577103858",
        "modes": [
          "CAR",
          "MOTORCYCLE"
        ],
        "stop_line": [
          2.25250189576418,
          41.46527721650883
        ],
        "waiting_zone_id": "-171839324#10_straight"
      }
    },
    {
      "type": "Feature",
      "geometry": {
        "type": "Polygon",
        "coordinates": [
          [
            [
              2.251972002255069,
              41.464060012785325
            ],
            [
              2.2521369362488706,
              41.46441541514052
            ],
            [
              2.2524971661098414,
              41.46523891569717
            ],
            [
              2.2524627461799938,
              41.465251581622965
            ],
            [
              2.252424936916812,
              41.46518797415741
            ],
            [
              2.2519840774555737,
              41.46418383681395
            ],
            [
              2.2519354290685034,
              41.46406861826539
            ],
            [
              2.251972002255069,
              41.464060012785325
            ]
          ]
        ]
      },
      "properties": {
        "intersection_id": "5546412588",
        "modes": [
          "CAR",
          "MOTORCYCLE"
        ],
        "stop_line": [
          2.2519537030473304,
          41.464064288343216
        ],
        "waiting_zone_id": "-171839324#8_straight"
      }
    },
    {
      "type": "Feature",
      "geometry": {
        "type": "Polygon",
        "coordinates": [
          [
            [
              2.238964854671865,
              41.45356634552736
            ],
            [
              2.23899496366626,
              41.45358416684966
            ],
            [
              2.23783426715388,
              41.45469403373708
            ],
            [
              2.2378041579730694,
              41.4546762121127
            ],
            [
              2.238964854671865,
              41.45356634552736
            ]
          ]
        ]
      },
      "properties": {
        "intersection_id": "2112816883",
        "modes": [
          "CAR",
          "MOTORCYCLE"
        ],
        "stop_line": [
          2.2378192125614085,
          41.45468512292586
        ],
        "waiting_zone_id": "-192075198#3_straight"
      }
    },
    {
      "type": "Feature",
      "geometry": {
        "type": "Polygon",
        "coordinates": [
          [
            [
              2.2330850418707464,
              41.447113260726155
            ],
            [
              2.2331151971140617,
              41.447131036167534
            ],
            [
              2.233078357095393,
              41.44716641677855
            ],
            [
              2.233048201835435,
              41.44714864222826
            ],
            [
              2.2330850418707464,
              41.447113260726155
            ]
          ]
        ]
      },
      "properties": {
        "intersection_id": "539051272",
        "modes": [
          "CAR",
          "MOTORCYCLE"
        ],
        "stop_line": [
          2.2330632794633503,
          41.44715752950437
        ],
        "waiting_zone_id": "-201758245#10_straight"
      }
    },
    {
      "type": "Feature",
      "geometry": {
        "type": "Polygon",
        "coordinates": [
          [
            [
              2.236931514702817,
              41.44872156608986
            ],
            [
              2.2369359583926505,
              41.44875019417049
            ],
            [
              2.236856886870851,
              41.44875714310588
            ],
            [
              2.236852442007754,
              41.44872851591526
            ],
            [
              2.236931514702817,
              41.44872156608986
            ]
          ]
        ]
      },
      "properties": {
        "intersection_id": "2136574887",
        "modes": [
          "CAR",
          "MOTORCYCLE"
        ],
        "stop_line": [
          2.2368546646667715,
          41.44874282953351
        ],
        "waiting_zone_id": "-203655182#6_straight"
      }
    },
    {
      "type": "Feature",
      "geometry": {
        "type": "Polygon",
        "coordinates": [
          [
            [
              2.2459981691581397,
              41.444255237515684
            ],
            [
              2.245965689179506,
              41.444239956972645
            ],
            [
              2.246010977061936,
              41.44418201438215
            ],
            [
              2.246044499549228,
              41.44419596323894
            ],
            [
              2.2460223636677723,
              41.44422608316943
            ],
            [
              2.2459981691581397,
              41.444255237515684
            ]
          ]
        ]
      },
      "properties": {
        "intersection_id": "301790820",
        "modes": [
          "CAR",
          "MOTORCYCLE"
        ],
        "stop_line": [
          2.2460277383037752,
          41.44418898881179
        ],
        "waiting_zone_id": "-204105887#1_straight+turn+left"
      }
    },
    {
      "type": "Feature",
      "geometry": {
        "type": "Polygon",
        "coordinates": [
          [
            [
              2.2479814392299295,
              41.446945005116895
            ],
            [
              2.2482564519616655,
              41.446741098038764
            ],
            [
              2.2482816527009017,
              41.44676280671471
            ],
            [
              2.2480084193290075,
              41.44696541774828
            ],
            [
              2.2479814392299295,
              41.446945005116895
            ]
          ]
        ]
      },
      "properties": {
        "intersection_id": "5588789859",
        "modes": [
          "CAR",
          "MOTORCYCLE"
        ],
        "stop_line": [
          2.2479949133705257,
          41.44695519926954
        ],
        "waiting_zone_id": "-207322884#4_straight"
      }
    },
    {
      "type": "Feature",
      "geometry": {
        "type": "Polygon",
        "coordinates": [
          [
            [
              2.248318947460892,
              41.44669476140631
            ],
            [
              2.2483457991849676,
              41.44671531889641
            ],
            [
              2.248303126659295,
              41.44674687325922
            ],
            [
              2.2482762749359737,
              41.446726315759285
            ],
            [
              2.248318947460892,
              41.44669476140631
            ]
          ]
        ]
      },
      "properties": {
        "intersection_id": "5588789860",
        "modes": [
          "CAR",
          "MOTORCYCLE"
        ],
        "stop_line": [
          2.2482897007955156,
          41.44673659451003
        ],
        "waiting_zone_id": "-207322884#5_straight"
      }
    },
    {
      "type": "Feature",
      "geometry": {
        "type": "Polygon",
        "coordinates": [
          [
            [
              2.243831683048513,
              41.45215259583211
            ],
            [
              2.243762750227687,
              41.452127464125944
            ],
            [
              2.2442146684940556,
              41.45142584314719
            ],
            [
              2.244283372732094,
              41.451451311309455
            ],
            [
              2.243831683048513,
              41.45215259583211
            ]
          ]
        ]
      },
      "properties": {
        "intersection_id": "5588593517",
        "modes": [
          "CAR",
          "MOTORCYCLE"
        ],
        "stop_line": [
          2.2442490242434716,
          41.45143857859903
        ],
        "waiting_zone_id": "-207322888#10_straight"
      }
    },
    {
      "type": "Feature",
      "geometry": {
        "type": "Polygon",
        "coordinates": [
          [
            [
              2.2437481945966966,
              41.45221617629972
            ],
            [
              2.2437826657182214,
              41.45222875210138
            ],
            [
              2.2435268800470527,
              41.45262590221732
            ],
            [
              2.243492427629759,
              41.45261336579417
            ],
            [
              2.2437481945966966,
              41.45221617629972
            ]
          ]
        ]
      },
      "properties": {
        "intersection_id": "5588593518",
        "modes": [
          "CAR",
          "MOTORCYCLE"
        ],
        "stop_line": [
          2.243765430154533,
          41.452222464201625
        ],
        "waiting_zone_id": "-207322888#12_straight"
      }
    },
    {
      "type": "Feature",
      "geometry": {
        "type": "Polygon",
        "coordinates": [
          [
            [
              2.2433862024204476,
              41.45277831049939
            ],
            [
              2.2433515164304736,
              41.45276607364731
            ],
            [
              2.2437137401442677,
              41.452203609604624
            ],
            [
              2.243748211252367,
              41.452216185416546
            ],
            [
              2.2433862024204476,
              41.45277831049939
            ]
          ]
        ]
      },
      "properties": {
        "intersection_id": "5588593518",
        "modes": [
          "CAR",
          "MOTORCYCLE"
        ],
        "stop_line": [
          2.243730912558052,
          41.45220999546273
        ],
        "waiting_zone_id": "-207322888#12_straight+right"
      }
    },
    {
      "type": "Feature",
      "geometry": {
        "type": "Polygon",
        "coordinates": [
          [
            [
              2.2430246376134266,
              41.45325165197302
            ],
            [
              2.2430597620851813,
              41.45326316040529
            ],
            [
              2.2430942548634296,
              41.45327565999125
            ],
            [
              2.2430123917773543,
              41.45341725853922
            ],
            [
              2.2429420789650134,
              41.453394265535096
            ],
            [
              2.2430246376134266,
              41.45325165197302
            ]
          ]
        ]
      },
      "properties": {
        "intersection_id": "5588593519",
        "modes": [
          "CAR",
          "MOTORCYCLE"
        ],
        "stop_line": [
          2.243059444493721,
          41.4532636590579
        ],
        "waiting_zone_id": "-207322888#17_straight"
      }
    },
    {
      "type": "Feature",
      "geometry": {
        "type": "Polygon",
        "coordinates": [
          [
            [
              2.2450383693474842,
              41.45015827647981
            ],
            [
              2.2451073383879785,
              41.45018334911652
            ],
            [
              2.2449106947234134,
              41.4504856198477
            ],
            [
              2.2448413557235756,
              41.45046094099235
            ],
            [
              2.2450383693474842,
              41.45015827647981
            ]
          ]
        ]
      },
      "properties": {
        "intersection_id": "5588596726",
        "modes": [
          "CAR",
          "MOTORCYCLE"
        ],
        "stop_line": [
          2.245072844720801,
          41.45017082670483
        ],
        "waiting_zone_id": "-207322888#2_straight"
      }
    },
    {
      "type": "Feature",
      "geometry": {
        "type": "Polygon",
        "coordinates": [
          [
            [
              2.2443442947806225,
              41.45129052577496
            ],
            [
              2.2443098094469733,
              41.451277969863234
            ],
            [
              2.24441179721795,
              41.451119648710595
            ],
            [
              2.2444803587836164,
              41.45114533965627
            ],
            [
              2.2444531234630425,
              41.45118544291673
            ],
            [
              2.244420100393477,
              41.45117274801944
            ],
            [
              2.2443442947806225,
              41.45129052577496
            ]
          ]
        ]
      },
      "properties": {
        "intersection_id": "5588593516",
        "modes": [
          "CAR",
          "MOTORCYCLE"
        ],
        "stop_line": [
          2.2444460748602015,
          41.45113249880277
        ],
        "waiting_zone_id": "-207322888#5_straight"
      }
    },
    {
      "type": "Feature",
      "geometry": {
        "type": "Polygon",
        "coordinates": [
          [
            [
              2.2479844377862372,
              41.45424394262091
            ],
            [
              2.2480214014107176,
              41.45425151991111
            ],
            [
              2.2479662715261566,
              41.454391535780985
            ],
            [
              2.2479295424750623,
              41.45438333849417
            ],
            [
              2.2479844377862372,
              41.45424394262091
            ]
          ]
        ]
      },
      "properties": {
        "intersection_id": "228725708",
        "modes": [
          "CAR",
          "MOTORCYCLE"
        ],
        "stop_line": [
          2.248002919597382,
          41.45424773126749
        ],
        "waiting_zone_id": "-21259582#2_straight"
      }
    },
    {
      "type": "Feature",
      "geometry": {
        "type": "Polygon",
        "coordinates": [
          [
            [
              2.2477522535716097,
              41.45534617219586
            ],
            [
              2.247739275131094,
              41.45518449408058
            ],
            [
              2.247750441619359,
              41.45502404574083
            ],
            [
              2.2477835060586497,
              41.45483649132079
            ],
            [
              2.247881985689138,
              41.45453595027859
            ],
            [
              2.2479565629212566,
              41.45454917526719
            ],
            [
              2.2478589964157107,
              41.45484646345669
            ],
            [
              2.24782682319433,
              41.45502881743228
            ],
            [
              2.2478160172548316,
              41.45518346465201
            ],
            [
              2.247828603202737,
              41.4553417200725
            ],
            [
              2.2477522535716097,
              41.45534617219586
            ]
          ]
        ]
      },
      "properties": {
        "intersection_id": "228725710",
        "modes": [
          "CAR",
          "MOTORCYCLE"
        ],
        "stop_line": [
          2.2479006129944623,
          41.45453931250785
        ],
        "waiting_zone_id": "-21259582#7_straight"
      }
    },
    {
      "type": "Feature",
      "geometry": {
        "type": "Polygon",
        "coordinates": [
          [
            [
              2.24753849074463,
              41.45546165897994
            ],
            [
              2.247536390450397,
              41.45543287912302
            ],
            [
              2.247725925031133,
              41.455425011366174
            ],
            [
              2.2477619593900386,
              41.45538436860827
            ],
            [
              2.247759419392215,
              41.45539197768592
            ],
            [
              2.2477967323639594,
              41.45538926904944
            ],
            [
              2.247834752672658,
              41.45538554718671
            ],
            [
              2.247840191114598,
              41.455430396497604
            ],
            [
              2.247802037456812,
              41.45543301498102
            ],
            [
              2.2477969520251646,
              41.4553910863831
            ],
            [
              2.2477938312444055,
              41.45540036164066
            ],
            [
              2.2477524640354583,
              41.45544701982329
            ],
            [
              2.2477373183707505,
              41.455453422338614
            ],
            [
              2.24753849074463,
              41.45546165897994
            ]
          ]
        ]
      },
      "properties": {
        "intersection_id": "590815626",
        "modes": [
          "CAR",
          "MOTORCYCLE"
        ],
        "stop_line": [
          2.2477776756446453,
          41.45539065227796
        ],
        "waiting_zone_id": "-21259582#9_straight"
      }
    },
    {
      "type": "Feature",
      "geometry": {
        "type": "Polygon",
        "coordinates": [
          [
            [
              2.233987976672763,
              41.44064655396138
            ],
            [
              2.234080722777011,
              41.44071995616115
            ],
            [
              2.2348617168572904,
              41.441357203957935
            ],
            [
              2.234833619495623,
              41.44137679382192
            ],
            [
              2.233960341867465,
              41.44066651239685
            ],
            [
              2.233987976672763,
              41.44064655396138
            ]
          ]
        ]
      },
      "properties": {
        "intersection_id": "5588597294",
        "modes": [
          "CAR",
          "MOTORCYCLE"
        ],
        "stop_line": [
          2.234847596938631,
          41.44136694103943
        ],
        "waiting_zone_id": "-251210576_straight"
      }
    },
    {
      "type": "Feature",
      "geometry": {
        "type": "Polygon",
        "coordinates": [
          [
            [
              2.232227833181998,
              41.44151961715665
            ],
            [
              2.2322489114558937,
              41.44149557541658
            ],
            [
              2.2322708236280038,
              41.44147189516131
            ],
            [
              2.2322727270773433,
              41.44147289868313
            ],
            [
              2.232229816525143,
              41.4415206264873
            ],
            [
              2.232227833181998,
              41.44151961715665
            ]
          ]
        ]
      },
      "properties": {
        "intersection_id": "2805069251",
        "modes": [
          "CAR",
          "MOTORCYCLE"
        ],
        "stop_line": [
          2.232251050578604,
          41.44149664919456
        ],
        "waiting_zone_id": "-27466977#2_straight"
      }
    },
    {
      "type": "Feature",
      "geometry": {
        "type": "Polygon",
        "coordinates": [
          [
            [
              2.24553869867242,
              41.44390115181661
            ],
            [
              2.2458937177904414,
              41.44424879349319
            ],
            [
              2.245863290676578,
              41.44426630266438
            ],
            [
              2.24550857940595,
              41.443918960159785
            ],
            [
              2.24553869867242,
              41.44390115181661
            ]
          ]
        ]
      },
      "properties": {
        "intersection_id": "2136618866",
        "modes": [
          "CAR",
          "MOTORCYCLE"
        ],
        "stop_line": [
          2.2458785042355487,
          41.44425754807981
        ],
        "waiting_zone_id": "-27489169#0_straight+turn+left+right"
      }
    },
    {
      "type": "Feature",
      "geometry": {
        "type": "Polygon",
        "coordinates": [
          [
            [
              2.2439283171355027,
              41.442338620613604
            ],
            [
              2.2439641708734968,
              41.442374677062425
            ],
            [
              2.24393332760586,
              41.442391768651895
            ],
            [
              2.2438974738758173,
              41.44235571219364
            ],
            [
              2.2439283171355027,
              41.442338620613604
            ]
          ]
        ]
      },
      "properties": {
        "intersection_id": "13275118018",
        "modes": [
          "CAR",
          "MOTORCYCLE"
        ],
        "stop_line": [
          2.243948749241694,
          41.442383222858226
        ],
        "waiting_zone_id": "-27489169#12_straight"
      }
    },
    {
      "type": "Feature",
      "geometry": {
        "type": "Polygon",
        "coordinates": [
          [
            [
              2.244685787323659,
              41.443074431791025
            ],
            [
              2.244721279167118,
              41.44311069459747
            ],
            [
              2.2446904357436974,
              41.44312778638648
            ],
            [
              2.2446549439083814,
              41.44309152357071
            ],
            [
              2.244685787323659,
              41.443074431791025
            ]
          ]
        ]
      },
      "properties": {
        "intersection_id": "3858976459",
        "modes": [
          "CAR",
          "MOTORCYCLE"
        ],
        "stop_line": [
          2.2447058574574235,
          41.44311924049304
        ],
        "waiting_zone_id": "-27489169#8_straight+turn+right"
      }
    },
    {
      "type": "Feature",
      "geometry": {
        "type": "Polygon",
        "coordinates": [
          [
            [
              2.2390931397426566,
              41.45139791247872
            ],
            [
              2.2391215975156546,
              41.451417209076524
            ],
            [
              2.238546051272872,
              41.45189766632972
            ],
            [
              2.2385174435227655,
              41.45187849650373
            ],
            [
              2.2390931397426566,
              41.45139791247872
            ]
          ]
        ]
      },
      "properties": {
        "intersection_id": "5588597338",
        "modes": [
          "CAR",
          "MOTORCYCLE"
        ],
        "stop_line": [
          2.2391073686270455,
          41.45140756077849
        ],
        "waiting_zone_id": "-27489988#4_straight"
      }
    },
    {
      "type": "Feature",
      "geometry": {
        "type": "Polygon",
        "coordinates": [
          [
            [
              2.238327593929922,
              41.45203393466008
            ],
            [
              2.238405072760313,
              41.451972787284376
            ],
            [
              2.238433044644228,
              41.45199248076372
            ],
            [
              2.23804768372546,
              41.45231054923209
            ],
            [
              2.2380193854515595,
              41.452291121919444
            ],
            [
              2.238327593929922,
              41.45203393466008
            ]
          ]
        ]
      },
      "properties": {
        "intersection_id": "3663299714",
        "modes": [
          "CAR",
          "MOTORCYCLE"
        ],
        "stop_line": [
          2.238419058700153,
          41.45198263402489
        ],
        "waiting_zone_id": "-27489988#6_straight+turn+left"
      }
    },
    {
      "type": "Feature",
      "geometry": {
        "type": "Polygon",
        "coordinates": [
          [
            [
              2.2393595966571804,
              41.451174388923576
            ],
            [
              2.2393310857177107,
              41.45115513706949
            ],
            [
              2.2395509722573483,
              41.45097089276206
            ],
            [
              2.2395794602270866,
              41.4509901624253
            ],
            [
              2.2393595966571804,
              41.451174388923576
            ]
          ]
        ]
      },
      "properties": {
        "intersection_id": "301798804",
        "modes": [
          "CAR",
          "MOTORCYCLE"
        ],
        "stop_line": [
          2.2395652163529287,
          41.4509805277206
        ],
        "waiting_zone_id": "-27490015#2_straight"
      }
    },
    {
      "type": "Feature",
      "geometry": {
        "type": "Polygon",
        "coordinates": [
          [
            [
              2.2393885839580783,
              41.45119314130542
            ],
            [
              2.2393601517674835,
              41.451173923791174
            ],
            [
              2.239579532401773,
              41.450990133177996
            ],
            [
              2.2396080215853793,
              41.451009402841876
            ],
            [
              2.2393885839580783,
              41.45119314130542
            ]
          ]
        ]
      },
      "properties": {
        "intersection_id": "301798804",
        "modes": [
          "CAR",
          "MOTORCYCLE"
        ],
        "stop_line": [
          2.2395937769915686,
          41.45099976801079
        ],
        "waiting_zone_id": "-27490015#2_turn+left"
      }
    },
    {
      "type": "Feature",
      "geometry": {
        "type": "Polygon",
        "coordinates": [
          [
            [
              2.232080178836036,
              41.445815960848066
            ],
            [
              2.2321007027533093,
              41.44584029813502
            ],
            [
              2.232050165171091,
              41.44586442677412
            ],
            [
              2.232029641254753,
              41.44584009037903
            ],
            [
              2.232080178836036,
              41.445815960848066
            ]
          ]
        ]
      },
      "properties": {
        "intersection_id": "5588597469",
        "modes": [
          "CAR",
          "MOTORCYCLE"
        ],
        "stop_line": [
          2.2320904409607842,
          41.4458281294908
        ],
        "waiting_zone_id": "-27525212#2_straight"
      }
    },
    {
      "type": "Feature",
      "geometry": {
        "type": "Polygon",
        "coordinates": [
          [
            [
              2.2533268643813513,
              41.45445235612921
            ],
            [
              2.2533286598601032,
              41.45445332062693
            ],
            [
              2.2533066962523605,
              41.454476918113585
            ],
            [
              2.2533047920965363,
              41.45447591493615
            ],
            [
              2.2533268643813513,
              41.45445235612921
            ]
          ]
        ]
      },
      "properties": {
        "intersection_id": "5588593507",
        "modes": [
          "CAR",
          "MOTORCYCLE"
        ],
        "stop_line": [
          2.253315779702963,
          41.454464109961684
        ],
        "waiting_zone_id": "-27641458#12_straight"
      }
    },
    {
      "type": "Feature",
      "geometry": {
        "type": "Polygon",
        "coordinates": [
          [
            [
              2.253381733852919,
              41.45451907190662
            ],
            [
              2.253368230587879,
              41.45451087470445
            ],
            [
              2.253392121058138,
              41.45448834275241
            ],
            [
              2.253542275571712,
              41.45457844843618
            ],
            [
              2.253652867111492,
              41.45464662806664
            ],
            [
              2.253637923178604,
              41.45466044704758
            ],
            [
              2.253381733852919,
              41.45451907190662
            ]
          ]
        ]
      },
      "properties": {
        "intersection_id": "11406463744",
        "modes": [
          "CAR",
          "MOTORCYCLE"
        ],
        "stop_line": [
          2.2533801759728442,
          41.45449960881668
        ],
        "waiting_zone_id": "-27641458#14_straight+left+right"
      }
    },
    {
      "type": "Feature",
      "geometry": {
        "type": "Polygon",
        "coordinates": [
          [
            [
              2.2513264750711737,
              41.45336137109272
            ],
            [
              2.2513093192731497,
              41.453378273617545
            ],
            [
              2.251031301256434,
              41.45322707402325
            ],
            [
              2.251021466416093,
              41.45322138825316
            ],
            [
              2.2510146996695024,
              41.453185039637866
            ],
            [
              2.2510147441283492,
              41.45318117483855
            ],
            [
              2.2513264750711737,
              41.45336137109272
            ]
          ]
        ]
      },
      "properties": {
        "intersection_id": "11406441408",
        "modes": [
          "CAR",
          "MOTORCYCLE"
        ],
        "stop_line": [
          2.251003096802448,
          41.453192593531774
        ],
        "waiting_zone_id": "-27641458#2_straight"
      }
    },
    {
      "type": "Feature",
      "geometry": {
        "type": "Polygon",
        "coordinates": [
          [
            [
              2.2546282253543826,
              41.455110087338866
            ],
            [
              2.255259487042639,
              41.45533567225609
            ],
            [
              2.255243242870982,
              41.45536176429351
            ],
            [
              2.2548055744549216,
              41.455205391032294
            ],
            [
              2.254373921646197,
              41.45504076475278
            ],
            [
              2.2543870272775104,
              41.45502077292709
            ],
            [
              2.2546282253543826,
              41.455110087338866
            ]
          ]
        ]
      },
      "properties": {
        "intersection_id": "6228277573",
        "modes": [
          "CAR",
          "MOTORCYCLE"
        ],
        "stop_line": [
          2.2543785544416224,
          41.45503369771356
        ],
        "waiting_zone_id": "-27641458#20_straight"
      }
    },
    {
      "type": "Feature",
      "geometry": {
        "type": "Polygon",
        "coordinates": [
          [
            [
              2.255303043700967,
              41.45535116959043
            ],
            [
              2.2553569877454938,
              41.45537057942139
            ],
            [
              2.255340457281938,
              41.45539658134638
            ],
            [
              2.2552865132210216,
              41.45537717150762
            ],
            [
              2.255303043700967,
              41.45535116959043
            ]
          ]
        ]
      },
      "properties": {
        "intersection_id": "5588593505",
        "modes": [
          "CAR",
          "MOTORCYCLE"
        ],
        "stop_line": [
          2.25529477846266,
          41.455364170549345
        ],
        "waiting_zone_id": "-27641458#21_straight"
      }
    },
    {
      "type": "Feature",
      "geometry": {
        "type": "Polygon",
        "coordinates": [
          [
            [
              2.2513533260643634,
              41.45340220650547
            ],
            [
              2.251351384873174,
              41.453401150798705
            ],
            [
              2.2513676271365757,
              41.45338514831126
            ],
            [
              2.2513695301948196,
              41.45338624158801
            ],
            [
              2.2513533260643634,
              41.45340220650547
            ]
          ]
        ]
      },
      "properties": {
        "intersection_id": "5588593508",
        "modes": [
          "CAR",
          "MOTORCYCLE"
        ],
        "stop_line": [
          2.25135600166405,
          41.453396602164126
        ],
        "waiting_zone_id": "-27641458#3_straight"
      }
    },
    {
      "type": "Feature",
      "geometry": {
        "type": "Polygon",
        "coordinates": [
          [
            [
              2.2518745578572763,
              41.453660937279736
            ],
            [
              2.2519335352540715,
              41.45369336926633
            ],
            [
              2.25191094105573,
              41.453716645255376
            ],
            [
              2.251851894626751,
              41.45368417677862
            ],
            [
              2.2518745578572763,
              41.453660937279736
            ]
          ]
        ]
      },
      "properties": {
        "intersection_id": "6228277567",
        "modes": [
          "CAR",
          "MOTORCYCLE"
        ],
        "stop_line": [
          2.2518632262440437,
          41.45367255702977
        ],
        "waiting_zone_id": "-27641458#9_straight"
      }
    },
    {
      "type": "Feature",
      "geometry": {
        "type": "Polygon",
        "coordinates": [
          [
            [
              2.23985889570756,
              41.43850144443945
            ],
            [
              2.239898263920318,
              41.43853876211633
            ],
            [
              2.239868264001492,
              41.43855668328315
            ],
            [
              2.2398288958059087,
              41.43851936469549
            ],
            [
              2.23985889570756,
              41.43850144443945
            ]
          ]
        ]
      },
      "properties": {
        "intersection_id": "13615640860",
        "modes": [
          "CAR",
          "MOTORCYCLE"
        ],
        "stop_line": [
          2.23984389578961,
          41.43851040427911
        ],
        "waiting_zone_id": "-27642114#8+115826833#0+1218906995_straight"
      }
    },
    {
      "type": "Feature",
      "geometry": {
        "type": "Polygon",
        "coordinates": [
          [
            [
              2.2575538772819304,
              41.455944821050295
            ],
            [
              2.2575555819616184,
              41.45597361439
            ],
            [
              2.2571188226853875,
              41.455985577604075
            ],
            [
              2.2571177601592134,
              41.455956766787544
            ],
            [
              2.2575538772819304,
              41.455944821050295
            ]
          ]
        ]
      },
      "properties": {
        "intersection_id": "303580405",
        "modes": [
          "CAR",
          "MOTORCYCLE"
        ],
        "stop_line": [
          2.257118291422207,
          41.455971172195824
        ],
        "waiting_zone_id": "-30112359#3_straight+left+right"
      }
    },
    {
      "type": "Feature",
      "geometry": {
        "type": "Polygon",
        "coordinates": [
          [
            [
              2.2455071108455216,
              41.4493594919473
            ],
            [
              2.245577224154835,
              41.44938287570933
            ],
            [
              2.2455524524492323,
              41.44942384390216
            ],
            [
              2.245483402548836,
              41.44940084451159
            ],
            [
              2.2455071108455216,
              41.4493594919473
            ]
          ]
        ]
      },
      "properties": {
        "intersection_id": "2141756695",
        "modes": [
          "CAR",
          "MOTORCYCLE"
        ],
        "stop_line": [
          2.245559789114337,
          41.44937690833388
        ],
        "waiting_zone_id": "-37442552#1_straight"
      }
    },
    {
      "type": "Feature",
      "geometry": {
        "type": "Polygon",
        "coordinates": [
          [
            [
              2.2451530730454285,
              41.44996305265824
            ],
            [
              2.245223174618027,
              41.44998646087773
            ],
            [
              2.2451985368629797,
              41.450027504629844
            ],
            [
              2.245129014839651,
              41.450004291156105
            ],
            [
              2.2451530730454285,
              41.44996305265824
            ]
          ]
        ]
      },
      "properties": {
        "intersection_id": "5588596723",
        "modes": [
          "CAR",
          "MOTORCYCLE"
        ],
        "stop_line": [
          2.24517061259302,
          41.449968845282875
        ],
        "waiting_zone_id": "-37442552#5_straight"
      }
    },
    {
      "type": "Feature",
      "geometry": {
        "type": "Polygon",
        "coordinates": [
          [
            [
              2.2402587993028638,
              41.450398640131645
            ],
            [
              2.240555649956712,
              41.450142476983906
            ],
            [
              2.24058459494766,
              41.45016135759458
            ],
            [
              2.2401695723958293,
              41.45052225789183
            ],
            [
              2.23994410404102,
              41.450717175458074
            ],
            [
              2.239915206154569,
              41.450698254465685
            ],
            [
              2.2402587993028638,
              41.450398640131645
            ]
          ]
        ]
      },
      "properties": {
        "intersection_id": "303587410",
        "modes": [
          "CAR",
          "MOTORCYCLE"
        ],
        "stop_line": [
          2.240570122547623,
          41.45015191717666
        ],
        "waiting_zone_id": "-391642301#6_straight+turn+left"
      }
    },
    {
      "type": "Feature",
      "geometry": {
        "type": "Polygon",
        "coordinates": [
          [
            [
              2.241412441451598,
              41.44824915758919
            ],
            [
              2.2414208014276666,
              41.448293750887146
            ],
            [
              2.241382868761198,
              41.448297776571366
            ],
            [
              2.2413745088106714,
              41.448253183270914
            ],
            [
              2.241412441451598,
              41.44824915758919
            ]
          ]
        ]
      },
      "properties": {
        "intersection_id": "13608027774",
        "modes": [
          "CAR",
          "MOTORCYCLE"
        ],
        "stop_line": [
          2.2414018347091083,
          41.44829576406402
        ],
        "waiting_zone_id": "-391642302#3_straight"
      }
    },
    {
      "type": "Feature",
      "geometry": {
        "type": "Polygon",
        "coordinates": [
          [
            [
              2.2664041967951927,
              41.45980150687664
            ],
            [
              2.2664337269372656,
              41.459819871281326
            ],
            [
              2.266395583339751,
              41.459854582240254
            ],
            [
              2.2663660519956763,
              41.459836217818214
            ],
            [
              2.2664041967951927,
              41.45980150687664
            ]
          ]
        ]
      },
      "properties": {
        "intersection_id": "5588593495",
        "modes": [
          "CAR",
          "MOTORCYCLE"
        ],
        "stop_line": [
          2.266380817446564,
          41.459845399783795
        ],
        "waiting_zone_id": "-395406716#2_straight"
      }
    },
    {
      "type": "Feature",
      "geometry": {
        "type": "Polygon",
        "coordinates": [
          [
            [
              2.232154741184826,
              41.44584740181084
            ],
            [
              2.2321327986327955,
              41.44582377655991
            ],
            [
              2.2324631698053077,
              41.44564055779519
            ],
            [
              2.2327651972233857,
              41.44548244192457
            ],
            [
              2.2328334293389016,
              41.4454452675023
            ],
            [
              2.2333948885359254,
              41.44513459317626
            ],
            [
              2.2334495187856147,
              41.44510073435489
            ],
            [
              2.2338412895046567,
              41.44483316341139
            ],
            [
              2.2339195398669216,
              41.44479041370085
            ],
            [
              2.2339386680458353,
              41.44481538540193
            ],
            [
              2.2338662806290355,
              41.44485502156812
            ],
            [
              2.23347494192102,
              41.445122297328055
            ],
            [
              2.2334197739547132,
              41.44515668221559
            ],
            [
              2.2328560671625586,
              41.44546851894549
            ],
            [
              2.232787516950716,
              41.44550586690458
            ],
            [
              2.232485701523194,
              41.4456638680515
            ],
            [
              2.232154741184826,
              41.44584740181084
            ]
          ]
        ]
      },
      "properties": {
        "intersection_id": "5588597469",
        "modes": [
          "CAR",
          "MOTORCYCLE"
        ],
        "stop_line": [
          2.232143769906829,
          41.4458355891859
        ],
        "waiting_zone_id": "-402739617#0_straight"
      }
    },
    {
      "type": "Feature",
      "geometry": {
        "type": "Polygon",
        "coordinates": [
          [
            [
              2.230006175915284,
              41.442693590656624
            ],
            [
              2.22998439509313,
              41.442705464911164
            ],
            [
              2.229974212720194,
              41.442694755979915
            ],
            [
              2.2299855485017055,
              41.44268850171025
            ],
            [
              2.230006175915284,
              41.442693590656624
            ]
          ]
        ]
      },
      "properties": {
        "intersection_id": "2805069504",
        "modes": [
          "BICYCLE"
        ],
        "stop_line": [
          2.2300156213042217,
          41.44267731856491
        ],
        "waiting_zone_id": "-402739619#0_straight+turn+right"
      }
    },
    {
      "type": "Feature",
      "geometry": {
        "type": "Polygon",
        "coordinates": [
          [
            [
              2.2694821030734227,
              41.46163535934306
            ],
            [
              2.2701361655762584,
              41.46200128896561
            ],
            [
              2.2701136034624807,
              41.46202458492089
            ],
            [
              2.2696845688455825,
              41.46178947030291
            ],
            [
              2.2694587150809986,
              41.46165818874619
            ],
            [
              2.2694821030734227,
              41.46163535934306
            ]
          ]
        ]
      },
      "properties": {
        "intersection_id": "5588593494",
        "modes": [
          "CAR",
          "MOTORCYCLE"
        ],
        "stop_line": [
          2.2694704090792666,
          41.46164677404525
        ],
        "waiting_zone_id": "-420313602#1_straight+turn+partial_right"
      }
    },
    {
      "type": "Feature",
      "geometry": {
        "type": "Polygon",
        "coordinates": [
          [
            [
              2.2709070356804375,
              41.46242867071209
            ],
            [
              2.2709673710917233,
              41.46246211036061
            ],
            [
              2.2709446424906843,
              41.46248531534794
            ],
            [
              2.2708843070699087,
              41.462451875687556
            ],
            [
              2.2709070356804375,
              41.46242867071209
            ]
          ]
        ]
      },
      "properties": {
        "intersection_id": "6325763623",
        "modes": [
          "CAR",
          "MOTORCYCLE"
        ],
        "stop_line": [
          2.2708956713772057,
          41.462440273200414
        ],
        "waiting_zone_id": "-420313602#4_straight"
      }
    },
    {
      "type": "Feature",
      "geometry": {
        "type": "Polygon",
        "coordinates": [
          [
            [
              2.2487079029488513,
              41.45975755412609
            ],
            [
              2.2487813666019068,
              41.45974111887838
            ],
            [
              2.2488291363382715,
              41.45984248868743
            ],
            [
              2.2488732106018103,
              41.45990000603903
            ],
            [
              2.2489690042519435,
              41.46000397454843
            ],
            [
              2.2490534297589955,
              41.46007684090327
            ],
            [
              2.2493103070339306,
              41.460267384261634
            ],
            [
              2.2492565840898138,
              41.460308448866215
            ],
            [
              2.2489981233402276,
              41.46011670517091
            ],
            [
              2.248907861463632,
              41.460038779931416
            ],
            [
              2.248808879120056,
              41.45993139565175
            ],
            [
              2.248760254411609,
              41.459868103625205
            ],
            [
              2.2487147586080263,
              41.45977503276427
            ],
            [
              2.2487079029488513,
              41.45975755412609
            ]
          ]
        ]
      },
      "properties": {
        "intersection_id": "5588790777",
        "modes": [
          "CAR",
          "MOTORCYCLE"
        ],
        "stop_line": [
          2.2487262865967264,
          41.45975349841672
        ],
        "waiting_zone_id": "-48255517#2_straight"
      }
    },
    {
      "type": "Feature",
      "geometry": {
        "type": "Polygon",
        "coordinates": [
          [
            [
              2.247313950125483,
              41.447452256954215
            ],
            [
              2.2473414383243577,
              41.44747233153814
            ],
            [
              2.2473008235357277,
              41.44750381611808
            ],
            [
              2.2472733341288915,
              41.447483742417376
            ],
            [
              2.247313950125483,
              41.447452256954215
            ]
          ]
        ]
      },
      "properties": {
        "intersection_id": "247876197",
        "modes": [
          "CAR",
          "MOTORCYCLE"
        ],
        "stop_line": [
          2.247287078830191,
          41.44749377926854
        ],
        "waiting_zone_id": "-550662208#0_turn+left"
      }
    },
    {
      "type": "Feature",
      "geometry": {
        "type": "Polygon",
        "coordinates": [
          [
            [
              2.2328620390109077,
              41.45116264687996
            ],
            [
              2.2329106347299947,
              41.45118894296693
            ],
            [
              2.2328882654391218,
              41.451212341920986
            ],
            [
              2.232839670909025,
              41.45118604583258
            ],
            [
              2.2328620390109077,
              41.45116264687996
            ]
          ]
        ]
      },
      "properties": {
        "intersection_id": "5588597482",
        "modes": [
          "CAR",
          "MOTORCYCLE"
        ],
        "stop_line": [
          2.232899450011078,
          41.451200642323705
        ],
        "waiting_zone_id": "-55494596#3_straight"
      }
    },
    {
      "type": "Feature",
      "geometry": {
        "type": "Polygon",
        "coordinates": [
          [
            [
              2.2312161233689807,
              41.44097321538709
            ],
            [
              2.231072025705397,
              41.440898623662854
            ],
            [
              2.2310937353830576,
              41.44087487742273
            ],
            [
              2.2312379353404714,
              41.4409495220468
            ],
            [
              2.231759766405438,
              41.44122720999747
            ],
            [
              2.2318226623108446,
              41.44126236091006
            ],
            [
              2.231845289304128,
              41.44123938178375
            ],
            [
              2.231891935489671,
              41.44126538788383
            ],
            [
              2.231847890000173,
              41.44131260805586
            ],
            [
              2.231737475110122,
              41.44125064982775
            ],
            [
              2.2312161233689807,
              41.44097321538709
            ]
          ]
        ]
      },
      "properties": {
        "intersection_id": "5588597297",
        "modes": [
          "CAR",
          "MOTORCYCLE"
        ],
        "stop_line": [
          2.231859053690464,
          41.44130088390523
        ],
        "waiting_zone_id": "-558212802#2_straight"
      }
    },
    {
      "type": "Feature",
      "geometry": {
        "type": "Polygon",
        "coordinates": [
          [
            [
              2.261111782319352,
              41.45649435888668
            ],
            [
              2.260710676606593,
              41.456231333750104
            ],
            [
              2.2607350360807286,
              41.45620908702403
            ],
            [
              2.2611368645259278,
              41.456472570693094
            ],
            [
              2.261111782319352,
              41.45649435888668
            ]
          ]
        ]
      },
      "properties": {
        "intersection_id": "5588593498",
        "modes": [
          "CAR",
          "MOTORCYCLE"
        ],
        "stop_line": [
          2.2607228563458,
          41.45622021038781
        ],
        "waiting_zone_id": "-583327720#3_straight"
      }
    },
    {
      "type": "Feature",
      "geometry": {
        "type": "Polygon",
        "coordinates": [
          [
            [
              2.243361165504342,
              41.45190308115284
            ],
            [
              2.2437173312280745,
              41.4521256369692
            ],
            [
              2.243700005421751,
              41.45215134376179
            ],
            [
              2.2436499464069737,
              41.4521317441355
            ],
            [
              2.2433359199860226,
              41.45192475991885
            ],
            [
              2.243361165504342,
              41.45190308115284
            ]
          ]
        ]
      },
      "properties": {
        "intersection_id": "5588593518",
        "modes": [
          "BICYCLE"
        ],
        "stop_line": [
          2.243708667826641,
          41.45213849071511
        ],
        "waiting_zone_id": "-640433629_turn+left+right"
      }
    },
    {
      "type": "Feature",
      "geometry": {
        "type": "Polygon",
        "coordinates": [
          [
            [
              2.235876765039797,
              41.454270456459234
            ],
            [
              2.235912354774824,
              41.454281127967135
            ],
            [
              2.2358902150014095,
              41.4543229203786
            ],
            [
              2.235854625236801,
              41.45431224976442
            ],
            [
              2.235876765039797,
              41.454270456459234
            ]
          ]
        ]
      },
      "properties": {
        "intersection_id": "5588597505",
        "modes": [
          "CAR",
          "MOTORCYCLE"
        ],
        "stop_line": [
          2.235872420117629,
          41.45431758507287
        ],
        "waiting_zone_id": "-641069317#3_straight"
      }
    },
    {
      "type": "Feature",
      "geometry": {
        "type": "Polygon",
        "coordinates": [
          [
            [
              2.2302668640479624,
              41.44065302404655
            ],
            [
              2.2302939249342124,
              41.440673423220595
            ],
            [
              2.2296142363793807,
              41.44119201059924
            ],
            [
              2.2295869351083524,
              41.441171795210586
            ],
            [
              2.2302668640479624,
              41.44065302404655
            ]
          ]
        ]
      },
      "properties": {
        "intersection_id": "5588596753",
        "modes": [
          "CAR",
          "MOTORCYCLE"
        ],
        "stop_line": [
          2.2296005858906707,
          41.44118190282263
        ],
        "waiting_zone_id": "-665948577#3_straight"
      }
    },
    {
      "type": "Feature",
      "geometry": {
        "type": "Polygon",
        "coordinates": [
          [
            [
              2.2303462724004066,
              41.44059298478011
            ],
            [
              2.2303731147152535,
              41.44061354550818
            ],
            [
              2.230347448801355,
              41.4406325191216
            ],
            [
              2.2303206053006766,
              41.44061195747893
            ],
            [
              2.2303462724004066,
              41.44059298478011
            ]
          ]
        ]
      },
      "properties": {
        "intersection_id": "5588596749",
        "modes": [
          "CAR",
          "MOTORCYCLE"
        ],
        "stop_line": [
          2.2303340270488974,
          41.440622238301046
        ],
        "waiting_zone_id": "-665948577#4_straight"
      }
    },
    {
      "type": "Feature",
      "geometry": {
        "type": "Polygon",
        "coordinates": [
          [
            [
              2.2483064276533162,
              41.453411560147835
            ],
            [
              2.2483353262578594,
              41.45335855380404
            ],
            [
              2.248402582334656,
              41.453267838062914
            ],
            [
              2.2485235384557507,
              41.45313412934283
            ],
            [
              2.248787786810007,
              41.45294461222157
            ],
            [
              2.2488411207529277,
              41.45298594971565
            ],
            [
              2.2485834095802226,
              41.45317037182182
            ],
            [
              2.248468252375909,
              41.45329760611745
            ],
            [
              2.2484039330075696,
              41.453384298549665
            ],
            [
              2.2483774621428103,
              41.45343329174984
            ],
            [
              2.2483064276533162,
              41.453411560147835
            ]
          ]
        ]
      },
      "properties": {
        "intersection_id": "5588593475",
        "modes": [
          "CAR",
          "MOTORCYCLE"
        ],
        "stop_line": [
          2.248814453355323,
          41.452965281298134
        ],
        "waiting_zone_id": "-673862123#3_straight"
      }
    },
    {
      "type": "Feature",
      "geometry": {
        "type": "Polygon",
        "coordinates": [
          [
            [
              2.2482097836155477,
              41.453631532247876
            ],
            [
              2.2482837532720987,
              41.453646795938944
            ],
            [
              2.2481803987349833,
              41.453929750036636
            ],
            [
              2.248106533866231,
              41.45391461396896
            ],
            [
              2.2482097836155477,
              41.453631532247876
            ]
          ]
        ]
      },
      "properties": {
        "intersection_id": "228725703",
        "modes": [
          "CAR",
          "MOTORCYCLE"
        ],
        "stop_line": [
          2.2482282553775805,
          41.45363534781494
        ],
        "waiting_zone_id": "-673862123#6_straight"
      }
    },
    {
      "type": "Feature",
      "geometry": {
        "type": "Polygon",
        "coordinates": [
          [
            [
              2.229903137616975,
              41.44021689567542
            ],
            [
              2.230317827861431,
              41.44043439674469
            ],
            [
              2.2302731710882298,
              41.44048123121451
            ],
            [
              2.2298592906238532,
              41.44026417406944
            ],
            [
              2.229903137616975,
              41.44021689567542
            ]
          ]
        ]
      },
      "properties": {
        "intersection_id": "5588596750",
        "modes": [
          "CAR",
          "MOTORCYCLE"
        ],
        "stop_line": [
          2.230295499005185,
          41.44045781404408
        ],
        "waiting_zone_id": "-673862127#2_straight"
      }
    },
    {
      "type": "Feature",
      "geometry": {
        "type": "Polygon",
        "coordinates": [
          [
            [
              2.250022422263351,
              41.460450957242905
            ],
            [
              2.249999684136852,
              41.46044530545792
            ],
            [
              2.250021817842263,
              41.46039491814389
            ],
            [
              2.25007777896949,
              41.46029507364125
            ],
            [
              2.2501184915037933,
              41.46023074324218
            ],
            [
              2.250186050382377,
              41.460135775243785
            ],
            [
              2.250257793920043,
              41.46003935365871
            ],
            [
              2.250327797143551,
              41.459955641865044
            ],
            [
              2.250393063904773,
              41.459880197698276
            ],
            [
              2.2504961212216568,
              41.45977625885366
            ],
            [
              2.250557350538429,
              41.459718346449485
            ],
            [
              2.250640769625756,
              41.45964306634028
            ],
            [
              2.2508661858096355,
              41.45946438345513
            ],
            [
              2.250911280704822,
              41.459432199066796
            ],
            [
              2.251035715053727,
              41.45934860528425
            ],
            [
              2.2511410236622877,
              41.45928580479207
            ],
            [
              2.2512039690596075,
              41.459250473105726
            ],
            [
              2.251375965692269,
              41.45916992410428
            ],
            [
              2.2514894574228075,
              41.459119541935046
            ],
            [
              2.2515007167075525,
              41.459135441240065
            ],
            [
              2.2513885510570337,
              41.459185250170854
            ],
            [
              2.2512178682325685,
              41.459265147498975
            ],
            [
              2.2511557604654278,
              41.45930000455021
            ],
            [
              2.25105140212946,
              41.45936221855447
            ],
            [
              2.250927629112587,
              41.45944536268633
            ],
            [
              2.250883307063743,
              41.45947698014276
            ],
            [
              2.250658932861214,
              41.45965480873942
            ],
            [
              2.250576006263129,
              41.45972964169918
            ],
            [
              2.2505151898446765,
              41.459787155973224
            ],
            [
              2.2504129324648807,
              41.45989025695294
            ],
            [
              2.250348016455234,
              41.459965293579074
            ],
            [
              2.2502785404066747,
              41.46004835488217
            ],
            [
              2.2502071095137004,
              41.46014435156623
            ],
            [
              2.2501399902914985,
              41.46023867931315
            ],
            [
              2.2500997377902783,
              41.46030226330148
            ],
            [
              2.250044404720458,
              41.46040091302188
            ],
            [
              2.250022422263351,
              41.460450957242905
            ]
          ]
        ]
      },
      "properties": {
        "intersection_id": "5588790783",
        "modes": [
          "BICYCLE"
        ],
        "stop_line": [
          2.2500110531996005,
          41.460448131350965
        ],
        "waiting_zone_id": "-683963536#0_straight+turn+left"
      }
    },
    {
      "type": "Feature",
      "geometry": {
        "type": "Polygon",
        "coordinates": [
          [
            [
              2.257114500089762,
              41.45586388635148
            ],
            [
              2.257133943031548,
              41.455874400181116
            ],
            [
              2.2570990023908104,
              41.45591096897758
            ],
            [
              2.257079559454198,
              41.45590045424136
            ],
            [
              2.257114500089762,
              41.45586388635148
            ]
          ]
        ]
      },
      "properties": {
        "intersection_id": "303580405",
        "modes": [
          "BICYCLE"
        ],
        "stop_line": [
          2.257089281082311,
          41.45590571155305
        ],
        "waiting_zone_id": "-703229779#1_straight+turn+left+right"
      }
    },
    {
      "type": "Feature",
      "geometry": {
        "type": "Polygon",
        "coordinates": [
          [
            [
              2.249864039963724,
              41.46040420734536
            ],
            [
              2.249867176605455,
              41.46043293174451
            ],
            [
              2.2498614765221956,
              41.4604504284161
            ],
            [
              2.249845148713627,
              41.46044690362137
            ],
            [
              2.2498422085338334,
              41.46044487489193
            ],
            [
              2.249840318371348,
              41.46044223149808
            ],
            [
              2.2498396879734455,
              41.460439267548864
            ],
            [
              2.249840093821982,
              41.460404051184526
            ],
            [
              2.249864039963724,
              41.46040420734536
            ]
          ]
        ]
      },
      "properties": {
        "intersection_id": "5588790783",
        "modes": [
          "BICYCLE"
        ],
        "stop_line": [
          2.249864326564217,
          41.46044168008035
        ],
        "waiting_zone_id": "-703229807#0_straight+turn+right"
      }
    },
    {
      "type": "Feature",
      "geometry": {
        "type": "Polygon",
        "coordinates": [
          [
            [
              2.2521688873832533,
              41.45879689520436
            ],
            [
              2.252182903688258,
              41.4588406786313
            ],
            [
              2.2521596238880415,
              41.458844896787085
            ],
            [
              2.252145606400593,
              41.458801113349686
            ],
            [
              2.2521688873832533,
              41.45879689520436
            ]
          ]
        ]
      },
      "properties": {
        "intersection_id": "5588790789",
        "modes": [
          "BICYCLE"
        ],
        "stop_line": [
          2.252171263876058,
          41.45884278751671
        ],
        "waiting_zone_id": "-703229819#1_straight+turn+right"
      }
    },
    {
      "type": "Feature",
      "geometry": {
        "type": "Polygon",
        "coordinates": [
          [
            [
              2.247927475363337,
              41.45584751473151
            ],
            [
              2.2479893111040545,
              41.45608743095738
            ],
            [
              2.2479967865666324,
              41.45613267548746
            ],
            [
              2.247920767333235,
              41.45613974833878
            ],
            [
              2.2478530875390796,
              41.45586139791117
            ],
            [
              2.247927475363337,
              41.45584751473151
            ]
          ]
        ]
      },
      "properties": {
        "intersection_id": "5588789872",
        "modes": [
          "CAR",
          "MOTORCYCLE"
        ],
        "stop_line": [
          2.2479088689423774,
          41.45585094265223
        ],
        "waiting_zone_id": "-829557191#2+1471623253#0_straight"
      }
    },
    {
      "type": "Feature",
      "geometry": {
        "type": "Polygon",
        "coordinates": [
          [
            [
              2.23049362633297,
              41.440527587467265
            ],
            [
              2.2306004391929983,
              41.44058205923238
            ],
            [
              2.2305574093918157,
              41.4406296955467
            ],
            [
              2.2305074533301608,
              41.44060489447968
            ],
            [
              2.230472287787011,
              41.44055152343281
            ],
            [
              2.23049362633297,
              41.440527587467265
            ]
          ]
        ]
      },
      "properties": {
        "intersection_id": "5588596752",
        "modes": [
          "CAR",
          "MOTORCYCLE"
        ],
        "stop_line": [
          2.2305787030757362,
          41.440605763995684
        ],
        "waiting_zone_id": "-867627995#2_straight"
      }
    },
    {
      "type": "Feature",
      "geometry": {
        "type": "Polygon",
        "coordinates": [
          [
            [
              2.2484466513924626,
              41.45871008412467
            ],
            [
              2.248310112422203,
              41.458029418004024
            ],
            [
              2.2483858427306602,
              41.45802038660139
            ],
            [
              2.2486008537977953,
              41.4590559595625
            ],
            [
              2.2485252855343436,
              41.459065580346035
            ],
            [
              2.2484466513924626,
              41.45871008412467
            ]
          ]
        ]
      },
      "properties": {
        "intersection_id": "5588790773",
        "modes": [
          "CAR",
          "MOTORCYCLE"
        ],
        "stop_line": [
          2.248329006617039,
          41.45802703650573
        ],
        "waiting_zone_id": "-870644483#3_straight"
      }
    },
    {
      "type": "Feature",
      "geometry": {
        "type": "Polygon",
        "coordinates": [
          [
            [
              2.2485633750058707,
              41.45926868981091
            ],
            [
              2.248534726776908,
              41.45911153303426
            ],
            [
              2.2486106872897635,
              41.45910372259626
            ],
            [
              2.2486741085969584,
              41.45935998200534
            ],
            [
              2.248660434610337,
              41.459362445233744
            ],
            [
              2.2487323595460276,
              41.45959801797473
            ],
            [
              2.248656857541976,
              41.459607935338546
            ],
            [
              2.2485846519025654,
              41.459372045739485
            ],
            [
              2.2485633750058707,
              41.45926868981091
            ]
          ]
        ]
      },
      "properties": {
        "intersection_id": "5588790775",
        "modes": [
          "CAR",
          "MOTORCYCLE"
        ],
        "stop_line": [
          2.2485727142144927,
          41.45910766720686
        ],
        "waiting_zone_id": "-870644483#4_straight"
      }
    },
    {
      "type": "Feature",
      "geometry": {
        "type": "Polygon",
        "coordinates": [
          [
            [
              2.2604518021728497,
              41.45605725852195
            ],
            [
              2.2605078748064833,
              41.45608183097219
            ],
            [
              2.2604885904632326,
              41.45610673684381
            ],
            [
              2.2604325178157008,
              41.45608216438417
            ],
            [
              2.2604518021728497,
              41.45605725852195
            ]
          ]
        ]
      },
      "properties": {
        "intersection_id": "6228278085",
        "modes": [
          "CAR",
          "MOTORCYCLE"
        ],
        "stop_line": [
          2.2604421600832127,
          41.45606971148204
        ],
        "waiting_zone_id": "-909968686#3_straight"
      }
    },
    {
      "type": "Feature",
      "geometry": {
        "type": "Polygon",
        "coordinates": [
          [
            [
              2.260043940982043,
              41.46004410116747
            ],
            [
              2.260080551546654,
              41.460052603679706
            ],
            [
              2.260062914023759,
              41.46009557723407
            ],
            [
              2.2600263046449873,
              41.46008707382316
            ],
            [
              2.260043940982043,
              41.46004410116747
            ]
          ]
        ]
      },
      "properties": {
        "intersection_id": "1092073048",
        "modes": [
          "CAR",
          "MOTORCYCLE"
        ],
        "stop_line": [
          2.2600622462631335,
          41.46004835242503
        ],
        "waiting_zone_id": "-93939472#0_turn+left"
      }
    },
    {
      "type": "Feature",
      "geometry": {
        "type": "Polygon",
        "coordinates": [
          [
            [
              2.2589913735510874,
              41.46237262003906
            ],
            [
              2.2589602908754585,
              41.46235576508466
            ],
            [
              2.2591657415254347,
              41.46214137157232
            ],
            [
              2.259312828091526,
              41.4619594060061
            ],
            [
              2.2594527480177646,
              41.461730538408005
            ],
            [
              2.2595459753169043,
              41.46152268163097
            ],
            [
              2.2595824119296797,
              41.46153159572112
            ],
            [
              2.2594879811413695,
              41.4617418893938
            ],
            [
              2.259347177919321,
              41.46197220334319
            ],
            [
              2.2591980913877006,
              41.46215682767365
            ],
            [
              2.2589913735510874,
              41.46237262003906
            ]
          ]
        ]
      },
      "properties": {
        "intersection_id": "1092073341",
        "modes": [
          "CAR",
          "MOTORCYCLE"
        ],
        "stop_line": [
          2.259564193622026,
          41.46152713867747
        ],
        "waiting_zone_id": "-93939506#0_straight+turn+right"
      }
    },
    {
      "type": "Feature",
      "geometry": {
        "type": "Polygon",
        "coordinates": [
          [
            [
              2.2566056260080143,
              41.45589378404947
            ],
            [
              2.25661135277843,
              41.45589598464286
            ],
            [
              2.256600460807927,
              41.4559120276423
            ],
            [
              2.256594734036484,
              41.45590982704836
            ],
            [
              2.2566056260080143,
              41.45589378404947
            ]
          ]
        ]
      },
      "properties": {
        "intersection_id": "11406475292",
        "modes": [
          "BICYCLE"
        ],
        "stop_line": [
          2.256600180196482,
          41.455901805615746
        ],
        "waiting_zone_id": "1053359487#1_straight"
      }
    },
    {
      "type": "Feature",
      "geometry": {
        "type": "Polygon",
        "coordinates": [
          [
            [
              2.254209013608792,
              41.454997932661065
            ],
            [
              2.253351785578648,
              41.45452488621084
            ],
            [
              2.253365948461002,
              41.45451036088075
            ],
            [
              2.2533817338638107,
              41.454519071912756
            ],
            [
              2.25362868892086,
              41.45466898616336
            ],
            [
              2.2536379231788697,
              41.45466044704694
            ],
            [
              2.254222384007314,
              41.45498297063309
            ],
            [
              2.2543739216461303,
              41.45504076475274
            ],
            [
              2.254370081602408,
              41.455046622499204
            ],
            [
              2.2546116466252837,
              41.45513610235814
            ],
            [
              2.254805665883839,
              41.45520542369856
            ],
            [
              2.2552320493674776,
              41.45536803575459
            ],
            [
              2.2553411104659515,
              41.45541076056508
            ],
            [
              2.2553300513889063,
              41.45542673841089
            ],
            [
              2.2552211631039722,
              41.4553840813631
            ],
            [
              2.254209013608792,
              41.454997932661065
            ]
          ]
        ]
      },
      "properties": {
        "intersection_id": "11406463745",
        "modes": [
          "BICYCLE"
        ],
        "stop_line": [
          2.2533588670205784,
          41.45451762354587
        ],
        "waiting_zone_id": "1053359487#3_straight+left"
      }
    },
    {
      "type": "Feature",
      "geometry": {
        "type": "Polygon",
        "coordinates": [
          [
            [
              2.253304860298606,
              41.454476649484384
            ],
            [
              2.2533129913915615,
              41.45448132037352
            ],
            [
              2.253298459726205,
              41.45449563793398
            ],
            [
              2.2532903286325343,
              41.45449096704382
            ],
            [
              2.253304860298606,
              41.454476649484384
            ]
          ]
        ]
      },
      "properties": {
        "intersection_id": "11406463740",
        "modes": [
          "BICYCLE"
        ],
        "stop_line": [
          2.2532975944663716,
          41.45448380826434
        ],
        "waiting_zone_id": "1053359487#4_straight"
      }
    },
    {
      "type": "Feature",
      "geometry": {
        "type": "Polygon",
        "coordinates": [
          [
            [
              2.2509985313463705,
              41.45322806374583
            ],
            [
              2.250994372450421,
              41.453205724536396
            ],
            [
              2.25130322411637,
              41.45338427878925
            ],
            [
              2.251309319273097,
              41.45337827361759
            ],
            [
              2.2513513848726823,
              41.45340115079841
            ],
            [
              2.2513462792459884,
              41.453409149292746
            ],
            [
              2.2513533260643595,
              41.45340220650548
            ],
            [
              2.2516602655015916,
              41.4535691331314
            ],
            [
              2.251646238078629,
              41.45358373299556
            ],
            [
              2.2510033741249016,
              41.4532341140435
            ],
            [
              2.2509985313463705,
              41.45322806374583
            ]
          ]
        ]
      },
      "properties": {
        "intersection_id": "11406441408",
        "modes": [
          "BICYCLE"
        ],
        "stop_line": [
          2.251002843669846,
          41.45318628861033
        ],
        "waiting_zone_id": "1053359487#6_left+right"
      }
    },
    {
      "type": "Feature",
      "geometry": {
        "type": "Polygon",
        "coordinates": [
          [
            [
              2.26776584644868,
              41.46063053651048
            ],
            [
              2.268066902449201,
              41.460818448613665
            ],
            [
              2.268042434327064,
              41.460840627728714
            ],
            [
              2.267741408006455,
              41.46065273556742
            ],
            [
              2.26776584644868,
              41.46063053651048
            ]
          ]
        ]
      },
      "properties": {
        "intersection_id": "9690404855",
        "modes": [
          "CAR",
          "MOTORCYCLE"
        ],
        "stop_line": [
          2.2677536269769685,
          41.46064163599822
        ],
        "waiting_zone_id": "1054414001#0_straight"
      }
    },
    {
      "type": "Feature",
      "geometry": {
        "type": "Polygon",
        "coordinates": [
          [
            [
              2.263456221110378,
              41.457962633641976
            ],
            [
              2.2649564291544153,
              41.45889288595889
            ],
            [
              2.2649320486838005,
              41.45891512082509
            ],
            [
              2.2634318642672606,
              41.4579848827566
            ],
            [
              2.263456221110378,
              41.457962633641976
            ]
          ]
        ]
      },
      "properties": {
        "intersection_id": "9690317661",
        "modes": [
          "CAR",
          "MOTORCYCLE"
        ],
        "stop_line": [
          2.2634440641161677,
          41.457973771474066
        ],
        "waiting_zone_id": "1054414001#10_straight+left"
      }
    },
    {
      "type": "Feature",
      "geometry": {
        "type": "Polygon",
        "coordinates": [
          [
            [
              2.2663540670712954,
              41.459760067372486
            ],
            [
              2.2664004236691393,
              41.45978845267295
            ],
            [
              2.2663762359905757,
              41.4598108061682
            ],
            [
              2.2663298793876425,
              41.45978242085807
            ],
            [
              2.2663540670712954,
              41.459760067372486
            ]
          ]
        ]
      },
      "properties": {
        "intersection_id": "9690317652",
        "modes": [
          "CAR",
          "MOTORCYCLE"
        ],
        "stop_line": [
          2.26634197323155,
          41.45977124411594
        ],
        "waiting_zone_id": "1054414001#7_straight"
      }
    },
    {
      "type": "Feature",
      "geometry": {
        "type": "Polygon",
        "coordinates": [
          [
            [
              2.2681176156919998,
              41.460763218904475
            ],
            [
              2.26781331850412,
              41.46057945223551
            ],
            [
              2.267837303796916,
              41.460556976452956
            ],
            [
              2.2681416520997626,
              41.46074077310839
            ],
            [
              2.2682415675497065,
              41.46080229534259
            ],
            [
              2.2686035149005908,
              41.46103221488444
            ],
            [
              2.2687005454175297,
              41.461057504929215
            ],
            [
              2.2688002961553773,
              41.46111587213006
            ],
            [
              2.268909966284872,
              41.46118661904005
            ],
            [
              2.269327060151155,
              41.46147373082281
            ],
            [
              2.2693338598162973,
              41.461480919603346
            ],
            [
              2.269445237245903,
              41.46155371252255
            ],
            [
              2.269467159981741,
              41.46158120369254
            ],
            [
              2.2694337799469775,
              41.46159535493308
            ],
            [
              2.269417743698266,
              41.46157394782705
            ],
            [
              2.269256253233154,
              41.4614698942421
            ],
            [
              2.2692498082300534,
              41.46145980641868
            ],
            [
              2.268884735035838,
              41.46120831158597
            ],
            [
              2.2687761974492613,
              41.46113826053234
            ],
            [
              2.2686797532605874,
              41.46108183420194
            ],
            [
              2.268581593532711,
              41.4610560136284
            ],
            [
              2.2682216970250164,
              41.460827395125726
            ],
            [
              2.2681506726563794,
              41.46082262601537
            ],
            [
              2.268166323049167,
              41.46081663476582
            ],
            [
              2.2681347316817035,
              41.46080238399367
            ],
            [
              2.2681487420080337,
              41.460794122349895
            ],
            [
              2.2681691211679054,
              41.46079492756192
            ],
            [
              2.2681176156919998,
              41.460763218904475
            ]
          ]
        ]
      },
      "properties": {
        "intersection_id": "5588593494",
        "modes": [
          "CAR",
          "MOTORCYCLE"
        ],
        "stop_line": [
          2.269450469966839,
          41.46158827931412
        ],
        "waiting_zone_id": "1054416405_straight"
      }
    },
    {
      "type": "Feature",
      "geometry": {
        "type": "Polygon",
        "coordinates": [
          [
            [
              2.2614722967259966,
              41.456596026864986
            ],
            [
              2.2616565818870304,
              41.45671070346508
            ],
            [
              2.262230399405514,
              41.457076816133316
            ],
            [
              2.2622062113288623,
              41.45709916875869
            ],
            [
              2.2614478779221447,
              41.456618235533874
            ],
            [
              2.2614722967259966,
              41.456596026864986
            ]
          ]
        ]
      },
      "properties": {
        "intersection_id": "9690327334",
        "modes": [
          "CAR",
          "MOTORCYCLE"
        ],
        "stop_line": [
          2.2622183053950615,
          41.457087992462455
        ],
        "waiting_zone_id": "1054513452#2_straight"
      }
    },
    {
      "type": "Feature",
      "geometry": {
        "type": "Polygon",
        "coordinates": [
          [
            [
              2.2622677187582263,
              41.457099781220485
            ],
            [
              2.2633257180775943,
              41.45775810400156
            ],
            [
              2.2633011852960783,
              41.457780243873486
            ],
            [
              2.262243302405894,
              41.4571219918737
            ],
            [
              2.2622677187582263,
              41.457099781220485
            ]
          ]
        ]
      },
      "properties": {
        "intersection_id": "9690317663",
        "modes": [
          "CAR",
          "MOTORCYCLE"
        ],
        "stop_line": [
          2.2633134516889264,
          41.457769173938196
        ],
        "waiting_zone_id": "1054513452#4_straight"
      }
    },
    {
      "type": "Feature",
      "geometry": {
        "type": "Polygon",
        "coordinates": [
          [
            [
              2.249472295712911,
              41.453322201404276
            ],
            [
              2.2494915457315754,
              41.45331666492745
            ],
            [
              2.2495018884477798,
              41.45332086051115
            ],
            [
              2.2495070288750703,
              41.45332880977813
            ],
            [
              2.2494976267682194,
              41.45334397189546
            ],
            [
              2.248772461774804,
              41.453865144475785
            ],
            [
              2.2487459957774054,
              41.453844304989026
            ],
            [
              2.249472295712911,
              41.453322201404276
            ]
          ]
        ]
      },
      "properties": {
        "intersection_id": "229063659",
        "modes": [
          "CAR",
          "MOTORCYCLE"
        ],
        "stop_line": [
          2.2494858899515906,
          41.45333244327404
        ],
        "waiting_zone_id": "109084395#4_straight+right"
      }
    },
    {
      "type": "Feature",
      "geometry": {
        "type": "Polygon",
        "coordinates": [
          [
            [
              2.250259145497206,
              41.45274950665728
            ],
            [
              2.2502858602555205,
              41.45277016547097
            ],
            [
              2.2496802002687155,
              41.45321183401085
            ],
            [
              2.2496535386578964,
              41.45319113577204
            ],
            [
              2.250259145497206,
              41.45274950665728
            ]
          ]
        ]
      },
      "properties": {
        "intersection_id": "229063642",
        "modes": [
          "CAR",
          "MOTORCYCLE"
        ],
        "stop_line": [
          2.2502724769738345,
          41.452759855022606
        ],
        "waiting_zone_id": "109084395#8_straight+left"
      }
    },
    {
      "type": "Feature",
      "geometry": {
        "type": "Polygon",
        "coordinates": [
          [
            [
              2.2352370206590018,
              41.44889094311843
            ],
            [
              2.2352656164492233,
              41.44891012269373
            ],
            [
              2.235186415691844,
              41.44897697175637
            ],
            [
              2.2351578198961892,
              41.448957792161536
            ],
            [
              2.2352370206590018,
              41.44889094311843
            ]
          ]
        ]
      },
      "properties": {
        "intersection_id": "2112389514",
        "modes": [
          "CAR",
          "MOTORCYCLE"
        ],
        "stop_line": [
          2.235172117791908,
          41.448967381959825
        ],
        "waiting_zone_id": "1107149198_straight"
      }
    },
    {
      "type": "Feature",
      "geometry": {
        "type": "Polygon",
        "coordinates": [
          [
            [
              2.235917732883866,
              41.44082648279589
            ],
            [
              2.2359029987228163,
              41.44081228467508
            ],
            [
              2.236955958318301,
              41.440193054341385
            ],
            [
              2.237034625642926,
              41.44014123653044
            ],
            [
              2.237097985006649,
              41.44003854576856
            ],
            [
              2.2371196987255013,
              41.44004613171778
            ],
            [
              2.2370552729422335,
              41.440150551154204
            ],
            [
              2.236971476244344,
              41.44020677382758
            ],
            [
              2.235917732883866,
              41.44082648279589
            ]
          ]
        ]
      },
      "properties": {
        "intersection_id": "5588597286",
        "modes": [
          "BICYCLE"
        ],
        "stop_line": [
          2.237108841865437,
          41.440042338743666
        ],
        "waiting_zone_id": "1117281858#1_straight+turn+left"
      }
    },
    {
      "type": "Feature",
      "geometry": {
        "type": "Polygon",
        "coordinates": [
          [
            [
              2.2485004921104097,
              41.46265965945695
            ],
            [
              2.2490379660668696,
              41.46299581166203
            ],
            [
              2.2490841952541496,
              41.46302544070348
            ],
            [
              2.2497658463588115,
              41.463477807506685
            ],
            [
              2.2497404985750418,
              41.46349942211068
            ],
            [
              2.2485214772560442,
              41.462712446701374
            ],
            [
              2.2484741771830827,
              41.46268060992483
            ],
            [
              2.2485004921104097,
              41.46265965945695
            ]
          ]
        ]
      },
      "properties": {
        "intersection_id": "1273465198",
        "modes": [
          "CAR",
          "MOTORCYCLE"
        ],
        "stop_line": [
          2.2497531724690343,
          41.463488614809414
        ],
        "waiting_zone_id": "111857238#2_right"
      }
    },
    {
      "type": "Feature",
      "geometry": {
        "type": "Polygon",
        "coordinates": [
          [
            [
              2.241583876047361,
              41.45671311056758
            ],
            [
              2.2419271430114955,
              41.45675959069692
            ],
            [
              2.242654317299291,
              41.456878568583726
            ],
            [
              2.2426466132696516,
              41.45690680297217
            ],
            [
              2.2415769652607325,
              41.45674146000483
            ],
            [
              2.241583876047361,
              41.45671311056758
            ]
          ]
        ]
      },
      "properties": {
        "intersection_id": "590815556",
        "modes": [
          "CAR",
          "MOTORCYCLE"
        ],
        "stop_line": [
          2.241580420654822,
          41.456727285286284
        ],
        "waiting_zone_id": "112004206#11_left"
      }
    },
    {
      "type": "Feature",
      "geometry": {
        "type": "Polygon",
        "coordinates": [
          [
            [
              2.242848856803451,
              41.45690271007237
            ],
            [
              2.2433494485720895,
              41.4569367868114
            ],
            [
              2.243346834383523,
              41.45696556364617
            ],
            [
              2.2428447112359153,
              41.456931364222946
            ],
            [
              2.242848856803451,
              41.45690271007237
            ]
          ]
        ]
      },
      "properties": {
        "intersection_id": "590815562",
        "modes": [
          "CAR",
          "MOTORCYCLE"
        ],
        "stop_line": [
          2.2428467958930884,
          41.456917038119904
        ],
        "waiting_zone_id": "112004206#7_straight+right"
      }
    },
    {
      "type": "Feature",
      "geometry": {
        "type": "Polygon",
        "coordinates": [
          [
            [
              2.2387023065754854,
              41.461633033698625
            ],
            [
              2.2387362271520597,
              41.461646438740836
            ],
            [
              2.238708383055642,
              41.46168630683583
            ],
            [
              2.2386744636510647,
              41.46167290269399
            ],
            [
              2.2387023065754854,
              41.461633033698625
            ]
          ]
        ]
      },
      "properties": {
        "intersection_id": "6141567459",
        "modes": [
          "CAR",
          "MOTORCYCLE"
        ],
        "stop_line": [
          2.238719266605397,
          41.4616397362816
        ],
        "waiting_zone_id": "112004216#0_straight"
      }
    },
    {
      "type": "Feature",
      "geometry": {
        "type": "Polygon",
        "coordinates": [
          [
            [
              2.2389735384003084,
              41.46123795184825
            ],
            [
              2.239007703681443,
              41.46125099993482
            ],
            [
              2.2389070426478974,
              41.46140138110464
            ],
            [
              2.238758562117667,
              41.46161453726865
            ],
            [
              2.2387246232664775,
              41.46160116003502
            ],
            [
              2.2389735384003084,
              41.46123795184825
            ]
          ]
        ]
      },
      "properties": {
        "intersection_id": "5588597557",
        "modes": [
          "CAR",
          "MOTORCYCLE"
        ],
        "stop_line": [
          2.2389906209051533,
          41.461244475672395
        ],
        "waiting_zone_id": "112004216#1_straight"
      }
    },
    {
      "type": "Feature",
      "geometry": {
        "type": "Polygon",
        "coordinates": [
          [
            [
              2.240126244215644,
              41.45946567422356
            ],
            [
              2.240161118655357,
              41.459477610635574
            ],
            [
              2.239807580325284,
              41.46001497494641
            ],
            [
              2.2397732400325054,
              41.460002189856304
            ],
            [
              2.240126244215644,
              41.45946567422356
            ]
          ]
        ]
      },
      "properties": {
        "intersection_id": "495439251",
        "modes": [
          "CAR",
          "MOTORCYCLE"
        ],
        "stop_line": [
          2.240143681433886,
          41.45947164243088
        ],
        "waiting_zone_id": "112004216#12_straight+right"
      }
    },
    {
      "type": "Feature",
      "geometry": {
        "type": "Polygon",
        "coordinates": [
          [
            [
              2.239324322623637,
              41.460685063056964
            ],
            [
              2.239359026676559,
              41.46069727781383
            ],
            [
              2.2391130063120412,
              41.461092346339164
            ],
            [
              2.2390783142806185,
              41.461080113573274
            ],
            [
              2.239324322623637,
              41.460685063056964
            ]
          ]
        ]
      },
      "properties": {
        "intersection_id": "2026312132",
        "modes": [
          "CAR",
          "MOTORCYCLE"
        ],
        "stop_line": [
          2.2393416625532416,
          41.460691189882674
        ],
        "waiting_zone_id": "112004216#6_straight"
      }
    },
    {
      "type": "Feature",
      "geometry": {
        "type": "Polygon",
        "coordinates": [
          [
            [
              2.2482461752744274,
              41.457707653147814
            ],
            [
              2.248247756081687,
              41.45773645120412
            ],
            [
              2.248187941460159,
              41.45773830944104
            ],
            [
              2.24818636067934,
              41.45770951138413
            ],
            [
              2.2482461752744274,
              41.457707653147814
            ]
          ]
        ]
      },
      "properties": {
        "intersection_id": "5588790771",
        "modes": [
          "CAR",
          "MOTORCYCLE"
        ],
        "stop_line": [
          2.2481871516638883,
          41.45772391030411
        ],
        "waiting_zone_id": "112004240#0_straight"
      }
    },
    {
      "type": "Feature",
      "geometry": {
        "type": "Polygon",
        "coordinates": [
          [
            [
              2.2566076763028735,
              41.45591125189428
            ],
            [
              2.2566294732826995,
              41.45591870858806
            ],
            [
              2.2566047059491905,
              41.45595967915191
            ],
            [
              2.2565829089586216,
              41.455952222453405
            ],
            [
              2.2566076763028735,
              41.45591125189428
            ]
          ]
        ]
      },
      "properties": {
        "intersection_id": "10265139316",
        "modes": [
          "BICYCLE"
        ],
        "stop_line": [
          2.2566185747921566,
          41.45591498024168
        ],
        "waiting_zone_id": "1122317625#0_straight+left+right"
      }
    },
    {
      "type": "Feature",
      "geometry": {
        "type": "Polygon",
        "coordinates": [
          [
            [
              2.262189895063176,
              41.4571706001997
            ],
            [
              2.2632443407783223,
              41.45783148155701
            ],
            [
              2.2632199767703556,
              41.457853726978364
            ],
            [
              2.26302688195594,
              41.45773404236912
            ],
            [
              2.262667285430228,
              41.45750912391146
            ],
            [
              2.2621657069374246,
              41.45719295281578
            ],
            [
              2.262189895063176,
              41.4571706001997
            ]
          ]
        ]
      },
      "properties": {
        "intersection_id": "9690327333",
        "modes": [
          "CAR",
          "MOTORCYCLE"
        ],
        "stop_line": [
          2.2621778011325335,
          41.457181776769495
        ],
        "waiting_zone_id": "1134927196#1_straight"
      }
    },
    {
      "type": "Feature",
      "geometry": {
        "type": "Polygon",
        "coordinates": [
          [
            [
              2.2613538245531384,
              41.45664448367891
            ],
            [
              2.2613893824346603,
              41.456680714690464
            ],
            [
              2.261358560519515,
              41.456697834463014
            ],
            [
              2.261323002646075,
              41.4566616034421
            ],
            [
              2.2613538245531384,
              41.45664448367891
            ]
          ]
        ]
      },
      "properties": {
        "intersection_id": ":303580418_36_0",
        "modes": [
          "CAR",
          "MOTORCYCLE"
        ],
        "stop_line": [
          2.26133841391676,
          41.45665304385177
        ],
        "waiting_zone_id": "1134927196#5_straight+left+right+partial_left+partial_right"
      }
    },
    {
      "type": "Feature",
      "geometry": {
        "type": "Polygon",
        "coordinates": [
          [
            [
              2.2512639271207404,
              41.45133375392722
            ],
            [
              2.2512898232130634,
              41.45135499446841
            ],
            [
              2.2501897189539,
              41.45211531914078
            ],
            [
              2.2499669049855706,
              41.452267650479456
            ],
            [
              2.2499412527262037,
              41.45224624369548
            ],
            [
              2.2512639271207404,
              41.45133375392722
            ]
          ]
        ]
      },
      "properties": {
        "intersection_id": "5588593476",
        "modes": [
          "CAR",
          "MOTORCYCLE"
        ],
        "stop_line": [
          2.249954078853781,
          41.45225694708818
        ],
        "waiting_zone_id": "113952093#1_straight"
      }
    },
    {
      "type": "Feature",
      "geometry": {
        "type": "Polygon",
        "coordinates": [
          [
            [
              2.2499468120122814,
              41.45229297267145
            ],
            [
              2.249984130481581,
              41.4523281855469
            ],
            [
              2.249924167130663,
              41.45236407200551
            ],
            [
              2.249886988467676,
              41.452328779856344
            ],
            [
              2.2499468120122814,
              41.45229297267145
            ]
          ]
        ]
      },
      "properties": {
        "intersection_id": "5588593477",
        "modes": [
          "CAR",
          "MOTORCYCLE"
        ],
        "stop_line": [
          2.249969152964025,
          41.45233716989417
        ],
        "waiting_zone_id": "113952094#0_straight"
      }
    },
    {
      "type": "Feature",
      "geometry": {
        "type": "Polygon",
        "coordinates": [
          [
            [
              2.247248117857384,
              41.451724786181174
            ],
            [
              2.2472768490451522,
              41.45174385196382
            ],
            [
              2.2469572147380132,
              41.4519944220723
            ],
            [
              2.246929585837797,
              41.451974455477604
            ],
            [
              2.247248117857384,
              41.451724786181174
            ]
          ]
        ]
      },
      "properties": {
        "intersection_id": "590300193",
        "modes": [
          "CAR",
          "MOTORCYCLE"
        ],
        "stop_line": [
          2.247262483449162,
          41.45173431907338
        ],
        "waiting_zone_id": "114405625#2_straight+turn+right"
      }
    },
    {
      "type": "Feature",
      "geometry": {
        "type": "Polygon",
        "coordinates": [
          [
            [
              2.239805924736126,
              41.438497580609216
            ],
            [
              2.2398045052710134,
              41.43849613003716
            ],
            [
              2.239835347745472,
              41.43847903953672
            ],
            [
              2.2398367672109103,
              41.438480490108425
            ],
            [
              2.239805924736126,
              41.438497580609216
            ]
          ]
        ]
      },
      "properties": {
        "intersection_id": "5588597278",
        "modes": [
          "CAR",
          "MOTORCYCLE"
        ],
        "stop_line": [
          2.2398199265102536,
          41.438487584787985
        ],
        "waiting_zone_id": "115826833#1_straight+right"
      }
    },
    {
      "type": "Feature",
      "geometry": {
        "type": "Polygon",
        "coordinates": [
          [
            [
              2.2299575163023198,
              41.44246010692438
            ],
            [
              2.2299994421832787,
              41.44249222076171
            ],
            [
              2.2299721161531574,
              41.44251241989355
            ],
            [
              2.2299301902729725,
              41.44248030604637
            ],
            [
              2.2299575163023198,
              41.44246010692438
            ]
          ]
        ]
      },
      "properties": {
        "intersection_id": "5588597305",
        "modes": [
          "CAR",
          "MOTORCYCLE"
        ],
        "stop_line": [
          2.2299438532897646,
          41.44247020648621
        ],
        "waiting_zone_id": "116686167#0_straight"
      }
    },
    {
      "type": "Feature",
      "geometry": {
        "type": "Polygon",
        "coordinates": [
          [
            [
              2.231013653038336,
              41.43821249202057
            ],
            [
              2.2310384804479444,
              41.43823443978994
            ],
            [
              2.230992922091048,
              41.43826362294179
            ],
            [
              2.2309680946859656,
              41.43824167516273
            ],
            [
              2.231013653038336,
              41.43821249202057
            ]
          ]
        ]
      },
      "properties": {
        "intersection_id": "5588596887",
        "modes": [
          "CAR",
          "MOTORCYCLE"
        ],
        "stop_line": [
          2.23098050838642,
          41.43825264905291
        ],
        "waiting_zone_id": "117170680#1_straight"
      }
    },
    {
      "type": "Feature",
      "geometry": {
        "type": "Polygon",
        "coordinates": [
          [
            [
              2.2288787959543472,
              41.43959800323069
            ],
            [
              2.228853503131122,
              41.43957635813407
            ],
            [
              2.228866170998178,
              41.43956797605047
            ],
            [
              2.2293594930407115,
              41.43926539434419
            ],
            [
              2.2293951562612846,
              41.43924266335265
            ],
            [
              2.230125790216408,
              41.43876299690907
            ],
            [
              2.2301675259516944,
              41.438737169019426
            ],
            [
              2.2301442709926937,
              41.43874463730195
            ],
            [
              2.230128603218206,
              41.438717009292844
            ],
            [
              2.2301104004289827,
              41.4387006056115
            ],
            [
              2.230139567009948,
              41.43868192299147
            ],
            [
              2.2301627330142284,
              41.438703757144644
            ],
            [
              2.2301780044744413,
              41.43873068622139
            ],
            [
              2.2302121740355196,
              41.438709510472584
            ],
            [
              2.230237001359339,
              41.43873145841235
            ],
            [
              2.2301507453820495,
              41.43878486285428
            ],
            [
              2.229420330914046,
              41.43926438590475
            ],
            [
              2.2293841104329704,
              41.439287475270454
            ],
            [
              2.22889119477723,
              41.43958979948989
            ],
            [
              2.2288787959543472,
              41.43959800323069
            ]
          ]
        ]
      },
      "properties": {
        "intersection_id": "5588596765",
        "modes": [
          "CAR",
          "MOTORCYCLE"
        ],
        "stop_line": [
          2.228866560646936,
          41.439586908661965
        ],
        "waiting_zone_id": "117170680#6_straight"
      }
    },
    {
      "type": "Feature",
      "geometry": {
        "type": "Polygon",
        "coordinates": [
          [
            [
              2.2503017132143905,
              41.452582986990414
            ],
            [
              2.250359743812727,
              41.4526378179793
            ],
            [
              2.250299303303037,
              41.452673234036254
            ],
            [
              2.250269794741789,
              41.45269162224855
            ],
            [
              2.2502093669642784,
              41.45263464010572
            ],
            [
              2.2502682297474985,
              41.452599411075745
            ],
            [
              2.2501853065385045,
              41.45256377133375
            ],
            [
              2.250179791153602,
              41.45256020537052
            ],
            [
              2.250151723345887,
              41.45253354056361
            ],
            [
              2.2501817577653282,
              41.45251564581312
            ],
            [
              2.2502098089834126,
              41.45254229609277
            ],
            [
              2.2502153243684795,
              41.45254586205446
            ],
            [
              2.2503017132143905,
              41.452582986990414
            ]
          ]
        ]
      },
      "properties": {
        "intersection_id": "229063642",
        "modes": [
          "CAR",
          "MOTORCYCLE"
        ],
        "stop_line": [
          2.2503446827930063,
          41.45264672275823
        ],
        "waiting_zone_id": "1185710114#2_straight"
      }
    },
    {
      "type": "Feature",
      "geometry": {
        "type": "Polygon",
        "coordinates": [
          [
            [
              2.2501817577652847,
              41.45251564581302
            ],
            [
              2.2502117755740167,
              41.45249773653432
            ],
            [
              2.2502375434763255,
              41.45252221734697
            ],
            [
              2.2503239180224526,
              41.45255934054947
            ],
            [
              2.2503294191944376,
              41.45256289380284
            ],
            [
              2.2503892841914492,
              41.45261946958374
            ],
            [
              2.2503601170411547,
              41.45263815728957
            ],
            [
              2.2502993990242306,
              41.45258080039425
            ],
            [
              2.250293900215482,
              41.45257724985712
            ],
            [
              2.2502075256631966,
              41.45254012663214
            ],
            [
              2.2501817577652847,
              41.45251564581302
            ]
          ]
        ]
      },
      "properties": {
        "intersection_id": "229063642",
        "modes": [
          "CAR",
          "MOTORCYCLE"
        ],
        "stop_line": [
          2.2503747006184036,
          41.45262881343762
        ],
        "waiting_zone_id": "1185710114#2_right"
      }
    },
    {
      "type": "Feature",
      "geometry": {
        "type": "Polygon",
        "coordinates": [
          [
            [
              2.2685890316301527,
              41.461113043685145
            ],
            [
              2.2685989450546264,
              41.4610856511914
            ],
            [
              2.2686541877963067,
              41.46107538863521
            ],
            [
              2.2686797532603484,
              41.4610818342024
            ],
            [
              2.2687761974490286,
              41.46113826053226
            ],
            [
              2.2688869853260263,
              41.46120998595609
            ],
            [
              2.2692469669333515,
              41.4615264523064
            ],
            [
              2.269253062712327,
              41.46153618301853
            ],
            [
              2.269258615420496,
              41.4615962077291
            ],
            [
              2.2692576705340355,
              41.4616032581416
            ],
            [
              2.2692226369635513,
              41.46164800513861
            ],
            [
              2.2692103963925123,
              41.461654772114464
            ],
            [
              2.269197747580401,
              41.46162825677109
            ],
            [
              2.269189778563594,
              41.461633179140414
            ],
            [
              2.269220108803952,
              41.461595140726175
            ],
            [
              2.269215279075497,
              41.461542928241165
            ],
            [
              2.2688588155154834,
              41.46122955478393
            ],
            [
              2.268751639966625,
              41.46116037206075
            ],
            [
              2.268656183163788,
              41.46110455870067
            ],
            [
              2.268600405810219,
              41.461113685275855
            ],
            [
              2.2685890316301527,
              41.461113043685145
            ]
          ]
        ]
      },
      "properties": {
        "intersection_id": "5588593493",
        "modes": [
          "CAR",
          "MOTORCYCLE"
        ],
        "stop_line": [
          2.269203953747456,
          41.46164120060353
        ],
        "waiting_zone_id": "1187826774_straight"
      }
    },
    {
      "type": "Feature",
      "geometry": {
        "type": "Polygon",
        "coordinates": [
          [
            [
              2.2383142231551427,
              41.43935827649709
            ],
            [
              2.2383381547665353,
              41.439358703369244
            ],
            [
              2.238336776213421,
              41.43939101927499
            ],
            [
              2.2383259007257426,
              41.43940602123552
            ],
            [
              2.23830506999555,
              41.439397145187755
            ],
            [
              2.2383142231551427,
              41.43935827649709
            ]
          ]
        ]
      },
      "properties": {
        "intersection_id": "5588597283",
        "modes": [
          "BICYCLE"
        ],
        "stop_line": [
          2.238326188826571,
          41.43935848994037
        ],
        "waiting_zone_id": "1218864446#1_straight+turn+right"
      }
    },
    {
      "type": "Feature",
      "geometry": {
        "type": "Polygon",
        "coordinates": [
          [
            [
              2.2397541999115855,
              41.43855629535374
            ],
            [
              2.2397225712762996,
              41.43859631349953
            ],
            [
              2.238564023383843,
              41.43927769481049
            ],
            [
              2.238557110644112,
              41.43927953976671
            ],
            [
              2.2384447892448445,
              41.43928170116479
            ],
            [
              2.238412636433543,
              41.43929357540733
            ],
            [
              2.238402088335174,
              41.43927740386054
            ],
            [
              2.2384415589859636,
              41.43926374324682
            ],
            [
              2.238552546590496,
              41.43926160725208
            ],
            [
              2.239705993916972,
              41.43858319988568
            ],
            [
              2.239732286616224,
              41.43854888412039
            ],
            [
              2.239740687982103,
              41.43850870786253
            ],
            [
              2.239747327716624,
              41.43849742487299
            ],
            [
              2.239768908297932,
              41.438505222019636
            ],
            [
              2.2397640628339013,
              41.43851281480529
            ],
            [
              2.2397541999115855,
              41.43855629535374
            ]
          ]
        ]
      },
      "properties": {
        "intersection_id": "5588597278",
        "modes": [
          "BICYCLE"
        ],
        "stop_line": [
          2.239758117646366,
          41.43850132341503
        ],
        "waiting_zone_id": "1218864448#1_turn+left+right"
      }
    },
    {
      "type": "Feature",
      "geometry": {
        "type": "Polygon",
        "coordinates": [
          [
            [
              2.232321224640723,
              41.44143691422072
            ],
            [
              2.2323367419052813,
              41.44145063162132
            ],
            [
              2.2322911818508393,
              41.44147981525678
            ],
            [
              2.23227566458911,
              41.441466097850125
            ],
            [
              2.232321224640723,
              41.44143691422072
            ]
          ]
        ]
      },
      "properties": {
        "intersection_id": "4051451478",
        "modes": [
          "BICYCLE"
        ],
        "stop_line": [
          2.2322834232191595,
          41.441472956553724
        ],
        "waiting_zone_id": "1218904615#1_straight+turn+left+right"
      }
    },
    {
      "type": "Feature",
      "geometry": {
        "type": "Polygon",
        "coordinates": [
          [
            [
              2.250985990582843,
              41.45316463361126
            ],
            [
              2.2507756550835345,
              41.45304311757405
            ],
            [
              2.2507989748643493,
              41.45302027156791
            ],
            [
              2.2510093771350355,
              41.453141803540724
            ],
            [
              2.250985990582843,
              41.45316463361126
            ]
          ]
        ]
      },
      "properties": {
        "intersection_id": "11406441408",
        "modes": [
          "CAR",
          "MOTORCYCLE"
        ],
        "stop_line": [
          2.2509977052548495,
          41.4531532309341
        ],
        "waiting_zone_id": "1230009922_straight"
      }
    },
    {
      "type": "Feature",
      "geometry": {
        "type": "Polygon",
        "coordinates": [
          [
            [
              2.2507020401955726,
              41.45295563797416
            ],
            [
              2.2506948856862588,
              41.4529231447247
            ],
            [
              2.2506884273097496,
              41.45291454109245
            ],
            [
              2.250658121311276,
              41.45289506777588
            ],
            [
              2.2506828839596955,
              41.45287313925494
            ],
            [
              2.2507131909920552,
              41.452892522497436
            ],
            [
              2.2507182263179466,
              41.45289754631337
            ],
            [
              2.2507910672376865,
              41.45301826995716
            ],
            [
              2.250762737045535,
              41.45303621739934
            ],
            [
              2.250756183234744,
              41.45303018296934
            ],
            [
              2.2507020401955726,
              41.45295563797416
            ]
          ]
        ]
      },
      "properties": {
        "intersection_id": "11406441405",
        "modes": [
          "CAR",
          "MOTORCYCLE"
        ],
        "stop_line": [
          2.2507754075219037,
          41.453025409038865
        ],
        "waiting_zone_id": "1230009924_straight+partial_right"
      }
    },
    {
      "type": "Feature",
      "geometry": {
        "type": "Polygon",
        "coordinates": [
          [
            [
              2.253419803367426,
              41.45440326439225
            ],
            [
              2.253438834597429,
              41.45441419682216
            ],
            [
              2.2534025055286193,
              41.454449990760736
            ],
            [
              2.253383474294431,
              41.45443905832484
            ],
            [
              2.253419803367426,
              41.45440326439225
            ]
          ]
        ]
      },
      "properties": {
        "intersection_id": "11406463744",
        "modes": [
          "BICYCLE"
        ],
        "stop_line": [
          2.2533929899107235,
          41.454444524543185
        ],
        "waiting_zone_id": "1230012819#0_straight+turn+left+right"
      }
    },
    {
      "type": "Feature",
      "geometry": {
        "type": "Polygon",
        "coordinates": [
          [
            [
              2.253357650674397,
              41.45446708396992
            ],
            [
              2.2533766819123087,
              41.45447801641006
            ],
            [
              2.253340352773488,
              41.45451381032803
            ],
            [
              2.25332132153139,
              41.45450287788192
            ],
            [
              2.253357650674397,
              41.45446708396992
            ]
          ]
        ]
      },
      "properties": {
        "intersection_id": "11406463745",
        "modes": [
          "BICYCLE"
        ],
        "stop_line": [
          2.253330837151638,
          41.45450834410537
        ],
        "waiting_zone_id": "1230012819#1_turn+left"
      }
    },
    {
      "type": "Feature",
      "geometry": {
        "type": "Polygon",
        "coordinates": [
          [
            [
              2.2681686027131733,
              41.46088129915219
            ],
            [
              2.2685366619608165,
              41.46110321505782
            ],
            [
              2.268512700487873,
              41.46112570554754
            ],
            [
              2.2681445531825397,
              41.46090373676271
            ],
            [
              2.2681686027131733,
              41.46088129915219
            ]
          ]
        ]
      },
      "properties": {
        "intersection_id": "9689824638",
        "modes": [
          "CAR",
          "MOTORCYCLE"
        ],
        "stop_line": [
          2.268156577949934,
          41.4608925179581
        ],
        "waiting_zone_id": "1230028523#0_straight+left"
      }
    },
    {
      "type": "Feature",
      "geometry": {
        "type": "Polygon",
        "coordinates": [
          [
            [
              2.2402301595897316,
              41.459459040298896
            ],
            [
              2.2407546264119405,
              41.45967829481861
            ],
            [
              2.240736017358279,
              41.459703490041505
            ],
            [
              2.2402114264901254,
              41.459484182375256
            ],
            [
              2.2402301595897316,
              41.459459040298896
            ]
          ]
        ]
      },
      "properties": {
        "intersection_id": "495439251",
        "modes": [
          "CAR",
          "MOTORCYCLE"
        ],
        "stop_line": [
          2.240220830799814,
          41.45947162725794
        ],
        "waiting_zone_id": "136165121#10_straight+left"
      }
    },
    {
      "type": "Feature",
      "geometry": {
        "type": "Polygon",
        "coordinates": [
          [
            [
              2.2416320492974893,
              41.46004576850644
            ],
            [
              2.2424328012227153,
              41.460382338650284
            ],
            [
              2.242414006731109,
              41.46040745545743
            ],
            [
              2.2416124624952105,
              41.460070322400924
            ],
            [
              2.2416320492974893,
              41.46004576850644
            ]
          ]
        ]
      },
      "properties": {
        "intersection_id": "1277663175",
        "modes": [
          "CAR",
          "MOTORCYCLE"
        ],
        "stop_line": [
          2.2416223196955287,
          41.46005796525835
        ],
        "waiting_zone_id": "136165121#3_straight+right"
      }
    },
    {
      "type": "Feature",
      "geometry": {
        "type": "Polygon",
        "coordinates": [
          [
            [
              2.2489479998995887,
              41.45769078550737
            ],
            [
              2.2491388094396867,
              41.45768951359281
            ],
            [
              2.2492512858172193,
              41.457756897254235
            ],
            [
              2.249240518744403,
              41.45778455903851
            ],
            [
              2.24847459262481,
              41.457790991632955
            ],
            [
              2.248471254086026,
              41.457704520173806
            ],
            [
              2.2489479998995887,
              41.45769078550737
            ]
          ]
        ]
      },
      "properties": {
        "intersection_id": "5588790770",
        "modes": [
          "CAR",
          "MOTORCYCLE"
        ],
        "stop_line": [
          2.2484729312883984,
          41.45774775562402
        ],
        "waiting_zone_id": "1392187915#0_straight"
      }
    },
    {
      "type": "Feature",
      "geometry": {
        "type": "Polygon",
        "coordinates": [
          [
            [
              2.2322936063089607,
              41.441555037291025
            ],
            [
              2.2332619004994956,
              41.4420653805229
            ],
            [
              2.233218995491062,
              41.442113173582435
            ],
            [
              2.2330302712941923,
              41.44201724726593
            ],
            [
              2.2322487276922143,
              41.44160175574436
            ],
            [
              2.2322936063089607,
              41.441555037291025
            ]
          ]
        ]
      },
      "properties": {
        "intersection_id": "2805069251",
        "modes": [
          "CAR",
          "MOTORCYCLE"
        ],
        "stop_line": [
          2.232271167601835,
          41.44157839697433
        ],
        "waiting_zone_id": "1395130584_straight"
      }
    },
    {
      "type": "Feature",
      "geometry": {
        "type": "Polygon",
        "coordinates": [
          [
            [
              2.2335241563728987,
              41.442395943099626
            ],
            [
              2.2335047289229233,
              41.442371756577494
            ],
            [
              2.2335118677332515,
              41.44236864433177
            ],
            [
              2.2335156909679905,
              41.44236766982587
            ],
            [
              2.233521518061492,
              41.44237976706859
            ],
            [
              2.233526469264471,
              41.44238443438705
            ],
            [
              2.233557273018725,
              41.442370321389404
            ],
            [
              2.233573364812369,
              41.442358946491744
            ],
            [
              2.2335888071022603,
              41.442378171594335
            ],
            [
              2.2335816682944847,
              41.44238128384487
            ],
            [
              2.2335241563728987,
              41.442395943099626
            ]
          ]
        ]
      },
      "properties": {
        "intersection_id": "6038201047",
        "modes": [
          "CAR",
          "MOTORCYCLE"
        ],
        "stop_line": [
          2.233577451833868,
          41.442366566414925
        ],
        "waiting_zone_id": "1395130585_straight"
      }
    },
    {
      "type": "Feature",
      "geometry": {
        "type": "Polygon",
        "coordinates": [
          [
            [
              2.233515690968008,
              41.44236766982568
            ],
            [
              2.2334864380187356,
              41.44230693964338
            ],
            [
              2.233544058224432,
              41.442268932033635
            ],
            [
              2.2335668024392934,
              41.442288157729514
            ],
            [
              2.2335713485195243,
              41.442295106634695
            ],
            [
              2.2335851800805804,
              41.44235059456176
            ],
            [
              2.2335733648123846,
              41.44235894649167
            ],
            [
              2.2335693796333285,
              41.442353985082754
            ],
            [
              2.233515690968008,
              41.44236766982568
            ]
          ]
        ]
      },
      "properties": {
        "intersection_id": "5588597272",
        "modes": [
          "CAR",
          "MOTORCYCLE"
        ],
        "stop_line": [
          2.2335152587287523,
          41.442287944968406
        ],
        "waiting_zone_id": "1395130586#0_straight"
      }
    },
    {
      "type": "Feature",
      "geometry": {
        "type": "Polygon",
        "coordinates": [
          [
            [
              2.2334729158053723,
              41.4422511114825
            ],
            [
              2.2334666375877608,
              41.442245485034185
            ],
            [
              2.233495973031805,
              41.442226952224345
            ],
            [
              2.233502251250213,
              41.442232578671096
            ],
            [
              2.2334729158053723,
              41.4422511114825
            ]
          ]
        ]
      },
      "properties": {
        "intersection_id": "13939153981",
        "modes": [
          "CAR",
          "MOTORCYCLE"
        ],
        "stop_line": [
          2.233481305311851,
          41.44223621863023
        ],
        "waiting_zone_id": "1395130586#1_straight+left"
      }
    },
    {
      "type": "Feature",
      "geometry": {
        "type": "Polygon",
        "coordinates": [
          [
            [
              2.23347296357816,
              41.44225112080831
            ],
            [
              2.2334438271298844,
              41.44226983148405
            ],
            [
              2.2334375478529918,
              41.442264295101474
            ],
            [
              2.233466684300547,
              41.442245584427305
            ],
            [
              2.23347296357816,
              41.44225112080831
            ]
          ]
        ]
      },
      "properties": {
        "intersection_id": "13939153981",
        "modes": [
          "CAR",
          "MOTORCYCLE"
        ],
        "stop_line": [
          2.233452116078865,
          41.44225493976535
        ],
        "waiting_zone_id": "1395130586#1_straight+right"
      }
    },
    {
      "type": "Feature",
      "geometry": {
        "type": "Polygon",
        "coordinates": [
          [
            [
              2.2337355044320146,
              41.44251253645589
            ],
            [
              2.2337914477118246,
              41.44247319526097
            ],
            [
              2.233929335218498,
              41.44258425478737
            ],
            [
              2.2339315411964127,
              41.44262824201305
            ],
            [
              2.2344897263762906,
              41.44307751541891
            ],
            [
              2.2346907861938536,
              41.44323259130491
            ],
            [
              2.234635957820843,
              41.443272803262516
            ],
            [
              2.234434519572628,
              41.44311743562444
            ],
            [
              2.2338698904657193,
              41.44266308567966
            ],
            [
              2.233864769447018,
              41.4426522939855
            ],
            [
              2.2338676798572683,
              41.44261908851411
            ],
            [
              2.2337355044320146,
              41.44251253645589
            ]
          ]
        ]
      },
      "properties": {
        "intersection_id": "5588597270",
        "modes": [
          "CAR",
          "MOTORCYCLE"
        ],
        "stop_line": [
          2.233763514348243,
          41.442492896826025
        ],
        "waiting_zone_id": "1395130589#0_straight"
      }
    },
    {
      "type": "Feature",
      "geometry": {
        "type": "Polygon",
        "coordinates": [
          [
            [
              2.258338197988119,
              41.455904764170036
            ],
            [
              2.258740161172089,
              41.455901650693086
            ],
            [
              2.2587404867393777,
              41.45593047296069
            ],
            [
              2.2581699748649884,
              41.45593642955028
            ],
            [
              2.2581692567778684,
              41.455907611956185
            ],
            [
              2.258338197988119,
              41.455904764170036
            ]
          ]
        ]
      },
      "properties": {
        "intersection_id": "5588593500",
        "modes": [
          "CAR",
          "MOTORCYCLE"
        ],
        "stop_line": [
          2.258740323955721,
          41.455916061826905
        ],
        "waiting_zone_id": "1395130591#3_straight"
      }
    },
    {
      "type": "Feature",
      "geometry": {
        "type": "Polygon",
        "coordinates": [
          [
            [
              2.272079939423637,
              41.463013549482206
            ],
            [
              2.2723222344016976,
              41.463147306946695
            ],
            [
              2.272276922366085,
              41.46319373367863
            ],
            [
              2.2720346165851653,
              41.46305997154755
            ],
            [
              2.272079939423637,
              41.463013549482206
            ]
          ]
        ]
      },
      "properties": {
        "intersection_id": "6325763629",
        "modes": [
          "CAR",
          "MOTORCYCLE"
        ],
        "stop_line": [
          2.272299578329146,
          41.463170520260334
        ],
        "waiting_zone_id": "1395130593#0_straight"
      }
    },
    {
      "type": "Feature",
      "geometry": {
        "type": "Polygon",
        "coordinates": [
          [
            [
              2.248062472310267,
              41.45226939600137
            ],
            [
              2.2481176249419144,
              41.45222947636204
            ],
            [
              2.248175974500643,
              41.452275051619544
            ],
            [
              2.2481486498938468,
              41.4522952550484
            ],
            [
              2.2482640188134577,
              41.452380623946034
            ],
            [
              2.248878686868563,
              41.45281764165759
            ],
            [
              2.2488523993323355,
              41.45283859229937
            ],
            [
              2.248062472310267,
              41.45226939600137
            ]
          ]
        ]
      },
      "properties": {
        "intersection_id": "229063647",
        "modes": [
          "CAR",
          "MOTORCYCLE"
        ],
        "stop_line": [
          2.248090048256012,
          41.45224950590871
        ],
        "waiting_zone_id": "1395134880#2_straight"
      }
    },
    {
      "type": "Feature",
      "geometry": {
        "type": "Polygon",
        "coordinates": [
          [
            [
              2.248092405751723,
              41.45233443005286
            ],
            [
              2.2480348096840044,
              41.452289337072585
            ],
            [
              2.2480624713202526,
              41.45226939528801
            ],
            [
              2.248852466531671,
              41.45283863971148
            ],
            [
              2.2488261628536352,
              41.45285959578081
            ],
            [
              2.2482112500713405,
              41.452422305969016
            ],
            [
              2.248092405751723,
              41.45233443005286
            ]
          ]
        ]
      },
      "properties": {
        "intersection_id": "229063647",
        "modes": [
          "CAR",
          "MOTORCYCLE"
        ],
        "stop_line": [
          2.2480486687821233,
          41.45227938838208
        ],
        "waiting_zone_id": "1395134880#2_straight+right"
      }
    },
    {
      "type": "Feature",
      "geometry": {
        "type": "Polygon",
        "coordinates": [
          [
            [
              2.2477601938599348,
              41.45203664409277
            ],
            [
              2.2473667275494282,
              41.451759433819454
            ],
            [
              2.2473930383630587,
              41.45173848353121
            ],
            [
              2.247786418966096,
              41.45201564991918
            ],
            [
              2.2477601938599348,
              41.45203664409277
            ]
          ]
        ]
      },
      "properties": {
        "intersection_id": "590300193",
        "modes": [
          "CAR",
          "MOTORCYCLE"
        ],
        "stop_line": [
          2.2473799286311062,
          41.45174899114474
        ],
        "waiting_zone_id": "1395134882#2_straight"
      }
    },
    {
      "type": "Feature",
      "geometry": {
        "type": "Polygon",
        "coordinates": [
          [
            [
              2.247393038362882,
              41.451738483531095
            ],
            [
              2.247419033300039,
              41.45171741137159
            ],
            [
              2.247812640348557,
              41.45199456203805
            ],
            [
              2.247786457815792,
              41.45201560333448
            ],
            [
              2.247393038362882,
              41.451738483531095
            ]
          ]
        ]
      },
      "properties": {
        "intersection_id": "590300193",
        "modes": [
          "CAR",
          "MOTORCYCLE"
        ],
        "stop_line": [
          2.247405985980183,
          41.45172796198829
        ],
        "waiting_zone_id": "1395134882#2_straight+left"
      }
    },
    {
      "type": "Feature",
      "geometry": {
        "type": "Polygon",
        "coordinates": [
          [
            [
              2.2477340112935553,
              41.452057685376644
            ],
            [
              2.2473406118226738,
              41.451780595251165
            ],
            [
              2.2473667065005083,
              41.45175949403167
            ],
            [
              2.247760193860216,
              41.45203664409259
            ],
            [
              2.2477340112935553,
              41.452057685376644
            ]
          ]
        ]
      },
      "properties": {
        "intersection_id": "590300193",
        "modes": [
          "CAR",
          "MOTORCYCLE"
        ],
        "stop_line": [
          2.2473536591637857,
          41.45177004464223
        ],
        "waiting_zone_id": "1395134882#2_straight+right"
      }
    },
    {
      "type": "Feature",
      "geometry": {
        "type": "Polygon",
        "coordinates": [
          [
            [
              2.2452223705289094,
              41.4501787427101
            ],
            [
              2.2453040949600696,
              41.45011795538586
            ],
            [
              2.2455912550238764,
              41.45033608044401
            ],
            [
              2.245537953070237,
              41.45037583557176
            ],
            [
              2.245631490770954,
              41.45040750213605
            ],
            [
              2.2458369225712653,
              41.450563416691544
            ],
            [
              2.2458935837590013,
              41.45060761471703
            ],
            [
              2.246013479731415,
              41.45070422711554
            ],
            [
              2.245985478876203,
              41.450723897767524
            ],
            [
              2.2458659020162135,
              41.45062753964033
            ],
            [
              2.2458096240905987,
              41.45058363865718
            ],
            [
              2.245606880349884,
              41.45042976385065
            ],
            [
              2.2455097025177504,
              41.45039690782959
            ],
            [
              2.2452223705289094,
              41.4501787427101
            ]
          ]
        ]
      },
      "properties": {
        "intersection_id": "5588596725",
        "modes": [
          "CAR",
          "MOTORCYCLE"
        ],
        "stop_line": [
          2.2452632819341014,
          41.45014834172176
        ],
        "waiting_zone_id": "1395134884#0_straight"
      }
    },
    {
      "type": "Feature",
      "geometry": {
        "type": "Polygon",
        "coordinates": [
          [
            [
              2.2406491724664166,
              41.448069833287995
            ],
            [
              2.240750203270256,
              41.44816251741599
            ],
            [
              2.2407543019984386,
              41.44823175850872
            ],
            [
              2.2407191290595083,
              41.44824069142485
            ],
            [
              2.2405898530871555,
              41.44810634697334
            ],
            [
              2.2406491724664166,
              41.448069833287995
            ]
          ]
        ]
      },
      "properties": {
        "intersection_id": "13608027777",
        "modes": [
          "CAR",
          "MOTORCYCLE"
        ],
        "stop_line": [
          2.240619512785082,
          41.44808809013459
        ],
        "waiting_zone_id": "1395134886#2_straight"
      }
    },
    {
      "type": "Feature",
      "geometry": {
        "type": "Polygon",
        "coordinates": [
          [
            [
              2.2562478144904534,
              41.45569843654069
            ],
            [
              2.2562535955158767,
              41.45568582388562
            ],
            [
              2.256281546864903,
              41.45570321059329
            ],
            [
              2.2562815305797024,
              41.45568723761456
            ],
            [
              2.256327070222212,
              41.455728541054484
            ],
            [
              2.2565972932735607,
              41.4558301917984
            ],
            [
              2.256580195649036,
              41.45585598486537
            ],
            [
              2.256306330383015,
              41.45575296392398
            ],
            [
              2.2563001536846032,
              41.455749275081665
            ],
            [
              2.256252041338919,
              41.45570563828662
            ],
            [
              2.2562478144904534,
              41.45569843654069
            ]
          ]
        ]
      },
      "properties": {
        "intersection_id": "5588593504",
        "modes": [
          "CAR",
          "MOTORCYCLE"
        ],
        "stop_line": [
          2.2565887444628765,
          41.45584308833228
        ],
        "waiting_zone_id": "1395134887#2_straight"
      }
    },
    {
      "type": "Feature",
      "geometry": {
        "type": "Polygon",
        "coordinates": [
          [
            [
              2.25659824602978,
              41.455832315602066
            ],
            [
              2.256643882939659,
              41.45584792945786
            ],
            [
              2.256628023071417,
              41.45587416649017
            ],
            [
              2.2565823861471346,
              41.45585855262802
            ],
            [
              2.25659824602978,
              41.455832315602066
            ]
          ]
        ]
      },
      "properties": {
        "intersection_id": "10265139316",
        "modes": [
          "CAR",
          "MOTORCYCLE"
        ],
        "stop_line": [
          2.2566359530071516,
          41.45586104797432
        ],
        "waiting_zone_id": "1395134887#3_straight+right"
      }
    },
    {
      "type": "Feature",
      "geometry": {
        "type": "Polygon",
        "coordinates": [
          [
            [
              2.2412917614162082,
              41.44651782577894
            ],
            [
              2.241693449940724,
              41.44683667329776
            ],
            [
              2.241637354669739,
              41.44687599118497
            ],
            [
              2.2416059165984077,
              41.446852738397524
            ],
            [
              2.241235993441118,
              41.44655731136814
            ],
            [
              2.2412917614162082,
              41.44651782577894
            ]
          ]
        ]
      },
      "properties": {
        "intersection_id": "30618555",
        "modes": [
          "CAR",
          "MOTORCYCLE"
        ],
        "stop_line": [
          2.2416794112637564,
          41.44684647770912
        ],
        "waiting_zone_id": "1410582326#3_straight"
      }
    },
    {
      "type": "Feature",
      "geometry": {
        "type": "Polygon",
        "coordinates": [
          [
            [
              2.2594447866479177,
              41.45589533576497
            ],
            [
              2.2591114119792053,
              41.45589043849017
            ],
            [
              2.259111880346209,
              41.45587242845037
            ],
            [
              2.2598543305388303,
              41.45588333300882
            ],
            [
              2.260312184152482,
              41.45594576760857
            ],
            [
              2.260316173991254,
              41.45594689307133
            ],
            [
              2.2606047097348956,
              41.45607639774692
            ],
            [
              2.261172721283208,
              41.45643475992544
            ],
            [
              2.261157334663239,
              41.45644856316518
            ],
            [
              2.260868284608851,
              41.45625454446817
            ],
            [
              2.260759767111412,
              41.45618701562359
            ],
            [
              2.260752725919181,
              41.45619329352921
            ],
            [
              2.2607160646690607,
              41.4561701635976
            ],
            [
              2.2607231105262056,
              41.45616387505628
            ],
            [
              2.2606469455703544,
              41.45611557771061
            ],
            [
              2.2606397393325737,
              41.4561220091284
            ],
            [
              2.2605900601376048,
              41.456090665928706
            ],
            [
              2.260305774406768,
              41.45596320080533
            ],
            [
              2.259852902283435,
              41.45590132966976
            ],
            [
              2.259542909831634,
              41.45589677701032
            ],
            [
              2.2594876631744096,
              41.45589475906483
            ],
            [
              2.2594447866479177,
              41.45589533576497
            ]
          ]
        ]
      },
      "properties": {
        "intersection_id": ":303580418_33_0",
        "modes": [
          "BICYCLE"
        ],
        "stop_line": [
          2.261165027974211,
          41.45644166154568
        ],
        "waiting_zone_id": "1411605196#2_straight+turn+left+right+partial_right"
      }
    },
    {
      "type": "Feature",
      "geometry": {
        "type": "Polygon",
        "coordinates": [
          [
            [
              2.2429947802341235,
              41.44800537335594
            ],
            [
              2.2430225454336012,
              41.44798555955414
            ],
            [
              2.2430644908482456,
              41.44801767505156
            ],
            [
              2.2430094012619906,
              41.44805769108744
            ],
            [
              2.2429674570568836,
              41.44802557467737
            ],
            [
              2.2429947802341235,
              41.44800537335594
            ]
          ]
        ]
      },
      "properties": {
        "intersection_id": "2141756674",
        "modes": [
          "CAR",
          "MOTORCYCLE"
        ],
        "stop_line": [
          2.2430369460635777,
          41.448037683072904
        ],
        "waiting_zone_id": "1434721084#0_straight"
      }
    },
    {
      "type": "Feature",
      "geometry": {
        "type": "Polygon",
        "coordinates": [
          [
            [
              2.249128421254013,
              41.45295710015839
            ],
            [
              2.249520851032766,
              41.453235350581735
            ],
            [
              2.249442148318781,
              41.453298332277065
            ],
            [
              2.2490469781654423,
              41.45301819645819
            ],
            [
              2.249128421254013,
              41.45295710015839
            ]
          ]
        ]
      },
      "properties": {
        "intersection_id": "5588593474",
        "modes": [
          "CAR",
          "MOTORCYCLE"
        ],
        "stop_line": [
          2.249060639925737,
          41.453008095118655
        ],
        "waiting_zone_id": "1471084062#0_straight"
      }
    },
    {
      "type": "Feature",
      "geometry": {
        "type": "Polygon",
        "coordinates": [
          [
            [
              2.2497036689655054,
              41.4534893492933
            ],
            [
              2.249535572570306,
              41.45336540313131
            ],
            [
              2.249588934548578,
              41.4533240792698
            ],
            [
              2.249844703407461,
              41.45350829296327
            ],
            [
              2.2498391558590813,
              41.45354284441813
            ],
            [
              2.249814037779266,
              41.453564608302415
            ],
            [
              2.2497581864316736,
              41.45352812425981
            ],
            [
              2.2497036689655054,
              41.4534893492933
            ]
          ]
        ]
      },
      "properties": {
        "intersection_id": "229063659",
        "modes": [
          "CAR",
          "MOTORCYCLE"
        ],
        "stop_line": [
          2.249575661614269,
          41.45333447012738
        ],
        "waiting_zone_id": "1508242460#2_straight"
      }
    },
    {
      "type": "Feature",
      "geometry": {
        "type": "Polygon",
        "coordinates": [
          [
            [
              2.2498258360069796,
              41.453494704055224
            ],
            [
              2.2495888164295175,
              41.45332393978493
            ],
            [
              2.2496161410311246,
              41.453303736017844
            ],
            [
              2.2498501263354997,
              41.45347364611703
            ],
            [
              2.2498258360069796,
              41.453494704055224
            ]
          ]
        ]
      },
      "properties": {
        "intersection_id": "229063659",
        "modes": [
          "CAR",
          "MOTORCYCLE"
        ],
        "stop_line": [
          2.2496025169864917,
          41.45331386718546
        ],
        "waiting_zone_id": "1508242460#2_straight+left"
      }
    },
    {
      "type": "Feature",
      "geometry": {
        "type": "Polygon",
        "coordinates": [
          [
            [
              2.233582889494043,
              41.44212052468972
            ],
            [
              2.233598407187577,
              41.44213424192218
            ],
            [
              2.233552847208045,
              41.442163426054634
            ],
            [
              2.233537329517339,
              41.44214970881611
            ],
            [
              2.233582889494043,
              41.44212052468972
            ]
          ]
        ]
      },
      "properties": {
        "intersection_id": "13939153982",
        "modes": [
          "BICYCLE"
        ],
        "stop_line": [
          2.233545088361877,
          41.44215656743564
        ],
        "waiting_zone_id": "1529468561#0_straight+turn+right"
      }
    },
    {
      "type": "Feature",
      "geometry": {
        "type": "Polygon",
        "coordinates": [
          [
            [
              2.23348117679963,
              41.442213673043526
            ],
            [
              2.23346439917513,
              41.44220082292366
            ],
            [
              2.2334661282075,
              41.4421996025865
            ],
            [
              2.233482867394033,
              41.44221242326611
            ],
            [
              2.23348117679963,
              41.442213673043526
            ]
          ]
        ]
      },
      "properties": {
        "intersection_id": "13939153981",
        "modes": [
          "BICYCLE"
        ],
        "stop_line": [
          2.2334727879865564,
          41.442207247983895
        ],
        "waiting_zone_id": "1529468561#1_straight+turn+left"
      }
    },
    {
      "type": "Feature",
      "geometry": {
        "type": "Polygon",
        "coordinates": [
          [
            [
              2.2346457660528913,
              41.449263121670015
            ],
            [
              2.2346786126734526,
              41.44927795386078
            ],
            [
              2.2347105096715816,
              41.449293929073086
            ],
            [
              2.2346797228403386,
              41.44933252197005
            ],
            [
              2.234646876192181,
              41.449317689779505
            ],
            [
              2.2346149791983803,
              41.44930171454967
            ],
            [
              2.2346457660528913,
              41.449263121670015
            ]
          ]
        ]
      },
      "properties": {
        "intersection_id": "302182249",
        "modes": [
          "CAR",
          "MOTORCYCLE"
        ],
        "stop_line": [
          2.23464735101166,
          41.44931711826436
        ],
        "waiting_zone_id": "166024474#0_straight"
      }
    },
    {
      "type": "Feature",
      "geometry": {
        "type": "Polygon",
        "coordinates": [
          [
            [
              2.2345879737682726,
              41.44933016228898
            ],
            [
              2.2346502362870106,
              41.44936386892307
            ],
            [
              2.233997277916851,
              41.45004651965704
            ],
            [
              2.2338807779189374,
              41.45016251257564
            ],
            [
              2.233819700310262,
              41.45012788745699
            ],
            [
              2.2345879737682726,
              41.44933016228898
            ]
          ]
        ]
      },
      "properties": {
        "intersection_id": "6119951192",
        "modes": [
          "CAR",
          "MOTORCYCLE"
        ],
        "stop_line": [
          2.2338502441634502,
          41.450145194867865
        ],
        "waiting_zone_id": "166024474#1_straight"
      }
    },
    {
      "type": "Feature",
      "geometry": {
        "type": "Polygon",
        "coordinates": [
          [
            [
              2.233779812367366,
              41.450168125495544
            ],
            [
              2.2338414994949596,
              41.45020223136295
            ],
            [
              2.232962093172287,
              41.45110312823368
            ],
            [
              2.2329002405026457,
              41.45106911897622
            ],
            [
              2.233779812367366,
              41.450168125495544
            ]
          ]
        ]
      },
      "properties": {
        "intersection_id": "5599407993",
        "modes": [
          "CAR",
          "MOTORCYCLE"
        ],
        "stop_line": [
          2.2329312064859703,
          41.451086082419565
        ],
        "waiting_zone_id": "166024474#3_straight"
      }
    },
    {
      "type": "Feature",
      "geometry": {
        "type": "Polygon",
        "coordinates": [
          [
            [
              2.2505681146046586,
              41.453148069441816
            ],
            [
              2.250516130483914,
              41.45310574892298
            ],
            [
              2.2506204434987973,
              41.45303134616846
            ],
            [
              2.250631102019782,
              41.45295349141292
            ],
            [
              2.2506083865480293,
              41.45293901981641
            ],
            [
              2.250658076261103,
              41.45289510758815
            ],
            [
              2.2507020401956854,
              41.452955637974206
            ],
            [
              2.2507175277664393,
              41.45302597692683
            ],
            [
              2.2507134094924033,
              41.453037498529866
            ],
            [
              2.250678330722935,
              41.45306935000033
            ],
            [
              2.2505681146046586,
              41.453148069441816
            ]
          ]
        ]
      },
      "properties": {
        "intersection_id": "5588593509",
        "modes": [
          "CAR",
          "MOTORCYCLE"
        ],
        "stop_line": [
          2.250542178394852,
          41.4531268700861
        ],
        "waiting_zone_id": "166024476#0_straight"
      }
    },
    {
      "type": "Feature",
      "geometry": {
        "type": "Polygon",
        "coordinates": [
          [
            [
              2.251894566065182,
              41.46378781477652
            ],
            [
              2.2519929745103333,
              41.46401630631747
            ],
            [
              2.251956790711876,
              41.46402579091621
            ],
            [
              2.2519395300471396,
              41.463988529385986
            ],
            [
              2.251858153545316,
              41.46379678893832
            ],
            [
              2.251894566065182,
              41.46378781477652
            ]
          ]
        ]
      },
      "properties": {
        "intersection_id": "5546412588",
        "modes": [
          "CAR",
          "MOTORCYCLE"
        ],
        "stop_line": [
          2.2519748825705013,
          41.464021048648625
        ],
        "waiting_zone_id": "171839324#4_straight"
      }
    },
    {
      "type": "Feature",
      "geometry": {
        "type": "Polygon",
        "coordinates": [
          [
            [
              2.252008480731887,
              41.464051188381404
            ],
            [
              2.2521732068688793,
              41.46440610309222
            ],
            [
              2.2525305133885167,
              41.46522445031615
            ],
            [
              2.2524962954389904,
              41.465236925338736
            ],
            [
              2.2521369362490375,
              41.46441541514006
            ],
            [
              2.25197200225104,
              41.4640600127773
            ],
            [
              2.252008480731887,
              41.464051188381404
            ]
          ]
        ]
      },
      "properties": {
        "intersection_id": "12577103858",
        "modes": [
          "CAR",
          "MOTORCYCLE"
        ],
        "stop_line": [
          2.2525132731505026,
          41.46523073596898
        ],
        "waiting_zone_id": "171839324#6_straight"
      }
    },
    {
      "type": "Feature",
      "geometry": {
        "type": "Polygon",
        "coordinates": [
          [
            [
              2.2506046910685926,
              41.46103386609376
            ],
            [
              2.2506296917336956,
              41.46107474430068
            ],
            [
              2.250594883245685,
              41.46108679104125
            ],
            [
              2.25056988260841,
              41.46104591192632
            ],
            [
              2.2506046910685926,
              41.46103386609376
            ]
          ]
        ]
      },
      "properties": {
        "intersection_id": "1828108785",
        "modes": [
          "CAR",
          "MOTORCYCLE"
        ],
        "stop_line": [
          2.2506122874912857,
          41.46108076767229
        ],
        "waiting_zone_id": "171839325#0_straight"
      }
    },
    {
      "type": "Feature",
      "geometry": {
        "type": "Polygon",
        "coordinates": [
          [
            [
              2.23773758466204,
              41.45469270404269
            ],
            [
              2.2377673112780663,
              41.454710885247955
            ],
            [
              2.2376934764450427,
              41.45477921270583
            ],
            [
              2.2376637498190135,
              41.45476103148162
            ],
            [
              2.23773758466204,
              41.45469270404269
            ]
          ]
        ]
      },
      "properties": {
        "intersection_id": "2112816883",
        "modes": [
          "CAR",
          "MOTORCYCLE"
        ],
        "stop_line": [
          2.2377524479679725,
          41.45470179464628
        ],
        "waiting_zone_id": "192075198#1_straight"
      }
    },
    {
      "type": "Feature",
      "geometry": {
        "type": "Polygon",
        "coordinates": [
          [
            [
              2.239431764990481,
              41.46065651471847
            ],
            [
              2.240582440510606,
              41.46107953921581
            ],
            [
              2.2405656165350796,
              41.46110543435581
            ],
            [
              2.239414938276948,
              41.460682409673254
            ],
            [
              2.239431764990481,
              41.46065651471847
            ]
          ]
        ]
      },
      "properties": {
        "intersection_id": "2026312132",
        "modes": [
          "CAR",
          "MOTORCYCLE"
        ],
        "stop_line": [
          2.2394233516354025,
          41.46066946219621
        ],
        "waiting_zone_id": "192075202#10_left"
      }
    },
    {
      "type": "Feature",
      "geometry": {
        "type": "Polygon",
        "coordinates": [
          [
            [
              2.2412179292597405,
              41.461318894945315
            ],
            [
              2.2416888906808876,
              41.46148678141417
            ],
            [
              2.2416730234078037,
              41.461513016296266
            ],
            [
              2.2412012247005704,
              41.4613448342009
            ],
            [
              2.2412179292597405,
              41.461318894945315
            ]
          ]
        ]
      },
      "properties": {
        "intersection_id": "1027024463",
        "modes": [
          "CAR",
          "MOTORCYCLE"
        ],
        "stop_line": [
          2.241209687303022,
          41.46133190477824
        ],
        "waiting_zone_id": "192075202#5_straight+right"
      }
    },
    {
      "type": "Feature",
      "geometry": {
        "type": "Polygon",
        "coordinates": [
          [
            [
              2.237844295396226,
              41.45138181129744
            ],
            [
              2.238192822666733,
              41.45167844582639
            ],
            [
              2.238437143577075,
              41.45188933589808
            ],
            [
              2.238408677461601,
              41.451908625105474
            ],
            [
              2.237847104905606,
              41.451433907271976
            ],
            [
              2.2378116664650105,
              41.4513969149482
            ],
            [
              2.237844295396226,
              41.45138181129744
            ]
          ]
        ]
      },
      "properties": {
        "intersection_id": "3663299714",
        "modes": [
          "CAR",
          "MOTORCYCLE"
        ],
        "stop_line": [
          2.2384228881829653,
          41.451898961841465
        ],
        "waiting_zone_id": "201205224#4_straight+left+right"
      }
    },
    {
      "type": "Feature",
      "geometry": {
        "type": "Polygon",
        "coordinates": [
          [
            [
              2.242061212832681,
              41.45300685355631
            ],
            [
              2.2416122624900994,
              41.45269656111964
            ],
            [
              2.241638181249645,
              41.45267533574483
            ],
            [
              2.242086451015237,
              41.452985157913254
            ],
            [
              2.242607121036345,
              41.453280903540275
            ],
            [
              2.2427799865424705,
              41.4533662907632
            ],
            [
              2.242758960069133,
              41.45339038503738
            ],
            [
              2.2425855683729785,
              41.45330473670608
            ],
            [
              2.242061212832681,
              41.45300685355631
            ]
          ]
        ]
      },
      "properties": {
        "intersection_id": "5588596721",
        "modes": [
          "CAR",
          "MOTORCYCLE"
        ],
        "stop_line": [
          2.2427694734625567,
          41.45337833786509
        ],
        "waiting_zone_id": "201205226#2_straight"
      }
    },
    {
      "type": "Feature",
      "geometry": {
        "type": "Polygon",
        "coordinates": [
          [
            [
              2.232960128800226,
              41.45316966504225
            ],
            [
              2.2329755466923533,
              41.45314328060927
            ],
            [
              2.2338825519170267,
              41.453443078617354
            ],
            [
              2.2338650470174675,
              41.45340763941123
            ],
            [
              2.233865771619128,
              41.45339632370372
            ],
            [
              2.2339106297354543,
              41.45333037913956
            ],
            [
              2.2340940427593483,
              41.45308303963455
            ],
            [
              2.234037541021372,
              41.45280524908065
            ],
            [
              2.2340754112520607,
              41.45280088943511
            ],
            [
              2.2341329068829388,
              41.45308356501048
            ],
            [
              2.2341306998561423,
              41.453092765815
            ],
            [
              2.2339444427245008,
              41.45334393080774
            ],
            [
              2.2339038108602005,
              41.453403374047696
            ],
            [
              2.2339313283024667,
              41.45345908268405
            ],
            [
              2.2342272214725822,
              41.45355557134969
            ],
            [
              2.234213317757968,
              41.453582429011135
            ],
            [
              2.2337853500021776,
              41.45344261046067
            ],
            [
              2.232960128800226,
              41.45316966504225
            ]
          ]
        ]
      },
      "properties": {
        "intersection_id": "5588597496",
        "modes": [
          "CAR",
          "MOTORCYCLE"
        ],
        "stop_line": [
          2.2342202701150367,
          41.45356900059156
        ],
        "waiting_zone_id": "201280647#1_straight"
      }
    },
    {
      "type": "Feature",
      "geometry": {
        "type": "Polygon",
        "coordinates": [
          [
            [
              2.2354536139489705,
              41.447331524973734
            ],
            [
              2.235486245276932,
              41.44736809675499
            ],
            [
              2.2354550208915227,
              41.44738483222478
            ],
            [
              2.2354218096400817,
              41.4473475900301
            ],
            [
              2.2354536139489705,
              41.447331524973734
            ]
          ]
        ]
      },
      "properties": {
        "intersection_id": "5588597306",
        "modes": [
          "CAR",
          "MOTORCYCLE"
        ],
        "stop_line": [
          2.2354710512426585,
          41.44737694466415
        ],
        "waiting_zone_id": "201282174#0_straight"
      }
    },
    {
      "type": "Feature",
      "geometry": {
        "type": "Polygon",
        "coordinates": [
          [
            [
              2.2446411729994176,
              41.454958784068964
            ],
            [
              2.2446706959397376,
              41.454977154013804
            ],
            [
              2.244339410135444,
              41.45526885092941
            ],
            [
              2.2443102985072323,
              41.45525011339721
            ],
            [
              2.2446411729994176,
              41.454958784068964
            ]
          ]
        ]
      },
      "properties": {
        "intersection_id": "8830531459",
        "modes": [
          "CAR",
          "MOTORCYCLE"
        ],
        "stop_line": [
          2.244655934376608,
          41.45496796943347
        ],
        "waiting_zone_id": "201419371#5_straight"
      }
    },
    {
      "type": "Feature",
      "geometry": {
        "type": "Polygon",
        "coordinates": [
          [
            [
              2.2432770363069805,
              41.4576835761816
            ],
            [
              2.2433871970318435,
              41.45700507808296
            ],
            [
              2.243425226777186,
              41.45700857989523
            ],
            [
              2.2431874054124443,
              41.45854767196253
            ],
            [
              2.2431493281210355,
              41.45854447601036
            ],
            [
              2.2432770363069805,
              41.4576835761816
            ]
          ]
        ]
      },
      "properties": {
        "intersection_id": "5586016684",
        "modes": [
          "CAR",
          "MOTORCYCLE"
        ],
        "stop_line": [
          2.243168366766249,
          41.45854607398801
        ],
        "waiting_zone_id": "201419373#4_straight"
      }
    },
    {
      "type": "Feature",
      "geometry": {
        "type": "Polygon",
        "coordinates": [
          [
            [
              2.2430909320798404,
              41.45881052497295
            ],
            [
              2.2431287713630157,
              41.45881504977456
            ],
            [
              2.2431193733606287,
              41.458859526028675
            ],
            [
              2.2430815340523447,
              41.4588550012238
            ],
            [
              2.2430909320798404,
              41.45881052497295
            ]
          ]
        ]
      },
      "properties": {
        "intersection_id": "5586016683",
        "modes": [
          "CAR",
          "MOTORCYCLE"
        ],
        "stop_line": [
          2.243100454083942,
          41.45885726396602
        ],
        "waiting_zone_id": "201419373#7_straight"
      }
    },
    {
      "type": "Feature",
      "geometry": {
        "type": "Polygon",
        "coordinates": [
          [
            [
              2.2347183377832187,
              41.443277149757584
            ],
            [
              2.2347388619183475,
              41.443301485685446
            ],
            [
              2.234688327269706,
              41.4433256164201
            ],
            [
              2.234667803156712,
              41.443301279582755
            ],
            [
              2.2347183377832187,
              41.443277149757584
            ]
          ]
        ]
      },
      "properties": {
        "intersection_id": "5588597263",
        "modes": [
          "CAR",
          "MOTORCYCLE"
        ],
        "stop_line": [
          2.2346780650432896,
          41.44331344800309
        ],
        "waiting_zone_id": "201423535#10_straight"
      }
    },
    {
      "type": "Feature",
      "geometry": {
        "type": "Polygon",
        "coordinates": [
          [
            [
              2.235473139367103,
              41.4428392554735
            ],
            [
              2.235496699176747,
              41.442861981095675
            ],
            [
              2.235290940685317,
              41.44298275443788
            ],
            [
              2.2352673809050536,
              41.442960028774294
            ],
            [
              2.235473139367103,
              41.4428392554735
            ]
          ]
        ]
      },
      "properties": {
        "intersection_id": "6033236617",
        "modes": [
          "CAR",
          "MOTORCYCLE"
        ],
        "stop_line": [
          2.2352791607931364,
          41.44297139160669
        ],
        "waiting_zone_id": "201423535#2_straight"
      }
    },
    {
      "type": "Feature",
      "geometry": {
        "type": "Polygon",
        "coordinates": [
          [
            [
              2.235121252550498,
              41.44304393260281
            ],
            [
              2.2351439638786084,
              41.44306714265972
            ],
            [
              2.235096731122608,
              41.443093310493666
            ],
            [
              2.23507305586846,
              41.44307063446463
            ],
            [
              2.235121252550498,
              41.44304393260281
            ]
          ]
        ]
      },
      "properties": {
        "intersection_id": "6033236618",
        "modes": [
          "CAR",
          "MOTORCYCLE"
        ],
        "stop_line": [
          2.2350844115264232,
          41.44308223949832
        ],
        "waiting_zone_id": "201423535#6_straight"
      }
    },
    {
      "type": "Feature",
      "geometry": {
        "type": "Polygon",
        "coordinates": [
          [
            [
              2.23500196816716,
              41.44311459907338
            ],
            [
              2.235026012524645,
              41.44313703617185
            ],
            [
              2.2348454017968606,
              41.4432463941625
            ],
            [
              2.234822087957807,
              41.44322352592561
            ],
            [
              2.23500196816716,
              41.44311459907338
            ]
          ]
        ]
      },
      "properties": {
        "intersection_id": "5588597261",
        "modes": [
          "CAR",
          "MOTORCYCLE"
        ],
        "stop_line": [
          2.2348337448752935,
          41.443234960044634
        ],
        "waiting_zone_id": "201423535#7_straight"
      }
    },
    {
      "type": "Feature",
      "geometry": {
        "type": "Polygon",
        "coordinates": [
          [
            [
              2.2393126302385977,
              41.45141002801446
            ],
            [
              2.2400498639110724,
              41.45205380232539
            ],
            [
              2.240124678913704,
              41.452122496310075
            ],
            [
              2.2400653709024185,
              41.45215902507974
            ],
            [
              2.2394360830528193,
              41.45165712277562
            ],
            [
              2.239223851408611,
              41.45146489515858
            ],
            [
              2.2393126302385977,
              41.45141002801446
            ]
          ]
        ]
      },
      "properties": {
        "intersection_id": "2026312093",
        "modes": [
          "CAR",
          "MOTORCYCLE"
        ],
        "stop_line": [
          2.23923867796696,
          41.451455770151604
        ],
        "waiting_zone_id": "201675611#2_straight"
      }
    },
    {
      "type": "Feature",
      "geometry": {
        "type": "Polygon",
        "coordinates": [
          [
            [
              2.2325486028299837,
              41.44770652214179
            ],
            [
              2.232960657292923,
              41.44719390277502
            ],
            [
              2.2329934368474085,
              41.44720881967228
            ],
            [
              2.2325593747791967,
              41.447750011642675
            ],
            [
              2.232526232851689,
              41.44773555698879
            ],
            [
              2.2325486028299837,
              41.44770652214179
            ]
          ]
        ]
      },
      "properties": {
        "intersection_id": "539051272",
        "modes": [
          "CAR",
          "MOTORCYCLE"
        ],
        "stop_line": [
          2.2329770470682777,
          41.4472013612248
        ],
        "waiting_zone_id": "201758245#8_straight"
      }
    },
    {
      "type": "Feature",
      "geometry": {
        "type": "Polygon",
        "coordinates": [
          [
            [
              2.2325820985330824,
              41.44783185977001
            ],
            [
              2.2326053540049857,
              41.44780895587531
            ],
            [
              2.232915200152339,
              41.44798177185472
            ],
            [
              2.233279242874926,
              41.4481953456769
            ],
            [
              2.2335458684984872,
              41.44834966064592
            ],
            [
              2.2336379112855043,
              41.44841005350663
            ],
            [
              2.233716596273589,
              41.448404610251785
            ],
            [
              2.2339383865266824,
              41.44819423259243
            ],
            [
              2.233968399626158,
              41.44821214467539
            ],
            [
              2.2336575849482436,
              41.4485064542229
            ],
            [
              2.232894192356429,
              41.44922082583245
            ],
            [
              2.2328643292123855,
              41.44920277215452
            ],
            [
              2.233683487157114,
              41.44843584455803
            ],
            [
              2.2336189032805303,
              41.448435827750735
            ],
            [
              2.2335220578637114,
              41.44837224306746
            ],
            [
              2.233255766336604,
              41.44821812122822
            ],
            [
              2.232892194445742,
              41.44800481889374
            ],
            [
              2.2325820985330824,
              41.44783185977001
            ]
          ]
        ]
      },
      "properties": {
        "intersection_id": "5588597477",
        "modes": [
          "CAR",
          "MOTORCYCLE"
        ],
        "stop_line": [
          2.233953393074351,
          41.44820318863487
        ],
        "waiting_zone_id": "202644208#2_straight"
      }
    },
    {
      "type": "Feature",
      "geometry": {
        "type": "Polygon",
        "coordinates": [
          [
            [
              2.2299281263278026,
              41.44264870167199
            ],
            [
              2.2299481281546094,
              41.442637666335614
            ],
            [
              2.2299658643361875,
              41.442635708843014
            ],
            [
              2.2300090617344255,
              41.44264725728915
            ],
            [
              2.2299934897773377,
              41.44264922116822
            ],
            [
              2.2300091523858208,
              41.442663992822496
            ],
            [
              2.2300200916290693,
              41.44266669171132
            ],
            [
              2.230103210291147,
              41.442583842706355
            ],
            [
              2.230106766493237,
              41.44258113274768
            ],
            [
              2.230492874392673,
              41.44235715553456
            ],
            [
              2.2305162514765153,
              41.442379987240315
            ],
            [
              2.230132243265689,
              41.44260274186128
            ],
            [
              2.2300436578231038,
              41.44269103982944
            ],
            [
              2.230026449794704,
              41.44269783606407
            ],
            [
              2.2300061759151544,
              41.44269359065674
            ],
            [
              2.2300226992315464,
              41.442684582631784
            ],
            [
              2.2300085432435783,
              41.44267005435654
            ],
            [
              2.2299704644132903,
              41.44269081383681
            ],
            [
              2.2299281263278026,
              41.44264870167199
            ]
          ]
        ]
      },
      "properties": {
        "intersection_id": "6033236614",
        "modes": [
          "CAR",
          "MOTORCYCLE"
        ],
        "stop_line": [
          2.2299394702071074,
          41.44266031344572
        ],
        "waiting_zone_id": "203480266#0_straight"
      }
    },
    {
      "type": "Feature",
      "geometry": {
        "type": "Polygon",
        "coordinates": [
          [
            [
              2.236843004298676,
              41.44870045099275
            ],
            [
              2.236849219567655,
              41.44872889266605
            ],
            [
              2.236462252383038,
              41.44877756994614
            ],
            [
              2.2364559293720814,
              41.44874914194925
            ],
            [
              2.236843004298676,
              41.44870045099275
            ]
          ]
        ]
      },
      "properties": {
        "intersection_id": "2136574887",
        "modes": [
          "CAR",
          "MOTORCYCLE"
        ],
        "stop_line": [
          2.23684611193251,
          41.44871467182944
        ],
        "waiting_zone_id": "203655182#4_straight"
      }
    },
    {
      "type": "Feature",
      "geometry": {
        "type": "Polygon",
        "coordinates": [
          [
            [
              2.247279343791484,
              41.46172294645514
            ],
            [
              2.2473167571124364,
              41.46172916859407
            ],
            [
              2.247303832544776,
              41.46177314200129
            ],
            [
              2.247266420397239,
              41.461766919865845
            ],
            [
              2.247279343791484,
              41.46172294645514
            ]
          ]
        ]
      },
      "properties": {
        "intersection_id": "5631458674",
        "modes": [
          "CAR",
          "MOTORCYCLE"
        ],
        "stop_line": [
          2.2472980506158495,
          41.46172605725693
        ],
        "waiting_zone_id": "203887343#1_straight"
      }
    },
    {
      "type": "Feature",
      "geometry": {
        "type": "Polygon",
        "coordinates": [
          [
            [
              2.248184445519114,
              41.458021839374226
            ],
            [
              2.2481864206466056,
              41.458014522042355
            ],
            [
              2.248223963032885,
              41.45802027814534
            ],
            [
              2.2481312207722013,
              41.45841785592578
            ],
            [
              2.2480934798839525,
              41.458412887545165
            ],
            [
              2.248184445519114,
              41.458021839374226
            ]
          ]
        ]
      },
      "properties": {
        "intersection_id": "5588790772",
        "modes": [
          "CAR",
          "MOTORCYCLE"
        ],
        "stop_line": [
          2.2482051918388932,
          41.45801740009538
        ],
        "waiting_zone_id": "203887343#14_straight"
      }
    },
    {
      "type": "Feature",
      "geometry": {
        "type": "Polygon",
        "coordinates": [
          [
            [
              2.2379423972215653,
              41.44925576955285
            ],
            [
              2.2379082846972764,
              41.44924265392909
            ],
            [
              2.2381223664465315,
              41.44891091492615
            ],
            [
              2.2381198915233753,
              41.44884432999094
            ],
            [
              2.2379644974955575,
              41.44873042494303
            ],
            [
              2.237958953911951,
              41.448722396824145
            ],
            [
              2.237941589710403,
              41.448641703986276
            ],
            [
              2.237979393798816,
              41.44863703815765
            ],
            [
              2.23799576584648,
              41.44871310450458
            ],
            [
              2.2381521878342245,
              41.44882776303485
            ],
            [
              2.2381579679154195,
              41.44883768247037
            ],
            [
              2.2381607906231102,
              41.44891363383701
            ],
            [
              2.238158875802651,
              41.448920329892964
            ],
            [
              2.2379423972215653,
              41.44925576955285
            ]
          ]
        ]
      },
      "properties": {
        "intersection_id": "5588597310",
        "modes": [
          "CAR",
          "MOTORCYCLE"
        ],
        "stop_line": [
          2.237960491755264,
          41.448639371073526
        ],
        "waiting_zone_id": "204105875#2_straight"
      }
    },
    {
      "type": "Feature",
      "geometry": {
        "type": "Polygon",
        "coordinates": [
          [
            [
              2.232517793392423,
              41.4509614197767
            ],
            [
              2.232666796975212,
              41.451046993564965
            ],
            [
              2.2326435522373855,
              41.45106990473478
            ],
            [
              2.2324945486336287,
              41.45098433091655
            ],
            [
              2.232517793392423,
              41.4509614197767
            ]
          ]
        ]
      },
      "properties": {
        "intersection_id": "5588597483",
        "modes": [
          "CAR",
          "MOTORCYCLE"
        ],
        "stop_line": [
          2.23265517460835,
          41.45105844915048
        ],
        "waiting_zone_id": "204105876#4_straight"
      }
    },
    {
      "type": "Feature",
      "geometry": {
        "type": "Polygon",
        "coordinates": [
          [
            [
              2.237050581820481,
              41.4487133736279
            ],
            [
              2.2370905638890397,
              41.448744354145845
            ],
            [
              2.2371497169169463,
              41.448792568702004
            ],
            [
              2.2371215648066793,
              41.44881211729788
            ],
            [
              2.2370230987107673,
              41.448733452671114
            ],
            [
              2.237050581820481,
              41.4487133736279
            ]
          ]
        ]
      },
      "properties": {
        "intersection_id": "5588597314",
        "modes": [
          "CAR",
          "MOTORCYCLE"
        ],
        "stop_line": [
          2.237135640863923,
          41.448802343000835
        ],
        "waiting_zone_id": "204105877#0_straight"
      }
    },
    {
      "type": "Feature",
      "geometry": {
        "type": "Polygon",
        "coordinates": [
          [
            [
              2.2368171413080327,
              41.44496802795395
            ],
            [
              2.236846290031285,
              41.444949312911255
            ],
            [
              2.2368636325749462,
              41.44496463972505
            ],
            [
              2.2368068123450535,
              41.445002274172694
            ],
            [
              2.2367888413806867,
              41.44498745300232
            ],
            [
              2.2368171413080327,
              41.44496802795395
            ]
          ]
        ]
      },
      "properties": {
        "intersection_id": "5588597077",
        "modes": [
          "CAR",
          "MOTORCYCLE"
        ],
        "stop_line": [
          2.2368173488128407,
          41.44496819776972
        ],
        "waiting_zone_id": "204105881#0_straight"
      }
    },
    {
      "type": "Feature",
      "geometry": {
        "type": "Polygon",
        "coordinates": [
          [
            [
              2.23540520448611,
              41.443797482269964
            ],
            [
              2.2354162466936804,
              41.44380521198657
            ],
            [
              2.2364360556688405,
              41.44461619327706
            ],
            [
              2.2364084270208453,
              41.44463615773066
            ],
            [
              2.2359329580853515,
              41.4443041930751
            ],
            [
              2.2353530876085497,
              41.443839723048264
            ],
            [
              2.23540520448611,
              41.443797482269964
            ]
          ]
        ]
      },
      "properties": {
        "intersection_id": "5588597265",
        "modes": [
          "CAR",
          "MOTORCYCLE"
        ],
        "stop_line": [
          2.2353800602583433,
          41.443819242699426
        ],
        "waiting_zone_id": "204105881#3_straight"
      }
    },
    {
      "type": "Feature",
      "geometry": {
        "type": "Polygon",
        "coordinates": [
          [
            [
              2.2348060996895978,
              41.44331982082809
            ],
            [
              2.235266992129151,
              41.443690617132326
            ],
            [
              2.2352111316800842,
              41.443730026242136
            ],
            [
              2.234750261754117,
              41.44335925328574
            ],
            [
              2.2348060996895978,
              41.44331982082809
            ]
          ]
        ]
      },
      "properties": {
        "intersection_id": "5588597262",
        "modes": [
          "CAR",
          "MOTORCYCLE"
        ],
        "stop_line": [
          2.2347782237478016,
          41.4433395714017
        ],
        "waiting_zone_id": "204105881#6_straight"
      }
    },
    {
      "type": "Feature",
      "geometry": {
        "type": "Polygon",
        "coordinates": [
          [
            [
              2.2392117037227734,
              41.45056937074483
            ],
            [
              2.239591900322967,
              41.45089217534531
            ],
            [
              2.239565359416759,
              41.45091296019318
            ],
            [
              2.239525553183864,
              41.45088403449836
            ],
            [
              2.2391828282531008,
              41.45058831155704
            ],
            [
              2.2392117037227734,
              41.45056937074483
            ]
          ]
        ]
      },
      "properties": {
        "intersection_id": "301798804",
        "modes": [
          "CAR",
          "MOTORCYCLE"
        ],
        "stop_line": [
          2.239578629871983,
          41.45090256777003
        ],
        "waiting_zone_id": "204105883#3_straight+left+right"
      }
    },
    {
      "type": "Feature",
      "geometry": {
        "type": "Polygon",
        "coordinates": [
          [
            [
              2.2460369689389084,
              41.444262943676364
            ],
            [
              2.2460045205177726,
              41.44424762461918
            ],
            [
              2.2460223636676804,
              41.444226083169475
            ],
            [
              2.246044482576532,
              41.44419598633334
            ],
            [
              2.246078003784899,
              41.44420983540307
            ],
            [
              2.246055500470405,
              41.444240673527325
            ],
            [
              2.2460369689389084,
              41.444262943676364
            ]
          ]
        ]
      },
      "properties": {
        "intersection_id": "2136618866",
        "modes": [
          "CAR",
          "MOTORCYCLE"
        ],
        "stop_line": [
          2.2460207447188036,
          41.44425528426905
        ],
        "waiting_zone_id": "204105887#0_straight+turn+left+right"
      }
    },
    {
      "type": "Feature",
      "geometry": {
        "type": "Polygon",
        "coordinates": [
          [
            [
              2.23862130914871,
              41.439534908816185
            ],
            [
              2.239557335387616,
              41.44039321454717
            ],
            [
              2.2395281280501234,
              41.44041186145278
            ],
            [
              2.2393526725787423,
              41.440252027160895
            ],
            [
              2.2385917205063928,
              41.43955321248179
            ],
            [
              2.23862130914871,
              41.439534908816185
            ]
          ]
        ]
      },
      "properties": {
        "intersection_id": "5588597284",
        "modes": [
          "CAR",
          "MOTORCYCLE"
        ],
        "stop_line": [
          2.23860658975256,
          41.4395441292285
        ],
        "waiting_zone_id": "204105888#1_straight"
      }
    },
    {
      "type": "Feature",
      "geometry": {
        "type": "Polygon",
        "coordinates": [
          [
            [
              2.2357719058956187,
              41.44583297295661
            ],
            [
              2.236761586037101,
              41.44504655374018
            ],
            [
              2.2367893997780652,
              41.445066372690945
            ],
            [
              2.235746746051908,
              41.445905691298435
            ],
            [
              2.2357149255040962,
              41.445889644815324
            ],
            [
              2.2357719058956187,
              41.44583297295661
            ]
          ]
        ]
      },
      "properties": {
        "intersection_id": "5588597078",
        "modes": [
          "CAR",
          "MOTORCYCLE"
        ],
        "stop_line": [
          2.236775391684029,
          41.445056543642096
        ],
        "waiting_zone_id": "204105890#4_straight"
      }
    },
    {
      "type": "Feature",
      "geometry": {
        "type": "Polygon",
        "coordinates": [
          [
            [
              2.238778299123838,
              41.44777925484718
            ],
            [
              2.2387526595718845,
              41.44775784024127
            ],
            [
              2.239543880595994,
              41.4472215823311
            ],
            [
              2.239533702265299,
              41.447180585250145
            ],
            [
              2.2392542733622998,
              41.446947959939386
            ],
            [
              2.2393111210154735,
              41.4469092336764
            ],
            [
              2.2396764249240775,
              41.447213772579175
            ],
            [
              2.23996598478847,
              41.4474594966546
            ],
            [
              2.2400584977236,
              41.447540533448205
            ],
            [
              2.2404229289106437,
              41.447863941080186
            ],
            [
              2.240393718435029,
              41.44788258815512
            ],
            [
              2.2400293963076154,
              41.44755927663104
            ],
            [
              2.2399372211514077,
              41.447478532986274
            ],
            [
              2.2399086057209243,
              41.447497793674366
            ],
            [
              2.239582901821148,
              41.44722178893546
            ],
            [
              2.239577631386384,
              41.4472375234171
            ],
            [
              2.238778299123838,
              41.44777925484718
            ]
          ]
        ]
      },
      "properties": {
        "intersection_id": "5588597067",
        "modes": [
          "CAR",
          "MOTORCYCLE"
        ],
        "stop_line": [
          2.2392969122652238,
          41.44691889768784
        ],
        "waiting_zone_id": "204105893#0_straight"
      }
    },
    {
      "type": "Feature",
      "geometry": {
        "type": "Polygon",
        "coordinates": [
          [
            [
              2.238321025951568,
              41.44612768052443
            ],
            [
              2.238835395464006,
              41.446532021518045
            ],
            [
              2.238807797571062,
              41.44655201016386
            ],
            [
              2.2382938330751467,
              41.446147944655614
            ],
            [
              2.238321025951568,
              41.44612768052443
            ]
          ]
        ]
      },
      "properties": {
        "intersection_id": "30618505",
        "modes": [
          "CAR",
          "MOTORCYCLE"
        ],
        "stop_line": [
          2.2383073634432735,
          41.44613778107749
        ],
        "waiting_zone_id": "204105893#7_straight"
      }
    },
    {
      "type": "Feature",
      "geometry": {
        "type": "Polygon",
        "coordinates": [
          [
            [
              2.2386172183524438,
              41.446444510718145
            ],
            [
              2.2382655994671654,
              41.44616742454679
            ],
            [
              2.2382938330751996,
              41.44614794465535
            ],
            [
              2.23864492304376,
              41.44642460389123
            ],
            [
              2.2386172183524438,
              41.446444510718145
            ]
          ]
        ]
      },
      "properties": {
        "intersection_id": "30618505",
        "modes": [
          "CAR",
          "MOTORCYCLE"
        ],
        "stop_line": [
          2.2382797582057146,
          41.44615771900838
        ],
        "waiting_zone_id": "204105893#7_straight+right"
      }
    },
    {
      "type": "Feature",
      "geometry": {
        "type": "Polygon",
        "coordinates": [
          [
            [
              2.232751346908575,
              41.45121843927136
            ],
            [
              2.2328136755681127,
              41.45125198880076
            ],
            [
              2.2326155432605157,
              41.45146009177323
            ],
            [
              2.232554156625235,
              41.45142553508639
            ],
            [
              2.232751346908575,
              41.45121843927136
            ]
          ]
        ]
      },
      "properties": {
        "intersection_id": "5588597484",
        "modes": [
          "CAR",
          "MOTORCYCLE"
        ],
        "stop_line": [
          2.232600179055263,
          41.45145148590491
        ],
        "waiting_zone_id": "204105894#0_straight"
      }
    },
    {
      "type": "Feature",
      "geometry": {
        "type": "Polygon",
        "coordinates": [
          [
            [
              2.232201545937757,
              41.452516966721646
            ],
            [
              2.2321632890714556,
              41.45251543501452
            ],
            [
              2.2321726568136047,
              41.45238300729332
            ],
            [
              2.2322115711378805,
              41.45224948151204
            ],
            [
              2.232233084897343,
              41.45212679081002
            ],
            [
              2.2322555793221706,
              41.45190152915335
            ],
            [
              2.232284551265,
              41.45179907926193
            ],
            [
              2.2323558028044754,
              41.451636266294
            ],
            [
              2.232516339394071,
              41.451464665064584
            ],
            [
              2.232578958526577,
              41.45149785636081
            ],
            [
              2.232423354409786,
              41.45166419512213
            ],
            [
              2.2323588327168564,
              41.45181329599569
            ],
            [
              2.232331707624607,
              41.45190879008411
            ],
            [
              2.232309404003555,
              41.45213231009194
            ],
            [
              2.2322872171163737,
              41.452258894730775
            ],
            [
              2.2322489747086673,
              41.45238966965012
            ],
            [
              2.2322387254862766,
              41.45253371107567
            ],
            [
              2.2322004699018247,
              41.452532171282776
            ],
            [
              2.232201545937757,
              41.452516966721646
            ]
          ]
        ]
      },
      "properties": {
        "intersection_id": "5588597492",
        "modes": [
          "CAR",
          "MOTORCYCLE"
        ],
        "stop_line": [
          2.232219597693801,
          41.4525329411808
        ],
        "waiting_zone_id": "204105894#2_straight"
      }
    },
    {
      "type": "Feature",
      "geometry": {
        "type": "Polygon",
        "coordinates": [
          [
            [
              2.24791893723908,
              41.44620607299759
            ],
            [
              2.2483166611348673,
              41.446594135156886
            ],
            [
              2.2482866526778147,
              41.446612049428765
            ],
            [
              2.2478886233868502,
              41.44622369332925
            ],
            [
              2.24791893723908,
              41.44620607299759
            ]
          ]
        ]
      },
      "properties": {
        "intersection_id": "599378073",
        "modes": [
          "CAR",
          "MOTORCYCLE"
        ],
        "stop_line": [
          2.248301625542429,
          41.44660306254986
        ],
        "waiting_zone_id": "204492449#10_straight"
      }
    },
    {
      "type": "Feature",
      "geometry": {
        "type": "Polygon",
        "coordinates": [
          [
            [
              2.2408764610126837,
              41.443107386202776
            ],
            [
              2.241323430756162,
              41.44347809976745
            ],
            [
              2.2412951328103197,
              41.44349752594634
            ],
            [
              2.240848141762092,
              41.44312679411751
            ],
            [
              2.2408764610126837,
              41.443107386202776
            ]
          ]
        ]
      },
      "properties": {
        "intersection_id": "279317608",
        "modes": [
          "CAR",
          "MOTORCYCLE"
        ],
        "stop_line": [
          2.241309243896309,
          41.443487781610386
        ],
        "waiting_zone_id": "204492451#7_straight+left"
      }
    },
    {
      "type": "Feature",
      "geometry": {
        "type": "Polygon",
        "coordinates": [
          [
            [
              2.236161183197539,
              41.447949357068275
            ],
            [
              2.236657282696291,
              41.448378881942745
            ],
            [
              2.2365996719878916,
              41.44841678934448
            ],
            [
              2.236103316326099,
              41.447987167945364
            ],
            [
              2.236161183197539,
              41.447949357068275
            ]
          ]
        ]
      },
      "properties": {
        "intersection_id": "5588597315",
        "modes": [
          "CAR",
          "MOTORCYCLE"
        ],
        "stop_line": [
          2.2366140477354,
          41.44840729906322
        ],
        "waiting_zone_id": "204492452#0_straight"
      }
    },
    {
      "type": "Feature",
      "geometry": {
        "type": "Polygon",
        "coordinates": [
          [
            [
              2.244394558490279,
              41.44604419085257
            ],
            [
              2.2445318893811828,
              41.44616560516011
            ],
            [
              2.244502723490374,
              41.44618429141172
            ],
            [
              2.244365376024098,
              41.44606286254898
            ],
            [
              2.244394558490279,
              41.44604419085257
            ]
          ]
        ]
      },
      "properties": {
        "intersection_id": "279319221",
        "modes": [
          "CAR",
          "MOTORCYCLE"
        ],
        "stop_line": [
          2.2445173064378667,
          41.44617494828687
        ],
        "waiting_zone_id": "204492453#15_straight+left"
      }
    },
    {
      "type": "Feature",
      "geometry": {
        "type": "Polygon",
        "coordinates": [
          [
            [
              2.231811737589197,
              41.44595913336847
            ],
            [
              2.2318417648272253,
              41.44597702989114
            ],
            [
              2.231805600151792,
              41.446012597462015
            ],
            [
              2.2317751599794846,
              41.445995099904096
            ],
            [
              2.231811737589197,
              41.44595913336847
            ]
          ]
        ]
      },
      "properties": {
        "intersection_id": "910662220",
        "modes": [
          "CAR",
          "MOTORCYCLE"
        ],
        "stop_line": [
          2.231826750933344,
          41.44596808195351
        ],
        "waiting_zone_id": "204940722#4_straight"
      }
    },
    {
      "type": "Feature",
      "geometry": {
        "type": "Polygon",
        "coordinates": [
          [
            [
              2.2302667119844686,
              41.45315552718579
            ],
            [
              2.230275702652956,
              41.45318354459388
            ],
            [
              2.2300936230441533,
              41.45321663357667
            ],
            [
              2.2300845388577026,
              41.453188633543576
            ],
            [
              2.2302667119844686,
              41.45315552718579
            ]
          ]
        ]
      },
      "properties": {
        "intersection_id": "5588597488",
        "modes": [
          "CAR",
          "MOTORCYCLE"
        ],
        "stop_line": [
          2.2300890810421614,
          41.45320263351796
        ],
        "waiting_zone_id": "204944513#0_straight"
      }
    },
    {
      "type": "Feature",
      "geometry": {
        "type": "Polygon",
        "coordinates": [
          [
            [
              2.236134546859843,
              41.43846064726992
            ],
            [
              2.2361575630190558,
              41.43848368622359
            ],
            [
              2.2358855970427207,
              41.43863752883909
            ],
            [
              2.2357666190290075,
              41.43870396560739
            ],
            [
              2.235743713787416,
              41.438680864261194
            ],
            [
              2.236134546859843,
              41.43846064726992
            ]
          ]
        ]
      },
      "properties": {
        "intersection_id": "5588596937",
        "modes": [
          "CAR",
          "MOTORCYCLE"
        ],
        "stop_line": [
          2.2357551664061877,
          41.43869241493486
        ],
        "waiting_zone_id": "206019954#2_straight"
      }
    },
    {
      "type": "Feature",
      "geometry": {
        "type": "Polygon",
        "coordinates": [
          [
            [
              2.2355901198628607,
              41.43877797903575
            ],
            [
              2.2356131793228387,
              41.438800993163795
            ],
            [
              2.2355477465792015,
              41.43883811943921
            ],
            [
              2.2355246871295957,
              41.43881510529827
            ],
            [
              2.2355901198628607,
              41.43877797903575
            ]
          ]
        ]
      },
      "properties": {
        "intersection_id": "5588596935",
        "modes": [
          "CAR",
          "MOTORCYCLE"
        ],
        "stop_line": [
          2.235536216852368,
          41.43882661236932
        ],
        "waiting_zone_id": "206019954#5_straight"
      }
    },
    {
      "type": "Feature",
      "geometry": {
        "type": "Polygon",
        "coordinates": [
          [
            [
              2.2335883495822246,
              41.43997507855482
            ],
            [
              2.234254508329849,
              41.43956971275342
            ],
            [
              2.2342785921291313,
              41.43959212506044
            ],
            [
              2.233611508705347,
              41.43999814328382
            ],
            [
              2.233586138129879,
              41.43997655005051
            ],
            [
              2.2335883495822246,
              41.43997507855482
            ]
          ]
        ]
      },
      "properties": {
        "intersection_id": "2160215028",
        "modes": [
          "CAR",
          "MOTORCYCLE"
        ],
        "stop_line": [
          2.2335988232534607,
          41.43998734655227
        ],
        "waiting_zone_id": "206019954#7_straight"
      }
    },
    {
      "type": "Feature",
      "geometry": {
        "type": "Polygon",
        "coordinates": [
          [
            [
              2.245029253439171,
              41.445374364527865
            ],
            [
              2.2449944588414894,
              41.445362307598444
            ],
            [
              2.2452643345969396,
              41.44492911364187
            ],
            [
              2.245340070318063,
              41.444835166567685
            ],
            [
              2.2454147395847666,
              41.444756271089126
            ],
            [
              2.245889268534028,
              41.44439485155
            ],
            [
              2.2459165194779667,
              41.44441510777754
            ],
            [
              2.2454430835560673,
              41.44477569510361
            ],
            [
              2.245397315024984,
              41.44482420802128
            ],
            [
              2.2454211036494063,
              41.444821965381536
            ],
            [
              2.2454399660578517,
              41.444828721286626
            ],
            [
              2.245410868490419,
              41.44484592469676
            ],
            [
              2.245425867203804,
              41.44485056463268
            ],
            [
              2.2453680841823784,
              41.444856012511536
            ],
            [
              2.2452985825426026,
              41.44494204783178
            ],
            [
              2.245029253439171,
              41.445374364527865
            ]
          ]
        ]
      },
      "properties": {
        "intersection_id": "279317123",
        "modes": [
          "CAR",
          "MOTORCYCLE"
        ],
        "stop_line": [
          2.245011856138704,
          41.445368336064455
        ],
        "waiting_zone_id": "206157394#5_straight+left"
      }
    },
    {
      "type": "Feature",
      "geometry": {
        "type": "Polygon",
        "coordinates": [
          [
            [
              2.2467664733837283,
              41.447815490616904
            ],
            [
              2.246827254795904,
              41.44785067351176
            ],
            [
              2.246735595416707,
              41.44794005766304
            ],
            [
              2.246674933679702,
              41.44790487550392
            ],
            [
              2.2467664733837283,
              41.447815490616904
            ]
          ]
        ]
      },
      "properties": {
        "intersection_id": "303088951",
        "modes": [
          "CAR",
          "MOTORCYCLE"
        ],
        "stop_line": [
          2.2467816462802332,
          41.44782428664696
        ],
        "waiting_zone_id": "206157395#0_straight"
      }
    },
    {
      "type": "Feature",
      "geometry": {
        "type": "Polygon",
        "coordinates": [
          [
            [
              2.2471962095647537,
              41.44754504858235
            ],
            [
              2.247167480235223,
              41.447525982781485
            ],
            [
              2.247169107693281,
              41.447524678883134
            ],
            [
              2.247197781373069,
              41.44754370775252
            ],
            [
              2.2471962095647537,
              41.44754504858235
            ]
          ]
        ]
      },
      "properties": {
        "intersection_id": "247876197",
        "modes": [
          "CAR",
          "MOTORCYCLE"
        ],
        "stop_line": [
          2.2471834167062523,
          41.44753417485317
        ],
        "waiting_zone_id": "206157395#3_straight"
      }
    },
    {
      "type": "Feature",
      "geometry": {
        "type": "Polygon",
        "coordinates": [
          [
            [
              2.247167465912036,
              41.447525979084766
            ],
            [
              2.2471396890111284,
              41.4475061304583
            ],
            [
              2.2471413382334715,
              41.44750482436416
            ],
            [
              2.2471691151343367,
              41.447524672990234
            ],
            [
              2.247167465912036,
              41.447525979084766
            ]
          ]
        ]
      },
      "properties": {
        "intersection_id": "247876197",
        "modes": [
          "CAR",
          "MOTORCYCLE"
        ],
        "stop_line": [
          2.247155226247822,
          41.44751474857561
        ],
        "waiting_zone_id": "206157395#3_right"
      }
    },
    {
      "type": "Feature",
      "geometry": {
        "type": "Polygon",
        "coordinates": [
          [
            [
              2.24603483806087,
              41.4507895332915
            ],
            [
              2.2460438641201375,
              41.45078382769276
            ],
            [
              2.246061126265041,
              41.45078491093127
            ],
            [
              2.246068771357953,
              41.45079166256778
            ],
            [
              2.2460697129625617,
              41.45080050413063
            ],
            [
              2.2460674488131716,
              41.45080465793174
            ],
            [
              2.2457940265994023,
              41.45114139917423
            ],
            [
              2.2457613343886047,
              41.451126373004826
            ],
            [
              2.24603483806087,
              41.4507895332915
            ]
          ]
        ]
      },
      "properties": {
        "intersection_id": "1082798745",
        "modes": [
          "CAR",
          "MOTORCYCLE"
        ],
        "stop_line": [
          2.2460415873540547,
          41.45080866505401
        ],
        "waiting_zone_id": "207314361#3_right"
      }
    },
    {
      "type": "Feature",
      "geometry": {
        "type": "Polygon",
        "coordinates": [
          [
            [
              2.243870328152293,
              41.44743800371168
            ],
            [
              2.2438362153545115,
              41.447424889839695
            ],
            [
              2.2440893326623765,
              41.447055265853464
            ],
            [
              2.244335980104427,
              41.44661383290774
            ],
            [
              2.244371807186764,
              41.446624032276794
            ],
            [
              2.2443332145755326,
              41.446693905290594
            ],
            [
              2.2443954479312573,
              41.44668556605558
            ],
            [
              2.2444128003713457,
              41.44668991442929
            ],
            [
              2.2446890359017755,
              41.44691232067158
            ],
            [
              2.244661048164996,
              41.44693200010982
            ],
            [
              2.244391918362298,
              41.44671531516163
            ],
            [
              2.244315652966295,
              41.44672553484696
            ],
            [
              2.2441243451420205,
              41.44706697319613
            ],
            [
              2.243870328152293,
              41.44743800371168
            ]
          ]
        ]
      },
      "properties": {
        "intersection_id": "279317131",
        "modes": [
          "CAR",
          "MOTORCYCLE"
        ],
        "stop_line": [
          2.243853278539239,
          41.44743143678223
        ],
        "waiting_zone_id": "207322869#5_straight+left"
      }
    },
    {
      "type": "Feature",
      "geometry": {
        "type": "Polygon",
        "coordinates": [
          [
            [
              2.243091614356451,
              41.44792689371834
            ],
            [
              2.2431099252823925,
              41.447952210702674
            ],
            [
              2.2430573492642063,
              41.447973736620014
            ],
            [
              2.2430390383529026,
              41.44794841962752
            ],
            [
              2.243091614356451,
              41.44792689371834
            ]
          ]
        ]
      },
      "properties": {
        "intersection_id": "279311385",
        "modes": [
          "CAR",
          "MOTORCYCLE"
        ],
        "stop_line": [
          2.243048194030994,
          41.447961077932746
        ],
        "waiting_zone_id": "207322869#8_straight+right"
      }
    },
    {
      "type": "Feature",
      "geometry": {
        "type": "Polygon",
        "coordinates": [
          [
            [
              2.2350588056587046,
              41.44147514575533
            ],
            [
              2.2351001188752933,
              41.441507707643844
            ],
            [
              2.235044766707199,
              41.44154751279517
            ],
            [
              2.2350034546800126,
              41.44151495179566
            ],
            [
              2.2350588056587046,
              41.44147514575533
            ]
          ]
        ]
      },
      "properties": {
        "intersection_id": "5588597292",
        "modes": [
          "CAR",
          "MOTORCYCLE"
        ],
        "stop_line": [
          2.235072442799698,
          41.44152761022294
        ],
        "waiting_zone_id": "207322876#0_straight"
      }
    },
    {
      "type": "Feature",
      "geometry": {
        "type": "Polygon",
        "coordinates": [
          [
            [
              2.237451131507525,
              41.443475406245305
            ],
            [
              2.237440364690804,
              41.44346581490866
            ],
            [
              2.237469403107095,
              41.443447825656555
            ],
            [
              2.238097528191202,
              41.44395202955936
            ],
            [
              2.2380696446027217,
              41.443971751327666
            ],
            [
              2.237451131507525,
              41.443475406245305
            ]
          ]
        ]
      },
      "properties": {
        "intersection_id": "302176536",
        "modes": [
          "CAR",
          "MOTORCYCLE"
        ],
        "stop_line": [
          2.238084119540614,
          41.4439623142418
        ],
        "waiting_zone_id": "207322876#10_straight"
      }
    },
    {
      "type": "Feature",
      "geometry": {
        "type": "Polygon",
        "coordinates": [
          [
            [
              2.2373567014501297,
              41.44335735743538
            ],
            [
              2.237382596442773,
              41.44333611841137
            ],
            [
              2.237400646214428,
              41.44334857826354
            ],
            [
              2.2381265763871636,
              41.44393324146184
            ],
            [
              2.2380975281910023,
              41.44395202955938
            ],
            [
              2.237469936483592,
              41.443447495230544
            ],
            [
              2.2373567014501297,
              41.44335735743538
            ]
          ]
        ]
      },
      "properties": {
        "intersection_id": "302176536",
        "modes": [
          "CAR",
          "MOTORCYCLE"
        ],
        "stop_line": [
          2.238112003120654,
          41.4439425924697
        ],
        "waiting_zone_id": "207322876#10_straight+right"
      }
    },
    {
      "type": "Feature",
      "geometry": {
        "type": "Polygon",
        "coordinates": [
          [
            [
              2.239023707224428,
              41.444680577455316
            ],
            [
              2.2390522823511683,
              41.44466138343803
            ],
            [
              2.23948556790033,
              41.44502657033061
            ],
            [
              2.2394562660236557,
              41.4450451355072
            ],
            [
              2.239023707224428,
              41.444680577455316
            ]
          ]
        ]
      },
      "properties": {
        "intersection_id": "30618507",
        "modes": [
          "CAR",
          "MOTORCYCLE"
        ],
        "stop_line": [
          2.2394709169639753,
          41.44503585291998
        ],
        "waiting_zone_id": "207322876#15_straight"
      }
    },
    {
      "type": "Feature",
      "geometry": {
        "type": "Polygon",
        "coordinates": [
          [
            [
              2.2390237057883664,
              41.44468057841993
            ],
            [
              2.2394569723597946,
              41.44504574727853
            ],
            [
              2.239427670466368,
              41.445064312447634
            ],
            [
              2.238995110266879,
              41.4446997552541
            ],
            [
              2.2390237057883664,
              41.44468057841993
            ]
          ]
        ]
      },
      "properties": {
        "intersection_id": "30618507",
        "modes": [
          "CAR",
          "MOTORCYCLE"
        ],
        "stop_line": [
          2.2394423214149897,
          41.44505502986416
        ],
        "waiting_zone_id": "207322876#15_straight+left"
      }
    },
    {
      "type": "Feature",
      "geometry": {
        "type": "Polygon",
        "coordinates": [
          [
            [
              2.2424901656885563,
              41.44849717505392
            ],
            [
              2.2425362894913454,
              41.44852587921681
            ],
            [
              2.242511873289003,
              41.448548088410696
            ],
            [
              2.242485307774399,
              41.44857074012297
            ],
            [
              2.242440433200374,
              41.44854095696903
            ],
            [
              2.2424901656885563,
              41.44849717505392
            ]
          ]
        ]
      },
      "properties": {
        "intersection_id": "5588597319",
        "modes": [
          "CAR",
          "MOTORCYCLE"
        ],
        "stop_line": [
          2.242465531036143,
          41.44851921472745
        ],
        "waiting_zone_id": "207322883#0_straight"
      }
    },
    {
      "type": "Feature",
      "geometry": {
        "type": "Polygon",
        "coordinates": [
          [
            [
              2.242095534271368,
              41.44827805046736
            ],
            [
              2.2421263200703705,
              41.44829343983137
            ],
            [
              2.2424564481337907,
              41.4484775392912
            ],
            [
              2.242411415291564,
              41.448524139943906
            ],
            [
              2.242204777857055,
              41.4484113569211
            ],
            [
              2.2420517605744426,
              41.44832538527577
            ],
            [
              2.242095534271368,
              41.44827805046736
            ]
          ]
        ]
      },
      "properties": {
        "intersection_id": "6119951203",
        "modes": [
          "CAR",
          "MOTORCYCLE"
        ],
        "stop_line": [
          2.2420849347231275,
          41.44829005399971
        ],
        "waiting_zone_id": "207322883#1_straight"
      }
    },
    {
      "type": "Feature",
      "geometry": {
        "type": "Polygon",
        "coordinates": [
          [
            [
              2.247981439037371,
              41.44694500526034
            ],
            [
              2.2479543482171525,
              41.44692462807327
            ],
            [
              2.2479746366547286,
              41.446909357983785
            ],
            [
              2.2482273154011687,
              41.44672215684384
            ],
            [
              2.248256320242586,
              41.44674099719546
            ],
            [
              2.247981439037371,
              41.44694500526034
            ]
          ]
        ]
      },
      "properties": {
        "intersection_id": "5588789860",
        "modes": [
          "CAR",
          "MOTORCYCLE"
        ],
        "stop_line": [
          2.248242115175243,
          41.446731329457705
        ],
        "waiting_zone_id": "207322884#2_straight"
      }
    },
    {
      "type": "Feature",
      "geometry": {
        "type": "Polygon",
        "coordinates": [
          [
            [
              2.2358590943713312,
              41.45399236721574
            ],
            [
              2.23587030789595,
              41.45401992696418
            ],
            [
              2.2358130765010906,
              41.45403310745753
            ],
            [
              2.2358018630091685,
              41.454005546803074
            ],
            [
              2.2358590943713312,
              41.45399236721574
            ]
          ]
        ]
      },
      "properties": {
        "intersection_id": "5588597501",
        "modes": [
          "CAR",
          "MOTORCYCLE"
        ],
        "stop_line": [
          2.2358647011324737,
          41.4540061470901
        ],
        "waiting_zone_id": "207322886_straight"
      }
    },
    {
      "type": "Feature",
      "geometry": {
        "type": "Polygon",
        "coordinates": [
          [
            [
              2.245141366838837,
              41.4501283910723
            ],
            [
              2.245211301986572,
              41.45015181532072
            ],
            [
              2.2451865297521723,
              41.45019278342488
            ],
            [
              2.2451165945697915,
              41.450169359161265
            ],
            [
              2.245141366838837,
              41.4501283910723
            ]
          ]
        ]
      },
      "properties": {
        "intersection_id": "5588596726",
        "modes": [
          "CAR",
          "MOTORCYCLE"
        ],
        "stop_line": [
          2.245151562154629,
          41.45018107129835
        ],
        "waiting_zone_id": "207322888#0_straight"
      }
    },
    {
      "type": "Feature",
      "geometry": {
        "type": "Polygon",
        "coordinates": [
          [
            [
              2.243360518497502,
              41.45288116314184
            ],
            [
              2.243486062714362,
              41.45275537320961
            ],
            [
              2.2435205657588932,
              41.452767900659005
            ],
            [
              2.243428785495976,
              41.45290728963211
            ],
            [
              2.2431918981063306,
              41.45325606904406
            ],
            [
              2.243123279036974,
              41.453230440910815
            ],
            [
              2.243360518497502,
              41.45288116314184
            ]
          ]
        ]
      },
      "properties": {
        "intersection_id": "5588593519",
        "modes": [
          "CAR",
          "MOTORCYCLE"
        ],
        "stop_line": [
          2.243157664914734,
          41.45324313724047
        ],
        "waiting_zone_id": "207322888#14_straight"
      }
    },
    {
      "type": "Feature",
      "geometry": {
        "type": "Polygon",
        "coordinates": [
          [
            [
              2.24481497438655,
              41.45063577143266
            ],
            [
              2.2448838526017214,
              41.45066107239468
            ],
            [
              2.244759270720273,
              41.45085301361214
            ],
            [
              2.2445646350280093,
              41.451146692092735
            ],
            [
              2.2444959955411576,
              41.451121213260905
            ],
            [
              2.24481497438655,
              41.45063577143266
            ]
          ]
        ]
      },
      "properties": {
        "intersection_id": "5588593516",
        "modes": [
          "CAR",
          "MOTORCYCLE"
        ],
        "stop_line": [
          2.244530411250225,
          41.451133807826785
        ],
        "waiting_zone_id": "207322888#3_straight"
      }
    },
    {
      "type": "Feature",
      "geometry": {
        "type": "Polygon",
        "coordinates": [
          [
            [
              2.244330601563674,
              41.45137815380265
            ],
            [
              2.244399498475555,
              41.451403338979574
            ],
            [
              2.2443732929140445,
              41.45144382909665
            ],
            [
              2.2443043947727834,
              41.45141864389606
            ],
            [
              2.244330601563674,
              41.45137815380265
            ]
          ]
        ]
      },
      "properties": {
        "intersection_id": "5588593517",
        "modes": [
          "CAR",
          "MOTORCYCLE"
        ],
        "stop_line": [
          2.244338843747362,
          41.45143123628568
        ],
        "waiting_zone_id": "207322888#7_straight"
      }
    },
    {
      "type": "Feature",
      "geometry": {
        "type": "Polygon",
        "coordinates": [
          [
            [
              2.2439007155112325,
              41.45217781192142
            ],
            [
              2.2438662370850038,
              41.45216524691556
            ],
            [
              2.24431787770899,
              41.451463814007525
            ],
            [
              2.2443525249811964,
              41.45147608069952
            ],
            [
              2.2439007155112325,
              41.45217781192142
            ]
          ]
        ]
      },
      "properties": {
        "intersection_id": "5588593518",
        "modes": [
          "CAR",
          "MOTORCYCLE"
        ],
        "stop_line": [
          2.2438834766574196,
          41.452171529350736
        ],
        "waiting_zone_id": "207322888#8_straight"
      }
    },
    {
      "type": "Feature",
      "geometry": {
        "type": "Polygon",
        "coordinates": [
          [
            [
              2.244283364458912,
              41.45145130824313
            ],
            [
              2.244318070798826,
              41.451463514186145
            ],
            [
              2.24386604382544,
              41.452165393367466
            ],
            [
              2.2438318079350017,
              41.452152460641315
            ],
            [
              2.244283364458912,
              41.45145130824313
            ]
          ]
        ]
      },
      "properties": {
        "intersection_id": "5588593518",
        "modes": [
          "CAR",
          "MOTORCYCLE"
        ],
        "stop_line": [
          2.2438489259832908,
          41.45215892699035
        ],
        "waiting_zone_id": "207322888#8_straight+left"
      }
    },
    {
      "type": "Feature",
      "geometry": {
        "type": "Polygon",
        "coordinates": [
          [
            [
              2.2394324462577093,
              41.44512362289075
            ],
            [
              2.239461387481299,
              41.445142506472806
            ],
            [
              2.239391195603375,
              41.44520340918693
            ],
            [
              2.23936225556011,
              41.44518452649594
            ],
            [
              2.2394324462577093,
              41.44512362289075
            ]
          ]
        ]
      },
      "properties": {
        "intersection_id": "30618506",
        "modes": [
          "CAR",
          "MOTORCYCLE"
        ],
        "stop_line": [
          2.239376725112757,
          41.44519396778631
        ],
        "waiting_zone_id": "208485916#0_straight+right"
      }
    },
    {
      "type": "Feature",
      "geometry": {
        "type": "Polygon",
        "coordinates": [
          [
            [
              2.242116799060954,
              41.44286434493895
            ],
            [
              2.2421455248570696,
              41.44288341198662
            ],
            [
              2.241409804132901,
              41.44349998638492
            ],
            [
              2.241381078285688,
              41.443480919155085
            ],
            [
              2.242116799060954,
              41.44286434493895
            ]
          ]
        ]
      },
      "properties": {
        "intersection_id": "279317608",
        "modes": [
          "CAR",
          "MOTORCYCLE"
        ],
        "stop_line": [
          2.2413954412071893,
          41.44349045277089
        ],
        "waiting_zone_id": "208485918#3_straight+right"
      }
    },
    {
      "type": "Feature",
      "geometry": {
        "type": "Polygon",
        "coordinates": [
          [
            [
              2.249071164307459,
              41.452789583610404
            ],
            [
              2.249096577570087,
              41.45281115206071
            ],
            [
              2.249050977666281,
              41.452841564325446
            ],
            [
              2.2490255643967987,
              41.452819996765896
            ],
            [
              2.249071164307459,
              41.452789583610404
            ]
          ]
        ]
      },
      "properties": {
        "intersection_id": "5588593473",
        "modes": [
          "CAR",
          "MOTORCYCLE"
        ],
        "stop_line": [
          2.249083870786531,
          41.452800367858366
        ],
        "waiting_zone_id": "21259580#0_straight"
      }
    },
    {
      "type": "Feature",
      "geometry": {
        "type": "Polygon",
        "coordinates": [
          [
            [
              2.24972958667254,
              41.452352844464485
            ],
            [
              2.2497432803228397,
              41.45234395066403
            ],
            [
              2.2497672825325403,
              41.45236641501182
            ],
            [
              2.2491503551565577,
              41.45277540491011
            ],
            [
              2.249125021515509,
              41.45275378384743
            ],
            [
              2.24972958667254,
              41.452352844464485
            ]
          ]
        ]
      },
      "properties": {
        "intersection_id": "5588593479",
        "modes": [
          "CAR",
          "MOTORCYCLE"
        ],
        "stop_line": [
          2.2497552814256245,
          41.45235518283854
        ],
        "waiting_zone_id": "21259580#1_straight"
      }
    },
    {
      "type": "Feature",
      "geometry": {
        "type": "Polygon",
        "coordinates": [
          [
            [
              2.2481480404961944,
              41.45422881578377
            ],
            [
              2.248111193045848,
              41.45422092403359
            ],
            [
              2.248144784305529,
              41.4541321501936
            ],
            [
              2.2481486288979613,
              41.45412674834586
            ],
            [
              2.2482962013311827,
              41.453996474538194
            ],
            [
              2.248307835505866,
              41.453991582065335
            ],
            [
              2.248625663444413,
              41.45395438610795
            ],
            [
              2.248637491136756,
              41.45395585771378
            ],
            [
              2.2486458392884896,
              41.45396233093542
            ],
            [
              2.248645054000308,
              41.45398089101886
            ],
            [
              2.248619961869486,
              41.45396995964198
            ],
            [
              2.248640451523558,
              41.45398806149599
            ],
            [
              2.2486279486250904,
              41.4539926015422
            ],
            [
              2.2486166225306716,
              41.453990719770765
            ],
            [
              2.248609822207457,
              41.45398540960836
            ],
            [
              2.2483207485190504,
              41.45401923998812
            ],
            [
              2.2481804906013196,
              41.45414305736798
            ],
            [
              2.2481480404961944,
              41.45422881578377
            ]
          ]
        ]
      },
      "properties": {
        "intersection_id": "228725708",
        "modes": [
          "CAR",
          "MOTORCYCLE"
        ],
        "stop_line": [
          2.248129616769885,
          41.45422486991014
        ],
        "waiting_zone_id": "21259582#0_straight"
      }
    },
    {
      "type": "Feature",
      "geometry": {
        "type": "Polygon",
        "coordinates": [
          [
            [
              2.2480121642207274,
              41.45448839723305
            ],
            [
              2.2480395862888414,
              41.45440842208881
            ],
            [
              2.2480597506783626,
              41.45435734126432
            ],
            [
              2.248096474797446,
              41.45436555108775
            ],
            [
              2.2480456895759726,
              41.45451047021186
            ],
            [
              2.248008018933083,
              41.454505214025616
            ],
            [
              2.2480121642207274,
              41.45448839723305
            ]
          ]
        ]
      },
      "properties": {
        "intersection_id": "228725710",
        "modes": [
          "CAR",
          "MOTORCYCLE"
        ],
        "stop_line": [
          2.2480268736702738,
          41.45450776335034
        ],
        "waiting_zone_id": "21259582#4_straight"
      }
    },
    {
      "type": "Feature",
      "geometry": {
        "type": "Polygon",
        "coordinates": [
          [
            [
              2.2478278343487967,
              41.4553313727178
            ],
            [
              2.247816024650588,
              41.45518427536878
            ],
            [
              2.247826888096524,
              41.45502931416577
            ],
            [
              2.2478589287631654,
              41.454847344841475
            ],
            [
              2.2479565868234515,
              41.454549179026664
            ],
            [
              2.248031119375674,
              41.45456254329009
            ],
            [
              2.2479344203945013,
              41.4548573124323
            ],
            [
              2.247903268404091,
              41.45503409300478
            ],
            [
              2.2478927667431097,
              41.45518324859145
            ],
            [
              2.247904934370358,
              41.45533627425866
            ],
            [
              2.247866689370375,
              41.45533799502681
            ],
            [
              2.24786602563795,
              41.45532963719925
            ],
            [
              2.2478278343487967,
              41.4553313727178
            ]
          ]
        ]
      },
      "properties": {
        "intersection_id": "590815626",
        "modes": [
          "CAR",
          "MOTORCYCLE"
        ],
        "stop_line": [
          2.247866383511807,
          41.45533381906841
        ],
        "waiting_zone_id": "21259582#5_straight"
      }
    },
    {
      "type": "Feature",
      "geometry": {
        "type": "Polygon",
        "coordinates": [
          [
            [
              2.2457326729514304,
              41.44928290189693
            ],
            [
              2.245785737800109,
              41.4493037390369
            ],
            [
              2.245768013109862,
              41.449329291315486
            ],
            [
              2.2457149482462753,
              41.4493084541673
            ],
            [
              2.2457326729514304,
              41.44928290189693
            ]
          ]
        ]
      },
      "properties": {
        "intersection_id": "5588596727",
        "modes": [
          "CAR",
          "MOTORCYCLE"
        ],
        "stop_line": [
          2.2457768751537595,
          41.449316515421465
        ],
        "waiting_zone_id": "21292135#0_straight"
      }
    },
    {
      "type": "Feature",
      "geometry": {
        "type": "Polygon",
        "coordinates": [
          [
            [
              2.2519002057513737,
              41.452994366816675
            ],
            [
              2.2519280468543945,
              41.4530141660593
            ],
            [
              2.251518519106397,
              41.453340027477815
            ],
            [
              2.251490738409498,
              41.45332017989009
            ],
            [
              2.2519002057513737,
              41.452994366816675
            ]
          ]
        ]
      },
      "properties": {
        "intersection_id": "6228277563",
        "modes": [
          "CAR",
          "MOTORCYCLE"
        ],
        "stop_line": [
          2.251504628755829,
          41.45333010368478
        ],
        "waiting_zone_id": "21562715#3_straight"
      }
    },
    {
      "type": "Feature",
      "geometry": {
        "type": "Polygon",
        "coordinates": [
          [
            [
              2.251040150928591,
              41.457856157347614
            ],
            [
              2.2510745325613812,
              41.45780466327254
            ],
            [
              2.2511664151877104,
              41.45783939148069
            ],
            [
              2.2516231044869617,
              41.45797586077769
            ],
            [
              2.2533407089762085,
              41.458368381489215
            ],
            [
              2.253312545547448,
              41.45842217026066
            ],
            [
              2.2515985547323774,
              41.458030473400754
            ],
            [
              2.251135743047196,
              41.457892234724305
            ],
            [
              2.251040150928591,
              41.457856157347614
            ]
          ]
        ]
      },
      "properties": {
        "intersection_id": "5568932119",
        "modes": [
          "CAR",
          "MOTORCYCLE"
        ],
        "stop_line": [
          2.2533266155963463,
          41.45839527328865
        ],
        "waiting_zone_id": "217990229#1_straight"
      }
    },
    {
      "type": "Feature",
      "geometry": {
        "type": "Polygon",
        "coordinates": [
          [
            [
              2.2398951846475095,
              41.44557582025627
            ],
            [
              2.2401579982799116,
              41.445728651796856
            ],
            [
              2.2401347461952814,
              41.44575155725564
            ],
            [
              2.2398717589162676,
              41.44559862543318
            ],
            [
              2.2398951846475095,
              41.44557582025627
            ]
          ]
        ]
      },
      "properties": {
        "intersection_id": "6141567718",
        "modes": [
          "CAR",
          "MOTORCYCLE"
        ],
        "stop_line": [
          2.2401463722396473,
          41.44574010452686
        ],
        "waiting_zone_id": "238872783#3_straight"
      }
    },
    {
      "type": "Feature",
      "geometry": {
        "type": "Polygon",
        "coordinates": [
          [
            [
              2.2368990390742574,
              41.44493444026128
            ],
            [
              2.2369277642271057,
              41.44495350859984
            ],
            [
              2.2368881787747568,
              41.44498726981578
            ],
            [
              2.236859453618906,
              41.44496820146741
            ],
            [
              2.2368990390742574,
              41.44493444026128
            ]
          ]
        ]
      },
      "properties": {
        "intersection_id": "5588597076",
        "modes": [
          "CAR",
          "MOTORCYCLE"
        ],
        "stop_line": [
          2.236913401648576,
          41.444943974431446
        ],
        "waiting_zone_id": "238872792#0_straight"
      }
    },
    {
      "type": "Feature",
      "geometry": {
        "type": "Polygon",
        "coordinates": [
          [
            [
              2.2375160690374263,
              41.44444351697044
            ],
            [
              2.2375439709707137,
              41.444463265166505
            ],
            [
              2.2372404258847642,
              41.44470605892887
            ],
            [
              2.2369664260809388,
              41.44492255606893
            ],
            [
              2.2369386848426887,
              41.44490267999381
            ],
            [
              2.2375160690374263,
              41.44444351697044
            ]
          ]
        ]
      },
      "properties": {
        "intersection_id": "5588596745",
        "modes": [
          "CAR",
          "MOTORCYCLE"
        ],
        "stop_line": [
          2.2375300199598964,
          41.44445339108167
        ],
        "waiting_zone_id": "238872792#1_straight"
      }
    },
    {
      "type": "Feature",
      "geometry": {
        "type": "Polygon",
        "coordinates": [
          [
            [
              2.2395509212895015,
              41.445021499720205
            ],
            [
              2.2401565411402,
              41.44450004615951
            ],
            [
              2.2401852670693483,
              41.44451911369254
            ],
            [
              2.239560980275185,
              41.44505710777423
            ],
            [
              2.2395323751973,
              41.44503793820101
            ],
            [
              2.2395509212895015,
              41.445021499720205
            ]
          ]
        ]
      },
      "properties": {
        "intersection_id": "30618507",
        "modes": [
          "CAR",
          "MOTORCYCLE"
        ],
        "stop_line": [
          2.239546778073352,
          41.445047438219284
        ],
        "waiting_zone_id": "238872795#3_straight+right"
      }
    },
    {
      "type": "Feature",
      "geometry": {
        "type": "Polygon",
        "coordinates": [
          [
            [
              2.2422600651279248,
              41.45833944321895
            ],
            [
              2.2430361433960107,
              41.45860063202684
            ],
            [
              2.243004951196501,
              41.458653220154424
            ],
            [
              2.242228786093318,
              41.45839204227508
            ],
            [
              2.2422600651279248,
              41.45833944321895
            ]
          ]
        ]
      },
      "properties": {
        "intersection_id": "5586016687",
        "modes": [
          "CAR",
          "MOTORCYCLE"
        ],
        "stop_line": [
          2.2430205217243273,
          41.45862691780371
        ],
        "waiting_zone_id": "239297078#1_straight"
      }
    },
    {
      "type": "Feature",
      "geometry": {
        "type": "Polygon",
        "coordinates": [
          [
            [
              2.2406964834761833,
              41.457256220136834
            ],
            [
              2.2407161806727816,
              41.457231498675434
            ],
            [
              2.241113503919231,
              41.45741065706052
            ],
            [
              2.2411880032223888,
              41.45738974418817
            ],
            [
              2.2414439163327504,
              41.45674602319583
            ],
            [
              2.2415171873512176,
              41.456763044876105
            ],
            [
              2.2412586924806144,
              41.457413010961545
            ],
            [
              2.241222019371302,
              41.45740476956948
            ],
            [
              2.241210605750996,
              41.45741406290117
            ],
            [
              2.241119777645068,
              41.457440576068564
            ],
            [
              2.241093865178034,
              41.45743540509657
            ],
            [
              2.2406964834761833,
              41.457256220136834
            ]
          ]
        ]
      },
      "properties": {
        "intersection_id": "590815556",
        "modes": [
          "CAR",
          "MOTORCYCLE"
        ],
        "stop_line": [
          2.2414805408188085,
          41.4567545601713
        ],
        "waiting_zone_id": "239297081#2_straight"
      }
    },
    {
      "type": "Feature",
      "geometry": {
        "type": "Polygon",
        "coordinates": [
          [
            [
              2.241801019338547,
              41.455809799412926
            ],
            [
              2.2418744206361096,
              41.45582614166469
            ],
            [
              2.2418549294680967,
              41.455875811653286
            ],
            [
              2.2417814157907863,
              41.455859450633554
            ],
            [
              2.241801019338547,
              41.455809799412926
            ]
          ]
        ]
      },
      "properties": {
        "intersection_id": "5588597528",
        "modes": [
          "CAR",
          "MOTORCYCLE"
        ],
        "stop_line": [
          2.2418377199826423,
          41.45581797054462
        ],
        "waiting_zone_id": "239297081#4_straight"
      }
    },
    {
      "type": "Feature",
      "geometry": {
        "type": "Polygon",
        "coordinates": [
          [
            [
              2.2425075593588675,
              41.45419344985771
            ],
            [
              2.242471143544724,
              41.45418474307127
            ],
            [
              2.2424926692088554,
              41.454134034291975
            ],
            [
              2.242529068559626,
              41.454142779795
            ],
            [
              2.2425075593588675,
              41.45419344985771
            ]
          ]
        ]
      },
      "properties": {
        "intersection_id": "2136574916",
        "modes": [
          "CAR",
          "MOTORCYCLE"
        ],
        "stop_line": [
          2.2425109171664515,
          41.45413841854182
        ],
        "waiting_zone_id": "239297081#8_straight"
      }
    },
    {
      "type": "Feature",
      "geometry": {
        "type": "Polygon",
        "coordinates": [
          [
            [
              2.2425290849977526,
              41.454142741071415
            ],
            [
              2.242565580295757,
              41.454151509613354
            ],
            [
              2.24254405587944,
              41.45420221841445
            ],
            [
              2.2425076563850013,
              41.454193473168935
            ],
            [
              2.2425290849977526,
              41.454142741071415
            ]
          ]
        ]
      },
      "properties": {
        "intersection_id": "2136574916",
        "modes": [
          "CAR",
          "MOTORCYCLE"
        ],
        "stop_line": [
          2.2425473329603203,
          41.4541471253155
        ],
        "waiting_zone_id": "239297081#8_straight+partial_left"
      }
    },
    {
      "type": "Feature",
      "geometry": {
        "type": "Polygon",
        "coordinates": [
          [
            [
              2.2420421629633753,
              41.4584650762146
            ],
            [
              2.2421159097687866,
              41.45847853731181
            ],
            [
              2.2421008818307304,
              41.45852213059404
            ],
            [
              2.2420264329561053,
              41.45850849552154
            ],
            [
              2.2420421629633753,
              41.4584650762146
            ]
          ]
        ]
      },
      "properties": {
        "intersection_id": "5586016705",
        "modes": [
          "CAR",
          "MOTORCYCLE"
        ],
        "stop_line": [
          2.2420823384099906,
          41.458518512892745
        ],
        "waiting_zone_id": "239297086#0_straight"
      }
    },
    {
      "type": "Feature",
      "geometry": {
        "type": "Polygon",
        "coordinates": [
          [
            [
              2.241350126105317,
              41.460708308951936
            ],
            [
              2.241384533029669,
              41.46071443060182
            ],
            [
              2.2412091931578217,
              41.46126114842101
            ],
            [
              2.2411719337851785,
              41.461254428102535
            ],
            [
              2.241350126105317,
              41.460708308951936
            ]
          ]
        ]
      },
      "properties": {
        "intersection_id": "1027024463",
        "modes": [
          "CAR",
          "MOTORCYCLE"
        ],
        "stop_line": [
          2.2411905649370327,
          41.46125778366163
        ],
        "waiting_zone_id": "239297086#16_straight"
      }
    },
    {
      "type": "Feature",
      "geometry": {
        "type": "Polygon",
        "coordinates": [
          [
            [
              2.2411718972778294,
              41.46125437561843
            ],
            [
              2.241134670177641,
              41.461247558220116
            ],
            [
              2.2413099772901286,
              41.46070103035522
            ],
            [
              2.2415068387252117,
              41.46010727698599
            ],
            [
              2.241544030411254,
              41.46011420392099
            ],
            [
              2.2411718972778294,
              41.46125437561843
            ]
          ]
        ]
      },
      "properties": {
        "intersection_id": "1027024463",
        "modes": [
          "CAR",
          "MOTORCYCLE"
        ],
        "stop_line": [
          2.2411532916245083,
          41.46125094251803
        ],
        "waiting_zone_id": "239297086#16_straight+left"
      }
    },
    {
      "type": "Feature",
      "geometry": {
        "type": "Polygon",
        "coordinates": [
          [
            [
              2.2390842904749566,
              41.464298898244664
            ],
            [
              2.2392317878486727,
              41.46416046164977
            ],
            [
              2.2395555227543733,
              41.463825016230636
            ],
            [
              2.2397715342647304,
              41.46368216064306
            ],
            [
              2.239894833694779,
              41.463598622858356
            ],
            [
              2.239941729898106,
              41.463527027467215
            ],
            [
              2.240010439199565,
              41.46355251304831
            ],
            [
              2.2399542585347967,
              41.463635955820386
            ],
            [
              2.239822694980016,
              41.46372507048803
            ],
            [
              2.2396907893352447,
              41.463811456198435
            ],
            [
              2.2400997802624913,
              41.46370347032674
            ],
            [
              2.2401390493217543,
              41.463650781469084
            ],
            [
              2.240172473438128,
              41.46366487547605
            ],
            [
              2.2401296521802627,
              41.46372233012041
            ],
            [
              2.2401192415016338,
              41.4637288926042
            ],
            [
              2.239866458178555,
              41.463795123901555
            ],
            [
              2.2396140929504114,
              41.46386252566671
            ],
            [
              2.239292975016336,
              41.464195171037275
            ],
            [
              2.239144479545259,
              41.46433458561796
            ],
            [
              2.2390842904749566,
              41.464298898244664
            ]
          ]
        ]
      },
      "properties": {
        "intersection_id": "2590963274",
        "modes": [
          "CAR",
          "MOTORCYCLE"
        ],
        "stop_line": [
          2.2391294188884374,
          41.46432567831063
        ],
        "waiting_zone_id": "239297086#24_straight"
      }
    },
    {
      "type": "Feature",
      "geometry": {
        "type": "Polygon",
        "coordinates": [
          [
            [
              2.2417932795374345,
              41.45936450941746
            ],
            [
              2.241826095324626,
              41.45937040134578
            ],
            [
              2.2416294047215546,
              41.459982727067064
            ],
            [
              2.2415921609258005,
              41.45997596195019
            ],
            [
              2.2417932795374345,
              41.45936450941746
            ]
          ]
        ]
      },
      "properties": {
        "intersection_id": "1277663175",
        "modes": [
          "CAR",
          "MOTORCYCLE"
        ],
        "stop_line": [
          2.2416107828225154,
          41.45997934450989
        ],
        "waiting_zone_id": "239297086#9_straight"
      }
    },
    {
      "type": "Feature",
      "geometry": {
        "type": "Polygon",
        "coordinates": [
          [
            [
              2.2415921159122867,
              41.4599760229041
            ],
            [
              2.24155488951616,
              41.45996920384448
            ],
            [
              2.2417467067525862,
              41.459372151534026
            ],
            [
              2.2417868338522444,
              41.45925069607574
            ],
            [
              2.2419241923194027,
              41.458846590858414
            ],
            [
              2.241961157814373,
              41.45885417010686
            ],
            [
              2.241793279538414,
              41.45936450941721
            ],
            [
              2.241788827051493,
              41.45936370999168
            ],
            [
              2.2415921159122867,
              41.4599760229041
            ]
          ]
        ]
      },
      "properties": {
        "intersection_id": "1277663175",
        "modes": [
          "CAR",
          "MOTORCYCLE"
        ],
        "stop_line": [
          2.2415735107350345,
          41.45997258858995
        ],
        "waiting_zone_id": "239297086#9_straight+left"
      }
    },
    {
      "type": "Feature",
      "geometry": {
        "type": "Polygon",
        "coordinates": [
          [
            [
              2.231987899942203,
              41.44146662618293
            ],
            [
              2.2320233200862827,
              41.4414823050091
            ],
            [
              2.2320469818580477,
              41.44150497076996
            ],
            [
              2.2319880355431034,
              41.44153979635927
            ],
            [
              2.2319408343554596,
              41.44149444580922
            ],
            [
              2.231987899942203,
              41.44146662618293
            ]
          ]
        ]
      },
      "properties": {
        "intersection_id": "5588597298",
        "modes": [
          "CAR",
          "MOTORCYCLE"
        ],
        "stop_line": [
          2.2319644424100185,
          41.4415171168506
        ],
        "waiting_zone_id": "251210579#1_straight"
      }
    },
    {
      "type": "Feature",
      "geometry": {
        "type": "Polygon",
        "coordinates": [
          [
            [
              2.23186276206271,
              41.441540291250426
            ],
            [
              2.2319098717678267,
              41.44158578443967
            ],
            [
              2.2312887296983406,
              41.44195031018882
            ],
            [
              2.2307186395302923,
              41.442262594806856
            ],
            [
              2.23067230000184,
              41.44221668653944
            ],
            [
              2.23186276206271,
              41.441540291250426
            ]
          ]
        ]
      },
      "properties": {
        "intersection_id": "6033236615",
        "modes": [
          "CAR",
          "MOTORCYCLE"
        ],
        "stop_line": [
          2.2307070570386696,
          41.44225111753257
        ],
        "waiting_zone_id": "251210579#2_straight"
      }
    },
    {
      "type": "Feature",
      "geometry": {
        "type": "Polygon",
        "coordinates": [
          [
            [
              2.234876643157337,
              41.4414119000613
            ],
            [
              2.234935588798948,
              41.441459949585315
            ],
            [
              2.2348510697430832,
              41.441518567275395
            ],
            [
              2.234792188079734,
              41.4414704730969
            ],
            [
              2.234876643157337,
              41.4414119000613
            ]
          ]
        ]
      },
      "properties": {
        "intersection_id": "5588597294",
        "modes": [
          "CAR",
          "MOTORCYCLE"
        ],
        "stop_line": [
          2.2348062738065924,
          41.44146070888948
        ],
        "waiting_zone_id": "251211577#0_straight"
      }
    },
    {
      "type": "Feature",
      "geometry": {
        "type": "Polygon",
        "coordinates": [
          [
            [
              2.2337338995487475,
              41.44224143324687
            ],
            [
              2.2337577900305767,
              41.44226396326481
            ],
            [
              2.2337110063603984,
              41.44229205120932
            ],
            [
              2.2336871158741465,
              41.44226952208251
            ],
            [
              2.2337338995487475,
              41.44224143324687
            ]
          ]
        ]
      },
      "properties": {
        "intersection_id": "5588597274",
        "modes": [
          "CAR",
          "MOTORCYCLE"
        ],
        "stop_line": [
          2.2337458444640172,
          41.44225269808742
        ],
        "waiting_zone_id": "251211578#1_straight"
      }
    },
    {
      "type": "Feature",
      "geometry": {
        "type": "Polygon",
        "coordinates": [
          [
            [
              2.2348858593344807,
              41.441549772564684
            ],
            [
              2.234909297935744,
              41.4415725695643
            ],
            [
              2.234439400237188,
              41.44185767806733
            ],
            [
              2.234415351719073,
              41.441835244417895
            ],
            [
              2.2348858593344807,
              41.441549772564684
            ]
          ]
        ]
      },
      "properties": {
        "intersection_id": "5588597293",
        "modes": [
          "CAR",
          "MOTORCYCLE"
        ],
        "stop_line": [
          2.234897578633068,
          41.441561171065075
        ],
        "waiting_zone_id": "251211578#4_straight"
      }
    },
    {
      "type": "Feature",
      "geometry": {
        "type": "Polygon",
        "coordinates": [
          [
            [
              2.235116570422647,
              41.441387886500785
            ],
            [
              2.235141106144561,
              41.441410020594596
            ],
            [
              2.2350827388701506,
              41.44144665311267
            ],
            [
              2.235058203154648,
              41.44142451900662
            ],
            [
              2.235116570422647,
              41.441387886500785
            ]
          ]
        ]
      },
      "properties": {
        "intersection_id": "5588597291",
        "modes": [
          "CAR",
          "MOTORCYCLE"
        ],
        "stop_line": [
          2.2351288382815238,
          41.44139895354834
        ],
        "waiting_zone_id": "251211579#0_straight"
      }
    },
    {
      "type": "Feature",
      "geometry": {
        "type": "Polygon",
        "coordinates": [
          [
            [
              2.238556829493674,
              41.43934557782241
            ],
            [
              2.2385798926235685,
              41.43936858957864
            ],
            [
              2.2385315719652668,
              41.43939601268973
            ],
            [
              2.238508508843026,
              41.439373000923965
            ],
            [
              2.238556829493674,
              41.43934557782241
            ]
          ]
        ]
      },
      "properties": {
        "intersection_id": "5588597282",
        "modes": [
          "CAR",
          "MOTORCYCLE"
        ],
        "stop_line": [
          2.238568361056591,
          41.43935708370109
        ],
        "waiting_zone_id": "251211579#12_straight"
      }
    },
    {
      "type": "Feature",
      "geometry": {
        "type": "Polygon",
        "coordinates": [
          [
            [
              2.23978674600106,
              41.438648095381545
            ],
            [
              2.239809590017762,
              41.438671231550686
            ],
            [
              2.23861808694681,
              41.439346866896976
            ],
            [
              2.23859503344938,
              41.439323849807586
            ],
            [
              2.23978674600106,
              41.438648095381545
            ]
          ]
        ]
      },
      "properties": {
        "intersection_id": "5588597281",
        "modes": [
          "CAR",
          "MOTORCYCLE"
        ],
        "stop_line": [
          2.2397981680073897,
          41.43865966346668
        ],
        "waiting_zone_id": "251211579#13_straight"
      }
    },
    {
      "type": "Feature",
      "geometry": {
        "type": "Polygon",
        "coordinates": [
          [
            [
              2.2371133639830174,
              41.44018361091734
            ],
            [
              2.2371363618135014,
              41.44020666035755
            ],
            [
              2.2364358205455366,
              41.44060585529376
            ],
            [
              2.236412695084947,
              41.440582878729145
            ],
            [
              2.2371133639830174,
              41.44018361091734
            ]
          ]
        ]
      },
      "properties": {
        "intersection_id": "5588597289",
        "modes": [
          "CAR",
          "MOTORCYCLE"
        ],
        "stop_line": [
          2.23712486273324,
          41.44019513578273
        ],
        "waiting_zone_id": "251211579#4_straight"
      }
    },
    {
      "type": "Feature",
      "geometry": {
        "type": "Polygon",
        "coordinates": [
          [
            [
              2.237327096753785,
              41.44014033043497
            ],
            [
              2.2373930355342897,
              41.440195277939516
            ],
            [
              2.237364750922002,
              41.440214713159456
            ],
            [
              2.2372986449712498,
              41.44015962851812
            ],
            [
              2.237327096753785,
              41.44014033043497
            ]
          ]
        ]
      },
      "properties": {
        "intersection_id": "5588597287",
        "modes": [
          "CAR",
          "MOTORCYCLE"
        ],
        "stop_line": [
          2.2373788931111975,
          41.44020499591271
        ],
        "waiting_zone_id": "251211579#7+25627876#19_straight"
      }
    },
    {
      "type": "Feature",
      "geometry": {
        "type": "Polygon",
        "coordinates": [
          [
            [
              2.238328807624649,
              41.43947036627896
            ],
            [
              2.238352531157021,
              41.439492995132404
            ],
            [
              2.237385083948235,
              41.440066223262484
            ],
            [
              2.2373613894653017,
              41.44004357819114
            ],
            [
              2.238328807624649,
              41.43947036627896
            ]
          ]
        ]
      },
      "properties": {
        "intersection_id": "5588597285",
        "modes": [
          "CAR",
          "MOTORCYCLE"
        ],
        "stop_line": [
          2.2383406693887804,
          41.4394816807063
        ],
        "waiting_zone_id": "251211579#9_straight"
      }
    },
    {
      "type": "Feature",
      "geometry": {
        "type": "Polygon",
        "coordinates": [
          [
            [
              2.2359465290051976,
              41.443419107508284
            ],
            [
              2.2367041182991687,
              41.44380091804791
            ],
            [
              2.236835858467397,
              41.44386975324202
            ],
            [
              2.2376168206686713,
              41.44428522049751
            ],
            [
              2.237572569015163,
              41.44433223070086
            ],
            [
              2.2367918132259055,
              41.44391690052953
            ],
            [
              2.2359252129035316,
              41.44344305543359
            ],
            [
              2.2359465290051976,
              41.443419107508284
            ]
          ]
        ]
      },
      "properties": {
        "intersection_id": "5588596747",
        "modes": [
          "CAR",
          "MOTORCYCLE"
        ],
        "stop_line": [
          2.2375945727752367,
          41.44430866056014
        ],
        "waiting_zone_id": "251411998#1_straight"
      }
    },
    {
      "type": "Feature",
      "geometry": {
        "type": "Polygon",
        "coordinates": [
          [
            [
              2.2377508690809633,
              41.44435747475176
            ],
            [
              2.2378033123270966,
              41.44438637041856
            ],
            [
              2.23778068070978,
              41.444409624502036
            ],
            [
              2.2377282374447325,
              41.44438072972561
            ],
            [
              2.2377508690809633,
              41.44435747475176
            ]
          ]
        ]
      },
      "properties": {
        "intersection_id": "5588596746",
        "modes": [
          "CAR",
          "MOTORCYCLE"
        ],
        "stop_line": [
          2.23779199646367,
          41.444397997457344
        ],
        "waiting_zone_id": "251411998#4_straight"
      }
    },
    {
      "type": "Feature",
      "geometry": {
        "type": "Polygon",
        "coordinates": [
          [
            [
              2.238345895626438,
              41.44468514245576
            ],
            [
              2.2392845788781126,
              41.445190518936975
            ],
            [
              2.2392623900279194,
              41.445214013132855
            ],
            [
              2.2383236043039467,
              41.44470858174917
            ],
            [
              2.238345895626438,
              41.44468514245576
            ]
          ]
        ]
      },
      "properties": {
        "intersection_id": "30618506",
        "modes": [
          "CAR",
          "MOTORCYCLE"
        ],
        "stop_line": [
          2.23927347604606,
          41.44520226153926
        ],
        "waiting_zone_id": "251411998#8_straight"
      }
    },
    {
      "type": "Feature",
      "geometry": {
        "type": "Polygon",
        "coordinates": [
          [
            [
              2.2383235945803586,
              41.44470859429521
            ],
            [
              2.2392623398580795,
              41.445214003793645
            ],
            [
              2.239240027258666,
              41.44523743231317
            ],
            [
              2.2383013032417525,
              41.44473203358405
            ],
            [
              2.2383235945803586,
              41.44470859429521
            ]
          ]
        ]
      },
      "properties": {
        "intersection_id": "30618506",
        "modes": [
          "CAR",
          "MOTORCYCLE"
        ],
        "stop_line": [
          2.239251183560387,
          41.445225718053976
        ],
        "waiting_zone_id": "251411998#8_left"
      }
    },
    {
      "type": "Feature",
      "geometry": {
        "type": "Polygon",
        "coordinates": [
          [
            [
              2.2424016944527505,
              41.446351439586785
            ],
            [
              2.242428544148296,
              41.446371998442345
            ],
            [
              2.241783136815941,
              41.446886937790374
            ],
            [
              2.2417553618453,
              41.44686708787776
            ],
            [
              2.2424016944527505,
              41.446351439586785
            ]
          ]
        ]
      },
      "properties": {
        "intersection_id": "30618555",
        "modes": [
          "CAR",
          "MOTORCYCLE"
        ],
        "stop_line": [
          2.2417692920578975,
          41.44687697898785
        ],
        "waiting_zone_id": "25627161#10_right"
      }
    },
    {
      "type": "Feature",
      "geometry": {
        "type": "Polygon",
        "coordinates": [
          [
            [
              2.233461157160295,
              41.44215559025953
            ],
            [
              2.2334362970986703,
              41.44217751806361
            ],
            [
              2.233271391055264,
              41.442071662516796
            ],
            [
              2.2332962511309256,
              41.44204973474794
            ],
            [
              2.233461157160295,
              41.44215559025953
            ]
          ]
        ]
      },
      "properties": {
        "intersection_id": "13939153982",
        "modes": [
          "CAR",
          "MOTORCYCLE"
        ],
        "stop_line": [
          2.233448727131519,
          41.44216655416225
        ],
        "waiting_zone_id": "25627327#0_straight+left"
      }
    },
    {
      "type": "Feature",
      "geometry": {
        "type": "Polygon",
        "coordinates": [
          [
            [
              2.23346113723942,
              41.44215557747208
            ],
            [
              2.233296251130962,
              41.44204973474789
            ],
            [
              2.2333210486508643,
              41.442027831777665
            ],
            [
              2.2334859546661607,
              41.44213368725384
            ],
            [
              2.23346113723942,
              41.44215557747208
            ]
          ]
        ]
      },
      "properties": {
        "intersection_id": "13939153982",
        "modes": [
          "CAR",
          "MOTORCYCLE"
        ],
        "stop_line": [
          2.233473524645752,
          41.44214465115944
        ],
        "waiting_zone_id": "25627327#0_straight+right"
      }
    },
    {
      "type": "Feature",
      "geometry": {
        "type": "Polygon",
        "coordinates": [
          [
            [
              2.2334923362254995,
              41.442177628452036
            ],
            [
              2.2335124952346943,
              41.44215317244988
            ],
            [
              2.2335637836705846,
              41.442176336327336
            ],
            [
              2.2335239127318722,
              41.44222550533451
            ],
            [
              2.233472624271978,
              41.44220234143927
            ],
            [
              2.2334923362254995,
              41.442177628452036
            ]
          ]
        ]
      },
      "properties": {
        "intersection_id": "5588597273",
        "modes": [
          "CAR",
          "MOTORCYCLE"
        ],
        "stop_line": [
          2.233543848208798,
          41.442200920832775
        ],
        "waiting_zone_id": "25627327#1_straight"
      }
    },
    {
      "type": "Feature",
      "geometry": {
        "type": "Polygon",
        "coordinates": [
          [
            [
              2.2429240716611205,
              41.44794083062409
            ],
            [
              2.242809138758368,
              41.447825714241155
            ],
            [
              2.2425290365705792,
              41.44755102591731
            ],
            [
              2.2423204438725053,
              41.447350511031374
            ],
            [
              2.2423505639327757,
              41.4473327713481
            ],
            [
              2.2425592892194457,
              41.44753339038955
            ],
            [
              2.2428393106432196,
              41.44780792498244
            ],
            [
              2.242954721339928,
              41.44792354018759
            ],
            [
              2.2429240716611205,
              41.44794083062409
            ]
          ]
        ]
      },
      "properties": {
        "intersection_id": "279311385",
        "modes": [
          "CAR",
          "MOTORCYCLE"
        ],
        "stop_line": [
          2.242939328986381,
          41.447932117537015
        ],
        "waiting_zone_id": "25627331#3_straight"
      }
    },
    {
      "type": "Feature",
      "geometry": {
        "type": "Polygon",
        "coordinates": [
          [
            [
              2.2423203995933685,
              41.447350537110395
            ],
            [
              2.2429240716614554,
              41.447940830624034
            ],
            [
              2.2428934851919458,
              41.44795812566783
            ],
            [
              2.2422902632318134,
              41.44736826341617
            ],
            [
              2.2423203995933685,
              41.447350537110395
            ]
          ]
        ]
      },
      "properties": {
        "intersection_id": "279311385",
        "modes": [
          "CAR",
          "MOTORCYCLE"
        ],
        "stop_line": [
          2.2429087772057192,
          41.447949447729314
        ],
        "waiting_zone_id": "25627331#3_straight+left"
      }
    },
    {
      "type": "Feature",
      "geometry": {
        "type": "Polygon",
        "coordinates": [
          [
            [
              2.2439787308270867,
              41.44848880594671
            ],
            [
              2.2446311752777226,
              41.448770930891456
            ],
            [
              2.2455581798506112,
              41.44917718401228
            ],
            [
              2.2455216263763274,
              41.449227785847
            ],
            [
              2.245435477827992,
              41.44919254216612
            ],
            [
              2.2439405565873205,
              41.44853880214072
            ],
            [
              2.2439787308270867,
              41.44848880594671
            ]
          ]
        ]
      },
      "properties": {
        "intersection_id": "5588596729",
        "modes": [
          "CAR",
          "MOTORCYCLE"
        ],
        "stop_line": [
          2.2455392529663523,
          41.44920221876906
        ],
        "waiting_zone_id": "25627349#4_straight"
      }
    },
    {
      "type": "Feature",
      "geometry": {
        "type": "Polygon",
        "coordinates": [
          [
            [
              2.2446544982817125,
              41.44317340642699
            ],
            [
              2.2446793321977254,
              41.44319535128845
            ],
            [
              2.2446337763683735,
              41.44322453983998
            ],
            [
              2.2446089424568743,
              41.44320259496886
            ],
            [
              2.2446544982817125,
              41.44317340642699
            ]
          ]
        ]
      },
      "properties": {
        "intersection_id": "3858976459",
        "modes": [
          "CAR",
          "MOTORCYCLE"
        ],
        "stop_line": [
          2.2446669152376306,
          41.443184378858376
        ],
        "waiting_zone_id": "25627408#12_straight+left+right"
      }
    },
    {
      "type": "Feature",
      "geometry": {
        "type": "Polygon",
        "coordinates": [
          [
            [
              2.2420715473071056,
              41.448138193392595
            ],
            [
              2.24209540660823,
              41.44819294466385
            ],
            [
              2.241898766532915,
              41.4482671717964
            ],
            [
              2.2414230083940527,
              41.4483052120905
            ],
            [
              2.2414105210932527,
              41.4482192591526
            ],
            [
              2.2420715473071056,
              41.448138193392595
            ]
          ]
        ]
      },
      "properties": {
        "intersection_id": "2818621041",
        "modes": [
          "CAR",
          "MOTORCYCLE"
        ],
        "stop_line": [
          2.241421170226279,
          41.44829086733654
        ],
        "waiting_zone_id": "25627736#2_straight"
      }
    },
    {
      "type": "Feature",
      "geometry": {
        "type": "Polygon",
        "coordinates": [
          [
            [
              2.2290093954605874,
              41.43313277872538
            ],
            [
              2.2290863407271098,
              41.43321417051846
            ],
            [
              2.2290551326330084,
              41.433230879189644
            ],
            [
              2.228978188583177,
              41.43314948738411
            ],
            [
              2.2290093954605874,
              41.43313277872538
            ]
          ]
        ]
      },
      "properties": {
        "intersection_id": "5588596845",
        "modes": [
          "CAR",
          "MOTORCYCLE"
        ],
        "stop_line": [
          2.2290707365935543,
          41.43322252501226
        ],
        "waiting_zone_id": "25627876#0_straight"
      }
    },
    {
      "type": "Feature",
      "geometry": {
        "type": "Polygon",
        "coordinates": [
          [
            [
              2.235717799319936,
              41.43878437504814
            ],
            [
              2.2357608097424317,
              41.43881958807071
            ],
            [
              2.2357326106163824,
              41.43883909281937
            ],
            [
              2.2356895989996657,
              41.438803879778426
            ],
            [
              2.235717799319936,
              41.43878437504814
            ]
          ]
        ]
      },
      "properties": {
        "intersection_id": "5588596934",
        "modes": [
          "CAR",
          "MOTORCYCLE"
        ],
        "stop_line": [
          2.2357467100188386,
          41.43882934026766
        ],
        "waiting_zone_id": "25627876#12_straight"
      }
    },
    {
      "type": "Feature",
      "geometry": {
        "type": "Polygon",
        "coordinates": [
          [
            [
              2.2361131480253023,
              41.43912161504407
            ],
            [
              2.236739581131804,
              41.43963347512103
            ],
            [
              2.2371501343723743,
              41.4399859142884
            ],
            [
              2.237121317559682,
              41.440004901852895
            ],
            [
              2.2360849784984054,
              41.43914114529544
            ],
            [
              2.2361131480253023,
              41.43912161504407
            ]
          ]
        ]
      },
      "properties": {
        "intersection_id": "5588597286",
        "modes": [
          "CAR",
          "MOTORCYCLE"
        ],
        "stop_line": [
          2.2371357259681246,
          41.43999540807159
        ],
        "waiting_zone_id": "25627876#16_straight+left+right"
      }
    },
    {
      "type": "Feature",
      "geometry": {
        "type": "Polygon",
        "coordinates": [
          [
            [
              2.2384968077689353,
              41.44111556919469
            ],
            [
              2.2389915414293773,
              41.44152511309129
            ],
            [
              2.238962376068121,
              41.4415437979573
            ],
            [
              2.23864066985483,
              41.44127765381157
            ],
            [
              2.2384685764249084,
              41.441135049171976
            ],
            [
              2.2384968077689353,
              41.44111556919469
            ]
          ]
        ]
      },
      "properties": {
        "intersection_id": "279317599",
        "modes": [
          "CAR",
          "MOTORCYCLE"
        ],
        "stop_line": [
          2.238976958750837,
          41.441534455525236
        ],
        "waiting_zone_id": "25627876#26_straight+right"
      }
    },
    {
      "type": "Feature",
      "geometry": {
        "type": "Polygon",
        "coordinates": [
          [
            [
              2.23329188582432,
              41.436763206604525
            ],
            [
              2.234212717086937,
              41.43752679815587
            ],
            [
              2.2341857741323694,
              41.437547283696404
            ],
            [
              2.2341655802557887,
              41.4375320861058
            ],
            [
              2.2333224282621003,
              41.43683627143316
            ],
            [
              2.2332623490870036,
              41.43678155609213
            ],
            [
              2.23329188582432,
              41.436763206604525
            ]
          ]
        ]
      },
      "properties": {
        "intersection_id": "279317588",
        "modes": [
          "CAR",
          "MOTORCYCLE"
        ],
        "stop_line": [
          2.234199224147065,
          41.437537024939566
        ],
        "waiting_zone_id": "25627876#7_straight+right"
      }
    },
    {
      "type": "Feature",
      "geometry": {
        "type": "Polygon",
        "coordinates": [
          [
            [
              2.234367067690785,
              41.43765049438378
            ],
            [
              2.2355563941830434,
              41.43865049498424
            ],
            [
              2.235527847717783,
              41.43866971273978
            ],
            [
              2.2343385473992132,
              41.43766973363971
            ],
            [
              2.234367067690785,
              41.43765049438378
            ]
          ]
        ]
      },
      "properties": {
        "intersection_id": "5588596936",
        "modes": [
          "CAR",
          "MOTORCYCLE"
        ],
        "stop_line": [
          2.2355421209525157,
          41.43866010386292
        ],
        "waiting_zone_id": "25627876#9_straight"
      }
    },
    {
      "type": "Feature",
      "geometry": {
        "type": "Polygon",
        "coordinates": [
          [
            [
              2.23953327174697,
              41.4451519522053
            ],
            [
              2.2395614642155586,
              41.44513243929906
            ],
            [
              2.2399707047184982,
              41.44546671579723
            ],
            [
              2.2399985683602304,
              41.44544706820302
            ],
            [
              2.240266284789026,
              41.44566129777733
            ],
            [
              2.240297418482995,
              41.44563645820133
            ],
            [
              2.2409589029881474,
              41.4451791826016
            ],
            [
              2.2409848174174827,
              41.44520040758051
            ],
            [
              2.2403248154698305,
              41.44565660952297
            ],
            [
              2.2402794894543643,
              41.44569277140833
            ],
            [
              2.240267294721941,
              41.44568411759045
            ],
            [
              2.240223916657193,
              41.44571276480086
            ],
            [
              2.239942731615181,
              41.44548640679781
            ],
            [
              2.23953327174697,
              41.4451519522053
            ]
          ]
        ]
      },
      "properties": {
        "intersection_id": "6141567718",
        "modes": [
          "CAR",
          "MOTORCYCLE"
        ],
        "stop_line": [
          2.240267095708896,
          41.445684245082504
        ],
        "waiting_zone_id": "27465835#3_straight"
      }
    },
    {
      "type": "Feature",
      "geometry": {
        "type": "Polygon",
        "coordinates": [
          [
            [
              2.2322295847432203,
              41.44152048712648
            ],
            [
              2.2322084916496934,
              41.441544545748556
            ],
            [
              2.23220650851887,
              41.44154353706281
            ],
            [
              2.2322275865957213,
              41.44151949468161
            ],
            [
              2.2322295847432203,
              41.44152048712648
            ]
          ]
        ]
      },
      "properties": {
        "intersection_id": "4051451478",
        "modes": [
          "CAR",
          "MOTORCYCLE"
        ],
        "stop_line": [
          2.232217039877445,
          41.44153152443987
        ],
        "waiting_zone_id": "27466977#2_straight+left"
      }
    },
    {
      "type": "Feature",
      "geometry": {
        "type": "Polygon",
        "coordinates": [
          [
            [
              2.232187141760429,
              41.4415684531291
            ],
            [
              2.232185143601511,
              41.44156746158416
            ],
            [
              2.2322062367217637,
              41.44154340206592
            ],
            [
              2.2322082203197025,
              41.44154441110675
            ],
            [
              2.232187141760429,
              41.4415684531291
            ]
          ]
        ]
      },
      "properties": {
        "intersection_id": "4051451478",
        "modes": [
          "CAR",
          "MOTORCYCLE"
        ],
        "stop_line": [
          2.2321956899956428,
          41.44155543182211
        ],
        "waiting_zone_id": "27466977#2_straight+right"
      }
    },
    {
      "type": "Feature",
      "geometry": {
        "type": "Polygon",
        "coordinates": [
          [
            [
              2.2438664210204053,
              41.4474846770933
            ],
            [
              2.2439220215206785,
              41.44751801427022
            ],
            [
              2.2438981351529366,
              41.44754054701024
            ],
            [
              2.2438431695926973,
              41.44750758330046
            ],
            [
              2.2438664210204053,
              41.4474846770933
            ]
          ]
        ]
      },
      "properties": {
        "intersection_id": "279317131",
        "modes": [
          "CAR",
          "MOTORCYCLE"
        ],
        "stop_line": [
          2.2438547953086028,
          41.44749613019749
        ],
        "waiting_zone_id": "27467389#10_straight+right"
      }
    },
    {
      "type": "Feature",
      "geometry": {
        "type": "Polygon",
        "coordinates": [
          [
            [
              2.2456545786559508,
              41.44919166692402
            ],
            [
              2.245688691540684,
              41.44920478115648
            ],
            [
              2.2456614577895393,
              41.44924488472963
            ],
            [
              2.2456273436924223,
              41.44923177048118
            ],
            [
              2.2456545786559508,
              41.44919166692402
            ]
          ]
        ]
      },
      "properties": {
        "intersection_id": "5588596728",
        "modes": [
          "CAR",
          "MOTORCYCLE"
        ],
        "stop_line": [
          2.24567163501314,
          41.44919822372172
        ],
        "waiting_zone_id": "27484888#0_straight"
      }
    },
    {
      "type": "Feature",
      "geometry": {
        "type": "Polygon",
        "coordinates": [
          [
            [
              2.2450524397955864,
              41.4454818259491
            ],
            [
              2.24571195481685,
              41.44608929499463
            ],
            [
              2.2456818345761738,
              41.44610710336828
            ],
            [
              2.245174275085654,
              41.44564156715589
            ],
            [
              2.245021595325509,
              41.44549891781115
            ],
            [
              2.2450524397955864,
              41.4454818259491
            ]
          ]
        ]
      },
      "properties": {
        "intersection_id": "279317123",
        "modes": [
          "CAR",
          "MOTORCYCLE"
        ],
        "stop_line": [
          2.2450370175625642,
          41.44549037188118
        ],
        "waiting_zone_id": "27484946#13_straight+right"
      }
    },
    {
      "type": "Feature",
      "geometry": {
        "type": "Polygon",
        "coordinates": [
          [
            [
              2.246169262824828,
              41.44753665000326
            ],
            [
              2.2466395367956373,
              41.44793356207828
            ],
            [
              2.246644011434737,
              41.44794601263947
            ],
            [
              2.2466383272512362,
              41.4479536731709
            ],
            [
              2.246627792958764,
              41.447957434144726
            ],
            [
              2.2466098245168653,
              41.44795185886081
            ],
            [
              2.246140096777751,
              41.44755533666437
            ],
            [
              2.246169262824828,
              41.44753665000326
            ]
          ]
        ]
      },
      "properties": {
        "intersection_id": "247876196",
        "modes": [
          "CAR",
          "MOTORCYCLE"
        ],
        "stop_line": [
          2.2466259481363307,
          41.44794387667747
        ],
        "waiting_zone_id": "27485044#11_right"
      }
    },
    {
      "type": "Feature",
      "geometry": {
        "type": "Polygon",
        "coordinates": [
          [
            [
              2.235908778191033,
              41.443354886815285
            ],
            [
              2.2359336092000577,
              41.443376833539546
            ],
            [
              2.23588804937529,
              41.44340601859211
            ],
            [
              2.2358632183707883,
              41.443384071858176
            ],
            [
              2.235908778191033,
              41.443354886815285
            ]
          ]
        ]
      },
      "properties": {
        "intersection_id": "5588597269",
        "modes": [
          "CAR",
          "MOTORCYCLE"
        ],
        "stop_line": [
          2.2359211936934575,
          41.44336586017808
        ],
        "waiting_zone_id": "27489145#0_straight"
      }
    },
    {
      "type": "Feature",
      "geometry": {
        "type": "Polygon",
        "coordinates": [
          [
            [
              2.238943600681908,
              41.441580343960794
            ],
            [
              2.238966599651291,
              41.44160339303927
            ],
            [
              2.2389187585014803,
              41.441630423144204
            ],
            [
              2.2388957595292456,
              41.441607374957016
            ],
            [
              2.238943600681908,
              41.441580343960794
            ]
          ]
        ]
      },
      "properties": {
        "intersection_id": "279317599",
        "modes": [
          "CAR",
          "MOTORCYCLE"
        ],
        "stop_line": [
          2.2389551001645716,
          41.44159186850061
        ],
        "waiting_zone_id": "27489145#9_straight+left"
      }
    },
    {
      "type": "Feature",
      "geometry": {
        "type": "Polygon",
        "coordinates": [
          [
            [
              2.2447512841700905,
              41.44318655412884
            ],
            [
              2.2452897340687428,
              41.44369879595543
            ],
            [
              2.24532633459876,
              41.443734481263
            ],
            [
              2.2454250331030816,
              41.44383546622926
            ],
            [
              2.2453941729452724,
              41.443852541881405
            ],
            [
              2.2447204407182024,
              41.44320364592545
            ],
            [
              2.2447512841700905,
              41.44318655412884
            ]
          ]
        ]
      },
      "properties": {
        "intersection_id": "3858976459",
        "modes": [
          "CAR",
          "MOTORCYCLE"
        ],
        "stop_line": [
          2.244735862446163,
          41.443195100028206
        ],
        "waiting_zone_id": "27489169#7_straight+turn+left"
      }
    },
    {
      "type": "Feature",
      "geometry": {
        "type": "Polygon",
        "coordinates": [
          [
            [
              2.243961466312466,
              41.442419159674245
            ],
            [
              2.244679806793545,
              41.44311757421598
            ],
            [
              2.2446496213609777,
              41.44313531885032
            ],
            [
              2.244498580017556,
              41.44299041144656
            ],
            [
              2.243931162654247,
              41.44243678805009
            ],
            [
              2.243961466312466,
              41.442419159674245
            ]
          ]
        ]
      },
      "properties": {
        "intersection_id": "13275118018",
        "modes": [
          "CAR",
          "MOTORCYCLE"
        ],
        "stop_line": [
          2.2439463144854015,
          41.44242797386318
        ],
        "waiting_zone_id": "27489169#9_straight"
      }
    },
    {
      "type": "Feature",
      "geometry": {
        "type": "Polygon",
        "coordinates": [
          [
            [
              2.24613969409747,
              41.4441449708476
            ],
            [
              2.2461119189402092,
              41.44412512197615
            ],
            [
              2.2463246627300784,
              41.443959774673985
            ],
            [
              2.246496542141202,
              41.443816827449965
            ],
            [
              2.246564624781863,
              41.44375521748611
            ],
            [
              2.246627462269107,
              41.44368196253489
            ],
            [
              2.2469371607395603,
              41.44338413876502
            ],
            [
              2.2469673253612372,
              41.44340190434618
            ],
            [
              2.2466591739593276,
              41.4436981431092
            ],
            [
              2.2465961823784335,
              41.44377157811802
            ],
            [
              2.246525740026258,
              41.44383548665729
            ],
            [
              2.2463528523221603,
              41.443979292033504
            ],
            [
              2.24613969409747,
              41.4441449708476
            ]
          ]
        ]
      },
      "properties": {
        "intersection_id": "301790820",
        "modes": [
          "CAR",
          "MOTORCYCLE"
        ],
        "stop_line": [
          2.246125849242057,
          41.44413501256399
        ],
        "waiting_zone_id": "27489273#2_straight+turn+right"
      }
    },
    {
      "type": "Feature",
      "geometry": {
        "type": "Polygon",
        "coordinates": [
          [
            [
              2.2391713592387457,
              41.45137735155589
            ],
            [
              2.2391991353155394,
              41.45139720208662
            ],
            [
              2.23915790904618,
              41.451429854282786
            ],
            [
              2.2391301329683246,
              41.4514100037422
            ],
            [
              2.2391713592387457,
              41.45137735155589
            ]
          ]
        ]
      },
      "properties": {
        "intersection_id": "5588597338",
        "modes": [
          "CAR",
          "MOTORCYCLE"
        ],
        "stop_line": [
          2.239144021439105,
          41.451419929115765
        ],
        "waiting_zone_id": "27489988#1_straight"
      }
    },
    {
      "type": "Feature",
      "geometry": {
        "type": "Polygon",
        "coordinates": [
          [
            [
              2.238545091863185,
              41.45189708800721
            ],
            [
              2.2385746104874844,
              41.45191545949201
            ],
            [
              2.2385523299068546,
              41.45193572464898
            ],
            [
              2.2385228100826784,
              41.45191735315058
            ],
            [
              2.238545091863185,
              41.45189708800721
            ]
          ]
        ]
      },
      "properties": {
        "intersection_id": "3663299714",
        "modes": [
          "CAR",
          "MOTORCYCLE"
        ],
        "stop_line": [
          2.23853756977375,
          41.45192653865428
        ],
        "waiting_zone_id": "27489988#5_straight+turn+right"
      }
    },
    {
      "type": "Feature",
      "geometry": {
        "type": "Polygon",
        "coordinates": [
          [
            [
              2.2377061075840743,
              41.44430005115412
            ],
            [
              2.2377329549448204,
              41.44432061109313
            ],
            [
              2.237690278922739,
              41.44435216150163
            ],
            [
              2.2376634315627593,
              41.444331601552776
            ],
            [
              2.2377061075840743,
              41.44430005115412
            ]
          ]
        ]
      },
      "properties": {
        "intersection_id": "5588596744",
        "modes": [
          "CAR",
          "MOTORCYCLE"
        ],
        "stop_line": [
          2.237719531262328,
          41.44431033112441
        ],
        "waiting_zone_id": "27525620#0_straight"
      }
    },
    {
      "type": "Feature",
      "geometry": {
        "type": "Polygon",
        "coordinates": [
          [
            [
              2.238073573740567,
              41.44402882778703
            ],
            [
              2.2381003897120713,
              41.44404941085269
            ],
            [
              2.2377655420234044,
              41.444296607810244
            ],
            [
              2.2377387260372137,
              41.44427602646878
            ],
            [
              2.238073573740567,
              41.44402882778703
            ]
          ]
        ]
      },
      "properties": {
        "intersection_id": "302176536",
        "modes": [
          "CAR",
          "MOTORCYCLE"
        ],
        "stop_line": [
          2.238086970349233,
          41.44403912771112
        ],
        "waiting_zone_id": "27525620#4_straight+left"
      }
    },
    {
      "type": "Feature",
      "geometry": {
        "type": "Polygon",
        "coordinates": [
          [
            [
              2.2377157967752974,
              41.44514510067697
            ],
            [
              2.2377444424576423,
              41.44516423674144
            ],
            [
              2.2375587228404066,
              41.445321626997725
            ],
            [
              2.2375010607122015,
              41.44536768086465
            ],
            [
              2.2374731813736943,
              41.445347913894686
            ],
            [
              2.2377157967752974,
              41.44514510067697
            ]
          ]
        ]
      },
      "properties": {
        "intersection_id": "5588597073",
        "modes": [
          "CAR",
          "MOTORCYCLE"
        ],
        "stop_line": [
          2.2374871210408314,
          41.445357797380495
        ],
        "waiting_zone_id": "27525647#2_straight"
      }
    },
    {
      "type": "Feature",
      "geometry": {
        "type": "Polygon",
        "coordinates": [
          [
            [
              2.2373851424909166,
              41.44542246855193
            ],
            [
              2.237413868001027,
              41.445441536770545
            ],
            [
              2.237374282497699,
              41.445475298150534
            ],
            [
              2.2373455569845855,
              41.44545622992211
            ],
            [
              2.2373851424909166,
              41.44542246855193
            ]
          ]
        ]
      },
      "properties": {
        "intersection_id": "5588597074",
        "modes": [
          "CAR",
          "MOTORCYCLE"
        ],
        "stop_line": [
          2.2373599197390366,
          41.44546576403721
        ],
        "waiting_zone_id": "27525647#5_straight"
      }
    },
    {
      "type": "Feature",
      "geometry": {
        "type": "Polygon",
        "coordinates": [
          [
            [
              2.2356902983995006,
              41.447379509487455
            ],
            [
              2.2356526127004273,
              41.447374341033644
            ],
            [
              2.23565833179116,
              41.44735422399441
            ],
            [
              2.235683815834454,
              41.44731942644976
            ],
            [
              2.235813839982107,
              41.447236701267386
            ],
            [
              2.23704561879491,
              41.44657798836903
            ],
            [
              2.2370952157753314,
              41.44655075634192
            ],
            [
              2.2371179290169283,
              41.44657396601147
            ],
            [
              2.2370680982704334,
              41.44660132710574
            ],
            [
              2.235837959576415,
              41.447259101753026
            ],
            [
              2.2357114622211314,
              41.447339584123114
            ],
            [
              2.2356936876836673,
              41.44736552364142
            ],
            [
              2.2356902983995006,
              41.447379509487455
            ]
          ]
        ]
      },
      "properties": {
        "intersection_id": "5588597307",
        "modes": [
          "CAR",
          "MOTORCYCLE"
        ],
        "stop_line": [
          2.235673648662828,
          41.4473678733735
        ],
        "waiting_zone_id": "27525649#1_straight"
      }
    },
    {
      "type": "Feature",
      "geometry": {
        "type": "Polygon",
        "coordinates": [
          [
            [
              2.236816656864077,
              41.44846855543932
            ],
            [
              2.236837183385319,
              41.448492891892286
            ],
            [
              2.2367866454532135,
              41.44851702259866
            ],
            [
              2.236766118932968,
              41.448492687037536
            ],
            [
              2.236816656864077,
              41.44846855543932
            ]
          ]
        ]
      },
      "properties": {
        "intersection_id": "279310149",
        "modes": [
          "CAR",
          "MOTORCYCLE"
        ],
        "stop_line": [
          2.2368269202908158,
          41.44848072366505
        ],
        "waiting_zone_id": "27525990#0_straight"
      }
    },
    {
      "type": "Feature",
      "geometry": {
        "type": "Polygon",
        "coordinates": [
          [
            [
              2.240479323486278,
              41.44598592661394
            ],
            [
              2.240505124628708,
              41.44600723021581
            ],
            [
              2.2404609612474067,
              41.44603750988152
            ],
            [
              2.2404351601182286,
              41.44601620536919
            ],
            [
              2.240479323486278,
              41.44598592661394
            ]
          ]
        ]
      },
      "properties": {
        "intersection_id": "279311901",
        "modes": [
          "CAR",
          "MOTORCYCLE"
        ],
        "stop_line": [
          2.240492224055385,
          41.44599657841559
        ],
        "waiting_zone_id": "27525990#10_straight+left"
      }
    },
    {
      "type": "Feature",
      "geometry": {
        "type": "Polygon",
        "coordinates": [
          [
            [
              2.239149643786586,
              41.446890674234275
            ],
            [
              2.239175184174988,
              41.44691215655515
            ],
            [
              2.23837504509569,
              41.44745240626145
            ],
            [
              2.23835021172266,
              41.44743046005941
            ],
            [
              2.239149643786586,
              41.446890674234275
            ]
          ]
        ]
      },
      "properties": {
        "intersection_id": "5588597069",
        "modes": [
          "CAR",
          "MOTORCYCLE"
        ],
        "stop_line": [
          2.239162413978683,
          41.44690141539542
        ],
        "waiting_zone_id": "27525990#4_straight"
      }
    },
    {
      "type": "Feature",
      "geometry": {
        "type": "Polygon",
        "coordinates": [
          [
            [
              2.2392684739191293,
              41.44681176050442
            ],
            [
              2.2392937947272356,
              41.44683338906918
            ],
            [
              2.2392488832309794,
              41.44686315349496
            ],
            [
              2.2392235636235687,
              41.446841524928395
            ],
            [
              2.2392684739191293,
              41.44681176050442
            ]
          ]
        ]
      },
      "properties": {
        "intersection_id": "5588597068",
        "modes": [
          "CAR",
          "MOTORCYCLE"
        ],
        "stop_line": [
          2.2392811343210837,
          41.44682257478746
        ],
        "waiting_zone_id": "27525990#7_straight"
      }
    },
    {
      "type": "Feature",
      "geometry": {
        "type": "Polygon",
        "coordinates": [
          [
            [
              2.2319317808286554,
              41.45251030452941
            ],
            [
              2.231966650021753,
              41.45252224339538
            ],
            [
              2.2320006002571646,
              41.45253576232346
            ],
            [
              2.2319578193358653,
              41.452599969874754
            ],
            [
              2.2319237063020974,
              41.452586852479136
            ],
            [
              2.2319069993622658,
              41.452551269677706
            ],
            [
              2.2319317808286554,
              41.45251030452941
            ]
          ]
        ]
      },
      "properties": {
        "intersection_id": "5588597491",
        "modes": [
          "CAR",
          "MOTORCYCLE"
        ],
        "stop_line": [
          2.231966376190546,
          41.45252274379675
        ],
        "waiting_zone_id": "27525991#1_straight"
      }
    },
    {
      "type": "Feature",
      "geometry": {
        "type": "Polygon",
        "coordinates": [
          [
            [
              2.2343161644816396,
              41.4494406175577
            ],
            [
              2.2344939246053026,
              41.44925847413188
            ],
            [
              2.234555583375533,
              41.449292609156515
            ],
            [
              2.23376616104528,
              41.4501075514659
            ],
            [
              2.233704250428644,
              41.45007372870386
            ],
            [
              2.2343161644816396,
              41.4494406175577
            ]
          ]
        ]
      },
      "properties": {
        "intersection_id": "302192261",
        "modes": [
          "CAR",
          "MOTORCYCLE"
        ],
        "stop_line": [
          2.2345246980526374,
          41.44927559861283
        ],
        "waiting_zone_id": "27525991#10_straight"
      }
    },
    {
      "type": "Feature",
      "geometry": {
        "type": "Polygon",
        "coordinates": [
          [
            [
              2.231802166030113,
              41.45243219943916
            ],
            [
              2.2318074422167027,
              41.45240166256447
            ],
            [
              2.2318786825655677,
              41.45235778391117
            ],
            [
              2.2319732141513904,
              41.45229075670417
            ],
            [
              2.232078978491869,
              41.4521956787115
            ],
            [
              2.232112019239985,
              41.45199017412432
            ],
            [
              2.2321514210235587,
              41.45179306817138
            ],
            [
              2.2322388860430293,
              41.4515944977203
            ],
            [
              2.232241317773364,
              41.451590829911844
            ],
            [
              2.2324082710060376,
              41.45140974179811
            ],
            [
              2.232470298289191,
              41.4514435687318
            ],
            [
              2.2323089507141254,
              41.45161855398065
            ],
            [
              2.232225701136645,
              41.45180759844063
            ],
            [
              2.2321880465811077,
              41.45199778036151
            ],
            [
              2.232154361543166,
              41.452206872832285
            ],
            [
              2.232116330026632,
              41.45220340511629
            ],
            [
              2.2321120180061973,
              41.452210878618736
            ],
            [
              2.2320011080124473,
              41.45231061785973
            ],
            [
              2.2319044724138095,
              41.452379103755
            ],
            [
              2.23183937253816,
              41.4524192457136
            ],
            [
              2.2318402526012595,
              41.45242877784559
            ],
            [
              2.2318729099513397,
              41.45251869728271
            ],
            [
              2.2318393698284194,
              41.45253262758702
            ],
            [
              2.231802166030113,
              41.45243219943916
            ]
          ]
        ]
      },
      "properties": {
        "intersection_id": "5588597485",
        "modes": [
          "CAR",
          "MOTORCYCLE"
        ],
        "stop_line": [
          2.2324388537477002,
          41.45142709698262
        ],
        "waiting_zone_id": "27525991#3_straight"
      }
    },
    {
      "type": "Feature",
      "geometry": {
        "type": "Polygon",
        "coordinates": [
          [
            [
              2.2327568031806644,
              41.45105389641367
            ],
            [
              2.2328199024555895,
              41.45108655213865
            ],
            [
              2.232787764948918,
              41.451124486070036
            ],
            [
              2.2327554595736747,
              41.45110899400614
            ],
            [
              2.232723159242893,
              41.45109114472249
            ],
            [
              2.2327568031806644,
              41.45105389641367
            ]
          ]
        ]
      },
      "properties": {
        "intersection_id": "5599407992",
        "modes": [
          "CAR",
          "MOTORCYCLE"
        ],
        "stop_line": [
          2.2327881979009248,
          41.45107040112136
        ],
        "waiting_zone_id": "27525991#7_straight"
      }
    },
    {
      "type": "Feature",
      "geometry": {
        "type": "Polygon",
        "coordinates": [
          [
            [
              2.2333735197217552,
              41.450411949234876
            ],
            [
              2.2336643836846424,
              41.45011307781041
            ],
            [
              2.2337244647243004,
              41.450148855629436
            ],
            [
              2.232855756450892,
              41.451049300525085
            ],
            [
              2.2327936625204092,
              41.451015454437226
            ],
            [
              2.2333735197217552,
              41.450411949234876
            ]
          ]
        ]
      },
      "properties": {
        "intersection_id": "6119951191",
        "modes": [
          "CAR",
          "MOTORCYCLE"
        ],
        "stop_line": [
          2.2336793734251867,
          41.45012204984046
        ],
        "waiting_zone_id": "27525991#8_straight"
      }
    },
    {
      "type": "Feature",
      "geometry": {
        "type": "Polygon",
        "coordinates": [
          [
            [
              2.2351949241875664,
              41.448795928466026
            ],
            [
              2.2351811900585656,
              41.44876902202403
            ],
            [
              2.2353929718561494,
              41.44870782820786
            ],
            [
              2.235551328302799,
              41.44868769786715
            ],
            [
              2.235668482926286,
              41.44866926348303
            ],
            [
              2.2357897746108786,
              41.448651367185086
            ],
            [
              2.235938628326741,
              41.44860841595245
            ],
            [
              2.2359523436939197,
              41.44863531672159
            ],
            [
              2.2357987727381787,
              41.44867941125793
            ],
            [
              2.2356762074024497,
              41.448697494564804
            ],
            [
              2.235558782866738,
              41.44871597129918
            ],
            [
              2.2354048969633773,
              41.44873525764288
            ],
            [
              2.2351949241875664,
              41.448795928466026
            ]
          ]
        ]
      },
      "properties": {
        "intersection_id": "302192268",
        "modes": [
          "CAR",
          "MOTORCYCLE"
        ],
        "stop_line": [
          2.235941619977955,
          41.44862297694539
        ],
        "waiting_zone_id": "27526003#0+675305866#3_straight"
      }
    },
    {
      "type": "Feature",
      "geometry": {
        "type": "Polygon",
        "coordinates": [
          [
            [
              2.2361253918944652,
              41.44863751081515
            ],
            [
              2.236148812895155,
              41.448614702783324
            ],
            [
              2.2361638106654045,
              41.44862342068293
            ],
            [
              2.2364108779012084,
              41.44869924257462
            ],
            [
              2.236566003028846,
              41.44868430289023
            ],
            [
              2.2365708660221477,
              41.44871289233335
            ],
            [
              2.236410741740001,
              41.44872831316495
            ],
            [
              2.236401076064572,
              41.448727362673495
            ],
            [
              2.236147564244845,
              41.44864960730757
            ],
            [
              2.2361253918944652,
              41.44863751081515
            ]
          ]
        ]
      },
      "properties": {
        "intersection_id": "302192268",
        "modes": [
          "CAR",
          "MOTORCYCLE"
        ],
        "stop_line": [
          2.2361371023968672,
          41.44862610679985
        ],
        "waiting_zone_id": "27526005#0_straight+left"
      }
    },
    {
      "type": "Feature",
      "geometry": {
        "type": "Polygon",
        "coordinates": [
          [
            [
              2.2510147587468894,
              41.45318116043539
            ],
            [
              2.251037995110308,
              41.453158267200045
            ],
            [
              2.2513500682803604,
              41.45333868449973
            ],
            [
              2.2513263701650086,
              41.45336133167798
            ],
            [
              2.2510147587468894,
              41.45318116043539
            ]
          ]
        ]
      },
      "properties": {
        "intersection_id": "5588593508",
        "modes": [
          "CAR",
          "MOTORCYCLE"
        ],
        "stop_line": [
          2.251338219224704,
          41.45335000808957
        ],
        "waiting_zone_id": "27641458#0_straight"
      }
    },
    {
      "type": "Feature",
      "geometry": {
        "type": "Polygon",
        "coordinates": [
          [
            [
              2.2520477767746403,
              41.45373178584287
            ],
            [
              2.2532969312437516,
              41.45441499411977
            ],
            [
              2.253283486209472,
              41.45442926406884
            ],
            [
              2.2523278566587117,
              41.453913627168944
            ],
            [
              2.252031845629587,
              41.45374789009152
            ],
            [
              2.2520477767746403,
              41.45373178584287
            ]
          ]
        ]
      },
      "properties": {
        "intersection_id": "5588593507",
        "modes": [
          "CAR",
          "MOTORCYCLE"
        ],
        "stop_line": [
          2.253294563975654,
          41.45441750716459
        ],
        "waiting_zone_id": "27641458#10_straight"
      }
    },
    {
      "type": "Feature",
      "geometry": {
        "type": "Polygon",
        "coordinates": [
          [
            [
              2.253328756936099,
              41.45445337177001
            ],
            [
              2.253326864381363,
              41.454452356129224
            ],
            [
              2.253348827973458,
              41.45442875863846
            ],
            [
              2.253350732128603,
              41.45442976181516
            ],
            [
              2.253328756936099,
              41.45445337177001
            ]
          ]
        ]
      },
      "properties": {
        "intersection_id": "11406463744",
        "modes": [
          "CAR",
          "MOTORCYCLE"
        ],
        "stop_line": [
          2.2533397445343537,
          41.45444156679315
        ],
        "waiting_zone_id": "27641458#12_straight+left+right"
      }
    },
    {
      "type": "Feature",
      "geometry": {
        "type": "Polygon",
        "coordinates": [
          [
            [
              2.254307587366405,
              41.4549590254854
            ],
            [
              2.2543610896265585,
              41.45497900669299
            ],
            [
              2.2543440557305967,
              41.455004823262634
            ],
            [
              2.2542905522471632,
              41.45498484294
            ],
            [
              2.254307587366405,
              41.4549590254854
            ]
          ]
        ]
      },
      "properties": {
        "intersection_id": "6228277573",
        "modes": [
          "CAR",
          "MOTORCYCLE"
        ],
        "stop_line": [
          2.2543525726802804,
          41.454991914978166
        ],
        "waiting_zone_id": "27641458#17_straight"
      }
    },
    {
      "type": "Feature",
      "geometry": {
        "type": "Polygon",
        "coordinates": [
          [
            [
              2.2543870442344915,
              41.45502075592328
            ],
            [
              2.2544041806444954,
              41.454994977842546
            ],
            [
              2.255275861315346,
              41.45530961438565
            ],
            [
              2.255259493716306,
              41.45533566163355
            ],
            [
              2.2543870442344915,
              41.45502075592328
            ]
          ]
        ]
      },
      "properties": {
        "intersection_id": "5588593505",
        "modes": [
          "CAR",
          "MOTORCYCLE"
        ],
        "stop_line": [
          2.255267674251091,
          41.45532264343581
        ],
        "waiting_zone_id": "27641458#18_straight"
      }
    },
    {
      "type": "Feature",
      "geometry": {
        "type": "Polygon",
        "coordinates": [
          [
            [
              2.2518103137757226,
              41.45358984624404
            ],
            [
              2.2518586129712186,
              41.45361630714781
            ],
            [
              2.2518360592085975,
              41.45363960680476
            ],
            [
              2.2517877612127957,
              41.45361314499867
            ],
            [
              2.2518103137757226,
              41.45358984624404
            ]
          ]
        ]
      },
      "properties": {
        "intersection_id": "6228277567",
        "modes": [
          "CAR",
          "MOTORCYCLE"
        ],
        "stop_line": [
          2.2518473360919335,
          41.453627956976874
        ],
        "waiting_zone_id": "27641458#7_straight"
      }
    },
    {
      "type": "Feature",
      "geometry": {
        "type": "Polygon",
        "coordinates": [
          [
            [
              2.240247997142535,
              41.44985468016111
            ],
            [
              2.240575580920282,
              41.45006888722669
            ],
            [
              2.2405512154592273,
              41.45009115487944
            ],
            [
              2.2402228702097067,
              41.449876436498116
            ],
            [
              2.240247997142535,
              41.44985468016111
            ]
          ]
        ]
      },
      "properties": {
        "intersection_id": "303587410",
        "modes": [
          "CAR",
          "MOTORCYCLE"
        ],
        "stop_line": [
          2.2405638984085785,
          41.45008035538341
        ],
        "waiting_zone_id": "27642076#2_straight+left+right"
      }
    },
    {
      "type": "Feature",
      "geometry": {
        "type": "Polygon",
        "coordinates": [
          [
            [
              2.2336008388898065,
              41.442288942050254
            ],
            [
              2.2336401312827188,
              41.44228650158117
            ],
            [
              2.233677960278076,
              41.442291029416765
            ],
            [
              2.233668558387176,
              41.44233550499098
            ],
            [
              2.233629265965591,
              41.44233794546951
            ],
            [
              2.2335914369466616,
              41.44233341761773
            ],
            [
              2.2336008388898065,
              41.442288942050254
            ]
          ]
        ]
      },
      "properties": {
        "intersection_id": "6038201047",
        "modes": [
          "CAR",
          "MOTORCYCLE"
        ],
        "stop_line": [
          2.2336393992052352,
          41.442289985401715
        ],
        "waiting_zone_id": "27642093_straight"
      }
    },
    {
      "type": "Feature",
      "geometry": {
        "type": "Polygon",
        "coordinates": [
          [
            [
              2.2400449270247114,
              41.43867870522255
            ],
            [
              2.2401732439138753,
              41.438799596908346
            ],
            [
              2.2409622794015385,
              41.43956279072988
            ],
            [
              2.2409323408846573,
              41.439580768422054
            ],
            [
              2.2400149507665548,
              41.438696648201336
            ],
            [
              2.2400449270247114,
              41.43867870522255
            ]
          ]
        ]
      },
      "properties": {
        "intersection_id": "5588597279",
        "modes": [
          "CAR",
          "MOTORCYCLE"
        ],
        "stop_line": [
          2.240030034198668,
          41.43868776687146
        ],
        "waiting_zone_id": "27642114#6_straight"
      }
    },
    {
      "type": "Feature",
      "geometry": {
        "type": "Polygon",
        "coordinates": [
          [
            [
              2.241385765302681,
              41.44831139510015
            ],
            [
              2.2413911372289324,
              41.448340049852774
            ],
            [
              2.2413532045337634,
              41.44834407552695
            ],
            [
              2.241347832623925,
              41.44831542077271
            ],
            [
              2.241385765302681,
              41.44831139510015
            ]
          ]
        ]
      },
      "properties": {
        "intersection_id": "2818621041",
        "modes": [
          "CAR",
          "MOTORCYCLE"
        ],
        "stop_line": [
          2.2413667993497537,
          41.4483134076048
        ],
        "waiting_zone_id": "277325269_right"
      }
    },
    {
      "type": "Feature",
      "geometry": {
        "type": "Polygon",
        "coordinates": [
          [
            [
              2.22975025409842,
              41.44160248446075
            ],
            [
              2.229781100653184,
              41.44158539670057
            ],
            [
              2.230198101568271,
              41.44200927776253
            ],
            [
              2.230299509978659,
              41.44210675930124
            ],
            [
              2.230328956389875,
              41.44208842890875
            ],
            [
              2.2304262138588804,
              41.44217748852691
            ],
            [
              2.2303663310123203,
              41.44221344105019
            ],
            [
              2.230270006569749,
              41.44212515055535
            ],
            [
              2.230167783755497,
              41.44202689430537
            ],
            [
              2.22975025409842,
              41.44160248446075
            ]
          ]
        ]
      },
      "properties": {
        "intersection_id": "4314793392",
        "modes": [
          "CAR",
          "MOTORCYCLE"
        ],
        "stop_line": [
          2.230396267098499,
          41.44219546014878
        ],
        "waiting_zone_id": "27930188#10_straight"
      }
    },
    {
      "type": "Feature",
      "geometry": {
        "type": "Polygon",
        "coordinates": [
          [
            [
              2.229516187440601,
              41.44126156247074
            ],
            [
              2.2295518565683676,
              41.44129772575152
            ],
            [
              2.229490252304968,
              41.44133199181208
            ],
            [
              2.229454583193221,
              41.44129582851256
            ],
            [
              2.229516187440601,
              41.44126156247074
            ]
          ]
        ]
      },
      "properties": {
        "intersection_id": "5588596755",
        "modes": [
          "CAR",
          "MOTORCYCLE"
        ],
        "stop_line": [
          2.229505631640417,
          41.44132340259393
        ],
        "waiting_zone_id": "27930188#6_straight"
      }
    },
    {
      "type": "Feature",
      "geometry": {
        "type": "Polygon",
        "coordinates": [
          [
            [
              2.2543541068887167,
              41.454880223791704
            ],
            [
              2.2555207397963564,
              41.453973570888365
            ],
            [
              2.25554842295669,
              41.453993494336
            ],
            [
              2.2549768140115276,
              41.4544410200075
            ],
            [
              2.254360350800033,
              41.45491775318601
            ],
            [
              2.2543321093511866,
              41.454898276208056
            ],
            [
              2.2543541068887167,
              41.454880223791704
            ]
          ]
        ]
      },
      "properties": {
        "intersection_id": "5588593506",
        "modes": [
          "CAR",
          "MOTORCYCLE"
        ],
        "stop_line": [
          2.254346506327995,
          41.45490778798795
        ],
        "waiting_zone_id": "30112356#4_straight"
      }
    },
    {
      "type": "Feature",
      "geometry": {
        "type": "Polygon",
        "coordinates": [
          [
            [
              2.2553889137727716,
              41.45531039397577
            ],
            [
              2.2554176489413464,
              41.455329457746316
            ],
            [
              2.2553780665941536,
              41.45536322529203
            ],
            [
              2.2553493314225572,
              41.455344161511675
            ],
            [
              2.2553889137727716,
              41.45531039397577
            ]
          ]
        ]
      },
      "properties": {
        "intersection_id": "1091496852",
        "modes": [
          "CAR",
          "MOTORCYCLE"
        ],
        "stop_line": [
          2.255403281354953,
          41.45531992586192
        ],
        "waiting_zone_id": "30112358#1_straight"
      }
    },
    {
      "type": "Feature",
      "geometry": {
        "type": "Polygon",
        "coordinates": [
          [
            [
              2.2568871178228638,
              41.45589486603676
            ],
            [
              2.257010434662669,
              41.45593089966362
            ],
            [
              2.2570056462166392,
              41.4559587350165
            ],
            [
              2.2569963977875434,
              41.4559577177907
            ],
            [
              2.2568796829609084,
              41.45592314727029
            ],
            [
              2.2568871178228638,
              41.45589486603676
            ]
          ]
        ]
      },
      "properties": {
        "intersection_id": "303580405",
        "modes": [
          "CAR",
          "MOTORCYCLE"
        ],
        "stop_line": [
          2.257005810680609,
          41.455944324193254
        ],
        "waiting_zone_id": "30112359#0_straight+left+right"
      }
    },
    {
      "type": "Feature",
      "geometry": {
        "type": "Polygon",
        "coordinates": [
          [
            [
              2.2575518377087884,
              41.45591599672514
            ],
            [
              2.257553556743461,
              41.45594479105842
            ],
            [
              2.2571178370078635,
              41.455956747467496
            ],
            [
              2.2571167696935017,
              41.45592793661988
            ],
            [
              2.2575518377087884,
              41.45591599672514
            ]
          ]
        ]
      },
      "properties": {
        "intersection_id": "303580407",
        "modes": [
          "CAR",
          "MOTORCYCLE"
        ],
        "stop_line": [
          2.257552697182597,
          41.45593039394296
        ],
        "waiting_zone_id": "30112359#1_straight+turn"
      }
    },
    {
      "type": "Feature",
      "geometry": {
        "type": "Polygon",
        "coordinates": [
          [
            [
              2.2498868768449376,
              41.460513610863735
            ],
            [
              2.249924345938043,
              41.46051963075239
            ],
            [
              2.2499118454492213,
              41.46056365767238
            ],
            [
              2.249874375145118,
              41.46055763687104
            ],
            [
              2.2498868768449376,
              41.460513610863735
            ]
          ]
        ]
      },
      "properties": {
        "intersection_id": "5588790783",
        "modes": [
          "CAR",
          "MOTORCYCLE"
        ],
        "stop_line": [
          2.249905611390602,
          41.460516620809585
        ],
        "waiting_zone_id": "30112794#1_straight+left+right"
      }
    },
    {
      "type": "Feature",
      "geometry": {
        "type": "Polygon",
        "coordinates": [
          [
            [
              2.2512123214932545,
              41.45920106862304
            ],
            [
              2.251191400926268,
              41.45917692225524
            ],
            [
              2.251271357497293,
              41.45913771998618
            ],
            [
              2.251441860419581,
              41.45905864648536
            ],
            [
              2.251500539668103,
              41.45903514514411
            ],
            [
              2.251613099006178,
              41.458996992466574
            ],
            [
              2.2519632616068987,
              41.458896878210965
            ],
            [
              2.2521172010445314,
              41.45886074516601
            ],
            [
              2.2521286047667903,
              41.458888261321825
            ],
            [
              2.2519763248276363,
              41.458923977320644
            ],
            [
              2.251628304371546,
              41.459023451612964
            ],
            [
              2.2515179703836194,
              41.45906081712453
            ],
            [
              2.251461445902334,
              41.45908342364738
            ],
            [
              2.2512920757777204,
              41.45916196590614
            ],
            [
              2.2512123214932545,
              41.45920106862304
            ]
          ]
        ]
      },
      "properties": {
        "intersection_id": "5588790789",
        "modes": [
          "CAR",
          "MOTORCYCLE"
        ],
        "stop_line": [
          2.252122902904475,
          41.458874503244054
        ],
        "waiting_zone_id": "30112794#10_straight+left+right"
      }
    },
    {
      "type": "Feature",
      "geometry": {
        "type": "Polygon",
        "coordinates": [
          [
            [
              2.2568530768117374,
              41.456029770161514
            ],
            [
              2.2568826025280426,
              41.456048136993644
            ],
            [
              2.2568444561235506,
              41.45608284478409
            ],
            [
              2.2568149292053246,
              41.456064477934504
            ],
            [
              2.2568530768117374,
              41.456029770161514
            ]
          ]
        ]
      },
      "properties": {
        "intersection_id": "5568932109",
        "modes": [
          "CAR",
          "MOTORCYCLE"
        ],
        "stop_line": [
          2.2568296924433375,
          41.45607366111384
        ],
        "waiting_zone_id": "30112795#0_straight"
      }
    },
    {
      "type": "Feature",
      "geometry": {
        "type": "Polygon",
        "coordinates": [
          [
            [
              2.256789293331279,
              41.456089449336375
            ],
            [
              2.2568198709541556,
              41.45610681504947
            ],
            [
              2.2566930689651667,
              41.45623318064172
            ],
            [
              2.2564906553149604,
              41.45643253368829
            ],
            [
              2.2564602084327707,
              41.45641503722515
            ],
            [
              2.256789293331279,
              41.456089449336375
            ]
          ]
        ]
      },
      "properties": {
        "intersection_id": "1091758445",
        "modes": [
          "CAR",
          "MOTORCYCLE"
        ],
        "stop_line": [
          2.256475431871814,
          41.45642378545772
        ],
        "waiting_zone_id": "30112795#1_straight"
      }
    },
    {
      "type": "Feature",
      "geometry": {
        "type": "Polygon",
        "coordinates": [
          [
            [
              2.2589051514139378,
              41.45599092351313
            ],
            [
              2.258934820459029,
              41.45600916013527
            ],
            [
              2.258896943859396,
              41.45604403518283
            ],
            [
              2.2588672748093073,
              41.456025798550975
            ],
            [
              2.2589051514139378,
              41.45599092351313
            ]
          ]
        ]
      },
      "properties": {
        "intersection_id": "5568932091",
        "modes": [
          "CAR",
          "MOTORCYCLE"
        ],
        "stop_line": [
          2.2588821096300866,
          41.456034916901984
        ],
        "waiting_zone_id": "30112803#1_straight"
      }
    },
    {
      "type": "Feature",
      "geometry": {
        "type": "Polygon",
        "coordinates": [
          [
            [
              2.2672909576834575,
              41.46021942942877
            ],
            [
              2.2677121776059215,
              41.460480256382375
            ],
            [
              2.2676872862281727,
              41.46050216791042
            ],
            [
              2.26726661554998,
              41.46024168844884
            ],
            [
              2.2672909576834575,
              41.46021942942877
            ]
          ]
        ]
      },
      "properties": {
        "intersection_id": "1092073103",
        "modes": [
          "CAR",
          "MOTORCYCLE"
        ],
        "stop_line": [
          2.2676997319191456,
          41.4604912121471
        ],
        "waiting_zone_id": "30112805#10_straight+left"
      }
    },
    {
      "type": "Feature",
      "geometry": {
        "type": "Polygon",
        "coordinates": [
          [
            [
              2.264843734284163,
              41.458706142622404
            ],
            [
              2.264990269001144,
              41.45879300987022
            ],
            [
              2.266404229627069,
              41.45966227661559
            ],
            [
              2.2663801062047964,
              41.459684670154694
            ],
            [
              2.264820019806936,
              41.45872878165167
            ],
            [
              2.264843734284163,
              41.458706142622404
            ]
          ]
        ]
      },
      "properties": {
        "intersection_id": "9690317653",
        "modes": [
          "CAR",
          "MOTORCYCLE"
        ],
        "stop_line": [
          2.266392128950025,
          41.45967344963038
        ],
        "waiting_zone_id": "30112805#4_straight"
      }
    },
    {
      "type": "Feature",
      "geometry": {
        "type": "Polygon",
        "coordinates": [
          [
            [
              2.2479753123036756,
              41.45713190170718
            ],
            [
              2.2480402315795285,
              41.45710124688574
            ],
            [
              2.2480701181077323,
              41.45714023992891
            ],
            [
              2.2480386055670905,
              41.457153908071
            ],
            [
              2.2482140480175463,
              41.45736643833498
            ],
            [
              2.248216520869414,
              41.45737107440403
            ],
            [
              2.248246302383738,
              41.45747755663874
            ],
            [
              2.2482469713626645,
              41.457550062665476
            ],
            [
              2.248267735135594,
              41.45766634818644
            ],
            [
              2.248229738949109,
              41.45767004512527
            ],
            [
              2.248208867349441,
              41.45755325267571
            ],
            [
              2.248208404947752,
              41.45748204326653
            ],
            [
              2.2481797227768743,
              41.45737949003968
            ],
            [
              2.2479753123036756,
              41.45713190170718
            ]
          ]
        ]
      },
      "properties": {
        "intersection_id": "332179972",
        "modes": [
          "CAR",
          "MOTORCYCLE"
        ],
        "stop_line": [
          2.24799150128991,
          41.45712419707852
        ],
        "waiting_zone_id": "30143882#0_straight"
      }
    },
    {
      "type": "Feature",
      "geometry": {
        "type": "Polygon",
        "coordinates": [
          [
            [
              2.261246853358697,
              41.456424654110194
            ],
            [
              2.2612781494150735,
              41.45634125984897
            ],
            [
              2.261315115836549,
              41.45634883288719
            ],
            [
              2.261287750597749,
              41.45644436559169
            ],
            [
              2.261249814317692,
              41.45644839689184
            ],
            [
              2.2612463143876123,
              41.45643068382465
            ],
            [
              2.261246853358697,
              41.456424654110194
            ]
          ]
        ]
      },
      "properties": {
        "intersection_id": ":303580418_36_0",
        "modes": [
          "CAR",
          "MOTORCYCLE"
        ],
        "stop_line": [
          2.261268778710693,
          41.45644636128827
        ],
        "waiting_zone_id": "30149433#4_straight+turn+left+right+partial_right"
      }
    },
    {
      "type": "Feature",
      "geometry": {
        "type": "Polygon",
        "coordinates": [
          [
            [
              2.2604801513490758,
              41.45896527508501
            ],
            [
              2.2605170944159014,
              41.45897291848666
            ],
            [
              2.2601560115170445,
              41.459960387348154
            ],
            [
              2.2601190431910236,
              41.45995281392632
            ],
            [
              2.2604801513490758,
              41.45896527508501
            ]
          ]
        ]
      },
      "properties": {
        "intersection_id": "1092073048",
        "modes": [
          "CAR",
          "MOTORCYCLE"
        ],
        "stop_line": [
          2.260137527352939,
          41.4599566006387
        ],
        "waiting_zone_id": "30149434#9_straight+right"
      }
    },
    {
      "type": "Feature",
      "geometry": {
        "type": "Polygon",
        "coordinates": [
          [
            [
              2.2604284416942044,
              41.456214688801026
            ],
            [
              2.260457063899826,
              41.45623384876777
            ],
            [
              2.2602014986495087,
              41.45644991139793
            ],
            [
              2.2601728776334387,
              41.45643075047518
            ],
            [
              2.2604284416942044,
              41.456214688801026
            ]
          ]
        ]
      },
      "properties": {
        "intersection_id": "5568932107",
        "modes": [
          "CAR",
          "MOTORCYCLE"
        ],
        "stop_line": [
          2.2604427525249875,
          41.45622426856894
        ],
        "waiting_zone_id": "30149437#3_straight"
      }
    },
    {
      "type": "Feature",
      "geometry": {
        "type": "Polygon",
        "coordinates": [
          [
            [
              2.2624723410692646,
              41.458807253995964
            ],
            [
              2.262442745959258,
              41.4587889503093
            ],
            [
              2.262820577215699,
              41.4584433270395
            ],
            [
              2.263348396309757,
              41.45796217558233
            ],
            [
              2.2633771349975933,
              41.457981237383926
            ],
            [
              2.2624723410692646,
              41.458807253995964
            ]
          ]
        ]
      },
      "properties": {
        "intersection_id": "9690317661",
        "modes": [
          "CAR",
          "MOTORCYCLE"
        ],
        "stop_line": [
          2.2633627656510575,
          41.45797170648394
        ],
        "waiting_zone_id": "30149440#8_straight"
      }
    },
    {
      "type": "Feature",
      "geometry": {
        "type": "Polygon",
        "coordinates": [
          [
            [
              2.2624427336773607,
              41.45878887186563
            ],
            [
              2.2624131410416983,
              41.45877056278182
            ],
            [
              2.2632610331869496,
              41.457996409069615
            ],
            [
              2.2632122928651457,
              41.45799976471676
            ],
            [
              2.2631982612344967,
              41.45799647180074
            ],
            [
              2.263151656660712,
              41.45796716936329
            ],
            [
              2.263176227610622,
              41.45794505318784
            ],
            [
              2.2632167260293157,
              41.45797051627259
            ],
            [
              2.263295368375159,
              41.45796510117467
            ],
            [
              2.2633196365164947,
              41.45794307580604
            ],
            [
              2.263348375186015,
              41.457962137615816
            ],
            [
              2.2628781622439567,
              41.458390664042746
            ],
            [
              2.2624427336773607,
              41.45878887186563
            ]
          ]
        ]
      },
      "properties": {
        "intersection_id": "9690317661",
        "modes": [
          "CAR",
          "MOTORCYCLE"
        ],
        "stop_line": [
          2.2633340058491376,
          41.45795260671162
        ],
        "waiting_zone_id": "30149440#8_right"
      }
    },
    {
      "type": "Feature",
      "geometry": {
        "type": "Polygon",
        "coordinates": [
          [
            [
              2.2321058549195594,
              41.441311148854766
            ],
            [
              2.2321523045091096,
              41.44135699333423
            ],
            [
              2.2321056279187843,
              41.44138381399737
            ],
            [
              2.232077837652565,
              41.441363577019246
            ],
            [
              2.2320530087126413,
              41.44134162947281
            ],
            [
              2.2321058549195594,
              41.441311148854766
            ]
          ]
        ]
      },
      "properties": {
        "intersection_id": "5588597296",
        "modes": [
          "CAR",
          "MOTORCYCLE"
        ],
        "stop_line": [
          2.232129045192239,
          41.44133409051652
        ],
        "waiting_zone_id": "360376141#1_straight"
      }
    },
    {
      "type": "Feature",
      "geometry": {
        "type": "Polygon",
        "coordinates": [
          [
            [
              2.2456175317666274,
              41.44931473217629
            ],
            [
              2.245687482541692,
              41.44933819407085
            ],
            [
              2.245663178048115,
              41.44937935000406
            ],
            [
              2.2455932272380372,
              41.44935588809458
            ],
            [
              2.2456175317666274,
              41.44931473217629
            ]
          ]
        ]
      },
      "properties": {
        "intersection_id": "2141756695",
        "modes": [
          "CAR",
          "MOTORCYCLE"
        ],
        "stop_line": [
          2.2456282025426932,
          41.449367618751985
        ],
        "waiting_zone_id": "37442552#0_straight"
      }
    },
    {
      "type": "Feature",
      "geometry": {
        "type": "Polygon",
        "coordinates": [
          [
            [
              2.245554127326331,
              41.4494218804568
            ],
            [
              2.2456239989644975,
              41.4494453607863
            ],
            [
              2.245315975485999,
              41.44997090589242
            ],
            [
              2.2452459220622663,
              41.449947473725246
            ],
            [
              2.245554127326331,
              41.4494218804568
            ]
          ]
        ]
      },
      "properties": {
        "intersection_id": "5588596723",
        "modes": [
          "CAR",
          "MOTORCYCLE"
        ],
        "stop_line": [
          2.2452634464118786,
          41.449953290460726
        ],
        "waiting_zone_id": "37442552#2_straight"
      }
    },
    {
      "type": "Feature",
      "geometry": {
        "type": "Polygon",
        "coordinates": [
          [
            [
              2.239745866092616,
              41.45088812001298
            ],
            [
              2.2398200688584233,
              41.45082411447607
            ],
            [
              2.2398488167931334,
              41.450843166009605
            ],
            [
              2.239741474533126,
              41.45093694189478
            ],
            [
              2.2397121096800876,
              41.45091843210769
            ],
            [
              2.239745866092616,
              41.45088812001298
            ]
          ]
        ]
      },
      "properties": {
        "intersection_id": "301798804",
        "modes": [
          "CAR",
          "MOTORCYCLE"
        ],
        "stop_line": [
          2.2397267956956877,
          41.45092768377742
        ],
        "waiting_zone_id": "383795989#2_straight+turn+right"
      }
    },
    {
      "type": "Feature",
      "geometry": {
        "type": "Polygon",
        "coordinates": [
          [
            [
              2.240999529607603,
              41.449810374174966
            ],
            [
              2.2410282871305727,
              41.44982941647266
            ],
            [
              2.2406965802508063,
              41.45011241542648
            ],
            [
              2.2406678517271814,
              41.450093348017326
            ],
            [
              2.240999529607603,
              41.449810374174966
            ]
          ]
        ]
      },
      "properties": {
        "intersection_id": "303587410",
        "modes": [
          "CAR",
          "MOTORCYCLE"
        ],
        "stop_line": [
          2.2406822159868875,
          41.450102881722785
        ],
        "waiting_zone_id": "391642301#4_straight+turn+right"
      }
    },
    {
      "type": "Feature",
      "geometry": {
        "type": "Polygon",
        "coordinates": [
          [
            [
              2.241390240460316,
              41.44834046818924
            ],
            [
              2.2419263317785405,
              41.448919254016154
            ],
            [
              2.2419483685691017,
              41.44895440933474
            ],
            [
              2.2419132268697215,
              41.44896588381787
            ],
            [
              2.2413567749763494,
              41.44835770300437
            ],
            [
              2.2413522537989503,
              41.44834419355957
            ],
            [
              2.241390240460316,
              41.44834046818924
            ]
          ]
        ]
      },
      "properties": {
        "intersection_id": "13608027774",
        "modes": [
          "CAR",
          "MOTORCYCLE"
        ],
        "stop_line": [
          2.2413712471301532,
          41.44834233087597
        ],
        "waiting_zone_id": "391642302#1_straight"
      }
    },
    {
      "type": "Feature",
      "geometry": {
        "type": "Polygon",
        "coordinates": [
          [
            [
              2.244253435551129,
              41.459189472344924
            ],
            [
              2.2440885689980785,
              41.45899325320489
            ],
            [
              2.244144676352337,
              41.458954191912355
            ],
            [
              2.244261134103693,
              41.45909205723252
            ],
            [
              2.244209767383598,
              41.45893019778249
            ],
            [
              2.2441674035634342,
              41.458754034228136
            ],
            [
              2.244205105908608,
              41.458748906324566
            ],
            [
              2.2442471589903894,
              41.45892389415692
            ],
            [
              2.244324848619463,
              41.45916870110753
            ],
            [
              2.244375380916077,
              41.459274782875895
            ],
            [
              2.2445246742843645,
              41.459640446881615
            ],
            [
              2.244546235234297,
              41.45975633922843
            ],
            [
              2.2446122265982664,
              41.45994125265711
            ],
            [
              2.2446264671932936,
              41.45996859181376
            ],
            [
              2.2445552409013247,
              41.45998970944488
            ],
            [
              2.2445389737087083,
              41.45995840181217
            ],
            [
              2.2444719543961758,
              41.45977035781768
            ],
            [
              2.244450975730009,
              41.45965619960732
            ],
            [
              2.2443025263175462,
              41.459292647887594
            ],
            [
              2.244253435551129,
              41.459189472344924
            ]
          ]
        ]
      },
      "properties": {
        "intersection_id": "759549499",
        "modes": [
          "CAR",
          "MOTORCYCLE"
        ],
        "stop_line": [
          2.244590088082855,
          41.45997768853979
        ],
        "waiting_zone_id": "395406703#0_straight"
      }
    },
    {
      "type": "Feature",
      "geometry": {
        "type": "Polygon",
        "coordinates": [
          [
            [
              2.244654893669636,
              41.460011478149944
            ],
            [
              2.246742134424185,
              41.46145563772372
            ],
            [
              2.2466827758783734,
              41.46149311078242
            ],
            [
              2.2462351243875336,
              41.46119289567312
            ],
            [
              2.244761250256201,
              41.46019407411095
            ],
            [
              2.24464287874724,
              41.46010839744533
            ],
            [
              2.2445889329382416,
              41.46004079200024
            ],
            [
              2.244654893669636,
              41.460011478149944
            ]
          ]
        ]
      },
      "properties": {
        "intersection_id": "5588790731",
        "modes": [
          "CAR",
          "MOTORCYCLE"
        ],
        "stop_line": [
          2.2466955244694518,
          41.4614823538697
        ],
        "waiting_zone_id": "395406703#2_straight"
      }
    },
    {
      "type": "Feature",
      "geometry": {
        "type": "Polygon",
        "coordinates": [
          [
            [
              2.265831561586071,
              41.46030436351241
            ],
            [
              2.2658355449220307,
              41.46029357011865
            ],
            [
              2.2663200945189117,
              41.459833505309795
            ],
            [
              2.266351672077218,
              41.45984986062725
            ],
            [
              2.2658705954356693,
              41.46030670415933
            ],
            [
              2.2658819835413295,
              41.46037309039406
            ],
            [
              2.2659000036134502,
              41.46035500139241
            ],
            [
              2.2662157859154894,
              41.46053302128291
            ],
            [
              2.2662281043564603,
              41.46055207129822
            ],
            [
              2.2661992762182535,
              41.46055967702104
            ],
            [
              2.2663150067145033,
              41.460622094466295
            ],
            [
              2.2662927388767473,
              41.46064555008354
            ],
            [
              2.2661700013596406,
              41.46057929218695
            ],
            [
              2.265854015481366,
              41.46040115918067
            ],
            [
              2.2658465045158964,
              41.46039147059815
            ],
            [
              2.265831561586071,
              41.46030436351241
            ]
          ]
        ]
      },
      "properties": {
        "intersection_id": "5588593495",
        "modes": [
          "CAR",
          "MOTORCYCLE"
        ],
        "stop_line": [
          2.2663362745315454,
          41.459841285535234
        ],
        "waiting_zone_id": "395406716#0_straight"
      }
    },
    {
      "type": "Feature",
      "geometry": {
        "type": "Polygon",
        "coordinates": [
          [
            [
              2.2428631209634005,
              41.44800563371251
            ],
            [
              2.2428795969801825,
              41.44806190892678
            ],
            [
              2.242821085105336,
              41.44807139866246
            ],
            [
              2.2428049593642667,
              41.44801506719726
            ],
            [
              2.2428631209634005,
              41.44800563371251
            ]
          ]
        ]
      },
      "properties": {
        "intersection_id": "5588597063",
        "modes": [
          "CAR",
          "MOTORCYCLE"
        ],
        "stop_line": [
          2.2428089958523585,
          41.44802915515021
        ],
        "waiting_zone_id": "405842382#0_straight"
      }
    },
    {
      "type": "Feature",
      "geometry": {
        "type": "Polygon",
        "coordinates": [
          [
            [
              2.2382010196643614,
              41.46156350502987
            ],
            [
              2.238564779976345,
              41.46165447802488
            ],
            [
              2.2385527395385094,
              41.46168184031258
            ],
            [
              2.2381891605790982,
              41.4615909117163
            ],
            [
              2.2382010196643614,
              41.46156350502987
            ]
          ]
        ]
      },
      "properties": {
        "intersection_id": "5664109898",
        "modes": [
          "CAR",
          "MOTORCYCLE"
        ],
        "stop_line": [
          2.2385587104307336,
          41.46166814688545
        ],
        "waiting_zone_id": "40762263#2_straight"
      }
    },
    {
      "type": "Feature",
      "geometry": {
        "type": "Polygon",
        "coordinates": [
          [
            [
              2.2357423736517723,
              41.454156107931304
            ],
            [
              2.2357978946898305,
              41.454172777528896
            ],
            [
              2.2357836943994607,
              41.45419954693679
            ],
            [
              2.235728173342416,
              41.45418287733225
            ],
            [
              2.2357423736517723,
              41.454156107931304
            ]
          ]
        ]
      },
      "properties": {
        "intersection_id": "2119385411",
        "modes": [
          "CAR",
          "MOTORCYCLE"
        ],
        "stop_line": [
          2.2357352734985714,
          41.454169492632026
        ],
        "waiting_zone_id": "40762291#0_straight"
      }
    },
    {
      "type": "Feature",
      "geometry": {
        "type": "Polygon",
        "coordinates": [
          [
            [
              2.232248379738811,
              41.45287733949398
            ],
            [
              2.232299438339325,
              41.45290076719233
            ],
            [
              2.2322794916102326,
              41.45292537386964
            ],
            [
              2.232228431790083,
              41.452901947055096
            ],
            [
              2.232248379738811,
              41.45287733949398
            ]
          ]
        ]
      },
      "properties": {
        "intersection_id": "5588597494",
        "modes": [
          "CAR",
          "MOTORCYCLE"
        ],
        "stop_line": [
          2.2322894649766742,
          41.452913070531444
        ],
        "waiting_zone_id": "40762295#0_straight"
      }
    },
    {
      "type": "Feature",
      "geometry": {
        "type": "Polygon",
        "coordinates": [
          [
            [
              2.2282831466806208,
              41.458290328902116
            ],
            [
              2.228201674544154,
              41.458244204760625
            ],
            [
              2.228247735299892,
              41.45819817964124
            ],
            [
              2.2283244012129524,
              41.45824157738967
            ],
            [
              2.2283593762327425,
              41.458253881051014
            ],
            [
              2.2283969730915345,
              41.458260358276114
            ],
            [
              2.2284401294202714,
              41.458261571013
            ],
            [
              2.2284776047161468,
              41.45825860582143
            ],
            [
              2.2284816113922394,
              41.458287270877584
            ],
            [
              2.228454733888794,
              41.45828942802969
            ],
            [
              2.2284587944866914,
              41.458318088944445
            ],
            [
              2.228441373737172,
              41.458319334018796
            ],
            [
              2.228385160890104,
              41.45831745542479
            ],
            [
              2.228332453594844,
              41.45830802778419
            ],
            [
              2.2282831466806208,
              41.458290328902116
            ]
          ]
        ]
      },
      "properties": {
        "intersection_id": "495439490",
        "modes": [
          "CAR",
          "MOTORCYCLE"
        ],
        "stop_line": [
          2.228479608053776,
          41.45827293834953
        ],
        "waiting_zone_id": "40762304#0_straight"
      }
    },
    {
      "type": "Feature",
      "geometry": {
        "type": "Polygon",
        "coordinates": [
          [
            [
              2.2360682004988055,
              41.45412071574808
            ],
            [
              2.236124186301826,
              41.454136656871896
            ],
            [
              2.2361106245037914,
              41.45416361341125
            ],
            [
              2.23605463868111,
              41.45414767228075
            ],
            [
              2.2360682004988055,
              41.45412071574808
            ]
          ]
        ]
      },
      "properties": {
        "intersection_id": "495439126",
        "modes": [
          "CAR",
          "MOTORCYCLE"
        ],
        "stop_line": [
          2.2361174056281645,
          41.454150135062875
        ],
        "waiting_zone_id": "40762305#0_straight"
      }
    },
    {
      "type": "Feature",
      "geometry": {
        "type": "Polygon",
        "coordinates": [
          [
            [
              2.2317173556181036,
              41.452978152361226
            ],
            [
              2.231718678713216,
              41.45300695794023
            ],
            [
              2.2316589593205554,
              41.453008382174744
            ],
            [
              2.2316578266649425,
              41.452979572462645
            ],
            [
              2.2317173556181036,
              41.452978152361226
            ]
          ]
        ]
      },
      "properties": {
        "intersection_id": "5588597490",
        "modes": [
          "CAR",
          "MOTORCYCLE"
        ],
        "stop_line": [
          2.2316583929926477,
          41.452993977318705
        ],
        "waiting_zone_id": "40762308#0_straight"
      }
    },
    {
      "type": "Feature",
      "geometry": {
        "type": "Polygon",
        "coordinates": [
          [
            [
              2.2361358719199074,
              41.454022246483305
            ],
            [
              2.2361043433401653,
              41.45400587058802
            ],
            [
              2.2361742783454477,
              41.45393293977294
            ],
            [
              2.2363734482464883,
              41.45373537903006
            ],
            [
              2.236926185775454,
              41.45326450237701
            ],
            [
              2.2369548855468095,
              41.453283595741034
            ],
            [
              2.236403569820593,
              41.45375319660882
            ],
            [
              2.2362051995427135,
              41.45394995744877
            ],
            [
              2.2361358719199074,
              41.454022246483305
            ]
          ]
        ]
      },
      "properties": {
        "intersection_id": "5588597502",
        "modes": [
          "CAR",
          "MOTORCYCLE"
        ],
        "stop_line": [
          2.236120514394235,
          41.45401361526943
        ],
        "waiting_zone_id": "40762310#0_straight"
      }
    },
    {
      "type": "Feature",
      "geometry": {
        "type": "Polygon",
        "coordinates": [
          [
            [
              2.239559501423449,
              41.45758155171426
            ],
            [
              2.2395434434687376,
              41.457607720206276
            ],
            [
              2.238728367453675,
              41.45732399692141
            ],
            [
              2.2387444471288203,
              41.45729783589223
            ],
            [
              2.239559501423449,
              41.45758155171426
            ]
          ]
        ]
      },
      "properties": {
        "intersection_id": "495439285",
        "modes": [
          "CAR",
          "MOTORCYCLE"
        ],
        "stop_line": [
          2.2387364073047946,
          41.45731091632376
        ],
        "waiting_zone_id": "40762312#0_straight"
      }
    },
    {
      "type": "Feature",
      "geometry": {
        "type": "Polygon",
        "coordinates": [
          [
            [
              2.2391482574790587,
              41.45743840103418
            ],
            [
              2.2387444762733164,
              41.45729780095635
            ],
            [
              2.238760555934686,
              41.457271639924116
            ],
            [
              2.2395756268179547,
              41.45755545122141
            ],
            [
              2.2396880738984684,
              41.45762498598859
            ],
            [
              2.2402449580336654,
              41.457810792795705
            ],
            [
              2.2403699487006885,
              41.4578514779055
            ],
            [
              2.2408220083589585,
              41.4579962237845
            ],
            [
              2.24080699798715,
              41.45802274344879
            ],
            [
              2.2403548976311085,
              41.457877983732246
            ],
            [
              2.24022966119258,
              41.45783721951911
            ],
            [
              2.2396701421787584,
              41.45765053591361
            ],
            [
              2.2395592084313676,
              41.457582029182824
            ],
            [
              2.2391482574790587,
              41.45743840103418
            ]
          ]
        ]
      },
      "properties": {
        "intersection_id": "495439285",
        "modes": [
          "CAR",
          "MOTORCYCLE"
        ],
        "stop_line": [
          2.2387525632240175,
          41.45728473682908
        ],
        "waiting_zone_id": "40762312#0_straight+left"
      }
    },
    {
      "type": "Feature",
      "geometry": {
        "type": "Polygon",
        "coordinates": [
          [
            [
              2.2360964154095866,
              41.454279412195
            ],
            [
              2.236112020744122,
              41.45425308983993
            ],
            [
              2.2366629869943697,
              41.45443585363467
            ],
            [
              2.2369047522104366,
              41.45451292010544
            ],
            [
              2.2371663307736673,
              41.45462605618791
            ],
            [
              2.2373334644971927,
              41.45472894831475
            ],
            [
              2.2374084199316098,
              41.454778102456615
            ],
            [
              2.2374860328997315,
              41.454854907144174
            ],
            [
              2.2374554588717364,
              41.454872277960476
            ],
            [
              2.2373817431319614,
              41.45479884444737
            ],
            [
              2.2373089704693165,
              41.45475111172043
            ],
            [
              2.2371432929008903,
              41.4546491164465
            ],
            [
              2.236886729247111,
              41.45453837082372
            ],
            [
              2.2366477730167027,
              41.4544623065665
            ],
            [
              2.2360964154095866,
              41.454279412195
            ]
          ]
        ]
      },
      "properties": {
        "intersection_id": "5588597503",
        "modes": [
          "CAR",
          "MOTORCYCLE"
        ],
        "stop_line": [
          2.2361042180784483,
          41.45426625101774
        ],
        "waiting_zone_id": "40762312#12_straight"
      }
    },
    {
      "type": "Feature",
      "geometry": {
        "type": "Polygon",
        "coordinates": [
          [
            [
              2.229977877867741,
              41.453104537872065
            ],
            [
              2.229987225970432,
              41.45313248923891
            ],
            [
              2.229929687227412,
              41.453143379564686
            ],
            [
              2.2299203403451697,
              41.45311542820144
            ],
            [
              2.229977877867741,
              41.453104537872065
            ]
          ]
        ]
      },
      "properties": {
        "intersection_id": "5588597489",
        "modes": [
          "CAR",
          "MOTORCYCLE"
        ],
        "stop_line": [
          2.2299825519181047,
          41.45311851355559
        ],
        "waiting_zone_id": "40762313#3_straight"
      }
    },
    {
      "type": "Feature",
      "geometry": {
        "type": "Polygon",
        "coordinates": [
          [
            [
              2.2381179183583995,
              41.45682654231461
            ],
            [
              2.238060589447214,
              41.45673248540459
            ],
            [
              2.2380954166759404,
              41.456720471396345
            ],
            [
              2.238152021946997,
              41.45681334262356
            ],
            [
              2.2382932508317466,
              41.45696519184402
            ],
            [
              2.2385319124340253,
              41.45709185711943
            ],
            [
              2.2386551692792107,
              41.45714462507977
            ],
            [
              2.238803861739424,
              41.4571707371237
            ],
            [
              2.2388192839205874,
              41.45714427628879
            ],
            [
              2.2389149119137124,
              41.45717579458454
            ],
            [
              2.238884316873236,
              41.45722859452563
            ],
            [
              2.2387901603807583,
              41.45719768763793
            ],
            [
              2.2386387189779415,
              41.45717073950789
            ],
            [
              2.238510584279906,
              41.457115810785744
            ],
            [
              2.2382684301339753,
              41.45698729293171
            ],
            [
              2.238263777702045,
              41.45698377895332
            ],
            [
              2.2381179183583995,
              41.45682654231461
            ]
          ]
        ]
      },
      "properties": {
        "intersection_id": "5588597513",
        "modes": [
          "CAR",
          "MOTORCYCLE"
        ],
        "stop_line": [
          2.2388526367816612,
          41.45717016550617
        ],
        "waiting_zone_id": "41184808#0+673941031#0_straight"
      }
    },
    {
      "type": "Feature",
      "geometry": {
        "type": "Polygon",
        "coordinates": [
          [
            [
              2.2702582846148522,
              41.46203274032729
            ],
            [
              2.2708912977280242,
              41.46238410041556
            ],
            [
              2.270868473924945,
              41.46240725254166
            ],
            [
              2.2702355345043697,
              41.46205593242915
            ],
            [
              2.2702582846148522,
              41.46203274032729
            ]
          ]
        ]
      },
      "properties": {
        "intersection_id": "6325763623",
        "modes": [
          "CAR",
          "MOTORCYCLE"
        ],
        "stop_line": [
          2.270879885828521,
          41.4623956764792
        ],
        "waiting_zone_id": "420313602#2_straight"
      }
    },
    {
      "type": "Feature",
      "geometry": {
        "type": "Polygon",
        "coordinates": [
          [
            [
              2.2327960878077797,
              41.44683826725338
            ],
            [
              2.2328211036389827,
              41.446860095169974
            ],
            [
              2.2327758358793637,
              41.446889464664544
            ],
            [
              2.232750818855297,
              41.44686763673026
            ],
            [
              2.2327960878077797,
              41.44683826725338
            ]
          ]
        ]
      },
      "properties": {
        "intersection_id": "5588597472",
        "modes": [
          "CAR",
          "MOTORCYCLE"
        ],
        "stop_line": [
          2.2327633273652374,
          41.446878550698074
        ],
        "waiting_zone_id": "43029697#0_straight"
      }
    },
    {
      "type": "Feature",
      "geometry": {
        "type": "Polygon",
        "coordinates": [
          [
            [
              2.232924111683912,
              41.44690404480347
            ],
            [
              2.2330633780291365,
              41.44702981733087
            ],
            [
              2.2330517391721174,
              41.44705727726813
            ],
            [
              2.2330204621988186,
              41.44704977271626
            ],
            [
              2.233010777052543,
              41.44704450364557
            ],
            [
              2.232892892045056,
              41.446920747183086
            ],
            [
              2.232924111683912,
              41.44690404480347
            ]
          ]
        ]
      },
      "properties": {
        "intersection_id": "5588597471",
        "modes": [
          "CAR",
          "MOTORCYCLE"
        ],
        "stop_line": [
          2.2329085018664783,
          41.44691239599437
        ],
        "waiting_zone_id": "43029702#0_straight"
      }
    },
    {
      "type": "Feature",
      "geometry": {
        "type": "Polygon",
        "coordinates": [
          [
            [
              2.22997937623387,
              41.45300396107639
            ],
            [
              2.230008551650709,
              41.45302264140982
            ],
            [
              2.2299390861809147,
              41.453085033831655
            ],
            [
              2.2299096965784084,
              41.45306654480584
            ],
            [
              2.22997937623387,
              41.45300396107639
            ]
          ]
        ]
      },
      "properties": {
        "intersection_id": "5631458682",
        "modes": [
          "CAR",
          "MOTORCYCLE"
        ],
        "stop_line": [
          2.2299939641701645,
          41.45301330101684
        ],
        "waiting_zone_id": "43029710#0_straight"
      }
    },
    {
      "type": "Feature",
      "geometry": {
        "type": "Polygon",
        "coordinates": [
          [
            [
              2.2306159461503405,
              41.44050640492439
            ],
            [
              2.2309198014148164,
              41.4402887451135
            ],
            [
              2.230946210315132,
              41.440309622575775
            ],
            [
              2.2306357288398964,
              41.44053250479407
            ],
            [
              2.2306081267396762,
              41.44051252002562
            ],
            [
              2.2306159461503405,
              41.44050640492439
            ]
          ]
        ]
      },
      "properties": {
        "intersection_id": "5588596751",
        "modes": [
          "CAR",
          "MOTORCYCLE"
        ],
        "stop_line": [
          2.230621928071115,
          41.440522512357106
        ],
        "waiting_zone_id": "45260120#3_straight"
      }
    },
    {
      "type": "Feature",
      "geometry": {
        "type": "Polygon",
        "coordinates": [
          [
            [
              2.2491221793493934,
              41.45164166988189
            ],
            [
              2.2491484441955594,
              41.45166265209446
            ],
            [
              2.2482606201308735,
              41.4522779350283
            ],
            [
              2.248234664317272,
              41.452256736654995
            ],
            [
              2.2491221793493934,
              41.45164166988189
            ]
          ]
        ]
      },
      "properties": {
        "intersection_id": "229063638",
        "modes": [
          "CAR",
          "MOTORCYCLE"
        ],
        "stop_line": [
          2.2491352907199604,
          41.45165217590492
        ],
        "waiting_zone_id": "46257311#2_straight+turn+left"
      }
    },
    {
      "type": "Feature",
      "geometry": {
        "type": "Polygon",
        "coordinates": [
          [
            [
              2.2427871988266728,
              41.45400446228932
            ],
            [
              2.2428604440733224,
              41.45401945087136
            ],
            [
              2.2428454177063673,
              41.4540630442974
            ],
            [
              2.2427714704370754,
              41.45404788174495
            ],
            [
              2.2427871988266728,
              41.45400446228932
            ]
          ]
        ]
      },
      "properties": {
        "intersection_id": "590815505",
        "modes": [
          "CAR",
          "MOTORCYCLE"
        ],
        "stop_line": [
          2.2427899518768535,
          41.4540516712262
        ],
        "waiting_zone_id": "46270517#0_straight"
      }
    },
    {
      "type": "Feature",
      "geometry": {
        "type": "Polygon",
        "coordinates": [
          [
            [
              2.247870901061316,
              41.45440081321618
            ],
            [
              2.2479222042826916,
              41.454423970767046
            ],
            [
              2.2479024939919396,
              41.45444868618962
            ],
            [
              2.24785119075836,
              41.45442552862995
            ],
            [
              2.247870901061316,
              41.45440081321618
            ]
          ]
        ]
      },
      "properties": {
        "intersection_id": "5640465397",
        "modes": [
          "CAR",
          "MOTORCYCLE"
        ],
        "stop_line": [
          2.2478610459117196,
          41.454413170923516
        ],
        "waiting_zone_id": "46270522#0_straight"
      }
    },
    {
      "type": "Feature",
      "geometry": {
        "type": "Polygon",
        "coordinates": [
          [
            [
              2.2430715376582686,
              41.45351512703395
            ],
            [
              2.2431196933634387,
              41.45354187889458
            ],
            [
              2.243096935479252,
              41.45356506559868
            ],
            [
              2.2430487797665672,
              41.45353831372857
            ],
            [
              2.2430715376582686,
              41.45351512703395
            ]
          ]
        ]
      },
      "properties": {
        "intersection_id": "5588593520",
        "modes": [
          "CAR",
          "MOTORCYCLE"
        ],
        "stop_line": [
          2.243108313932553,
          41.453553472371134
        ],
        "waiting_zone_id": "46270523#0_straight"
      }
    },
    {
      "type": "Feature",
      "geometry": {
        "type": "Polygon",
        "coordinates": [
          [
            [
              2.2473699593939944,
              41.45278500600363
            ],
            [
              2.2482374709913846,
              41.45341912883928
            ],
            [
              2.248210625459606,
              41.45343969210276
            ],
            [
              2.2473426343233083,
              41.45280520923499
            ],
            [
              2.2473699593939944,
              41.45278500600363
            ]
          ]
        ]
      },
      "properties": {
        "intersection_id": "5588789880",
        "modes": [
          "CAR",
          "MOTORCYCLE"
        ],
        "stop_line": [
          2.2482240482276157,
          41.45342941047185
        ],
        "waiting_zone_id": "46270528#1_straight"
      }
    },
    {
      "type": "Feature",
      "geometry": {
        "type": "Polygon",
        "coordinates": [
          [
            [
              2.2476315695425897,
              41.4557669656212
            ],
            [
              2.2477357976026675,
              41.4558222223743
            ],
            [
              2.2477137270805168,
              41.45584578288325
            ],
            [
              2.247609499012455,
              41.45579052520954
            ],
            [
              2.2476315695425897,
              41.4557669656212
            ]
          ]
        ]
      },
      "properties": {
        "intersection_id": "5588789874",
        "modes": [
          "CAR",
          "MOTORCYCLE"
        ],
        "stop_line": [
          2.247724762408994,
          41.45583400277572
        ],
        "waiting_zone_id": "46270534#0+927976426#0_straight"
      }
    },
    {
      "type": "Feature",
      "geometry": {
        "type": "Polygon",
        "coordinates": [
          [
            [
              2.2484105972798987,
              41.44656343726044
            ],
            [
              2.2488734786432962,
              41.446203451672964
            ],
            [
              2.2489010090879957,
              41.446223492836694
            ],
            [
              2.2484024635873223,
              41.44661273588637
            ],
            [
              2.2483742395922772,
              41.44659324763369
            ],
            [
              2.2484105972798987,
              41.44656343726044
            ]
          ]
        ]
      },
      "properties": {
        "intersection_id": "599378073",
        "modes": [
          "CAR",
          "MOTORCYCLE"
        ],
        "stop_line": [
          2.248388351418931,
          41.44660299178
        ],
        "waiting_zone_id": "46972135#0_right"
      }
    },
    {
      "type": "Feature",
      "geometry": {
        "type": "Polygon",
        "coordinates": [
          [
            [
              2.2516705950411784,
              41.45369980627222
            ],
            [
              2.2517083284349986,
              41.45370479684903
            ],
            [
              2.2515601777886696,
              41.45433887756641
            ],
            [
              2.2515495982312466,
              41.454349947319315
            ],
            [
              2.2515224440401425,
              41.45433388693854
            ],
            [
              2.2516705950411784,
              41.45369980627222
            ]
          ]
        ]
      },
      "properties": {
        "intersection_id": "6228277565",
        "modes": [
          "CAR",
          "MOTORCYCLE"
        ],
        "stop_line": [
          2.2516894615896614,
          41.45370230160512
        ],
        "waiting_zone_id": "47157545#0_straight"
      }
    },
    {
      "type": "Feature",
      "geometry": {
        "type": "Polygon",
        "coordinates": [
          [
            [
              2.2467350254604024,
              41.45132144614376
            ],
            [
              2.246814867620292,
              41.451259233067056
            ],
            [
              2.2468578737059333,
              41.45129055875895
            ],
            [
              2.246831231716424,
              41.451311263557365
            ],
            [
              2.2469457580074943,
              41.45139714259283
            ],
            [
              2.247193841153108,
              41.45158860882114
            ],
            [
              2.2471664097510455,
              41.45160872845139
            ],
            [
              2.2469186161718895,
              41.4514174838416
            ],
            [
              2.2468046512944357,
              41.45133202640021
            ],
            [
              2.2467780907494603,
              41.45135272541419
            ],
            [
              2.2467350254604024,
              41.45132144614376
            ]
          ]
        ]
      },
      "properties": {
        "intersection_id": "5588593468",
        "modes": [
          "CAR",
          "MOTORCYCLE"
        ],
        "stop_line": [
          2.246748329417299,
          41.45131107835185
        ],
        "waiting_zone_id": "47373955#3_straight"
      }
    },
    {
      "type": "Feature",
      "geometry": {
        "type": "Polygon",
        "coordinates": [
          [
            [
              2.2461538961583454,
              41.45081182331885
            ],
            [
              2.2461974501632183,
              41.45084271779053
            ],
            [
              2.246144710091585,
              41.45088450355039
            ],
            [
              2.246101156084378,
              41.45085360905894
            ],
            [
              2.2461538961583454,
              41.45081182331885
            ]
          ]
        ]
      },
      "properties": {
        "intersection_id": "1082798745",
        "modes": [
          "CAR",
          "MOTORCYCLE"
        ],
        "stop_line": [
          2.246127526405607,
          41.450832716614656
        ],
        "waiting_zone_id": "47373955#6_straight"
      }
    },
    {
      "type": "Feature",
      "geometry": {
        "type": "Polygon",
        "coordinates": [
          [
            [
              2.2450970705025926,
              41.44998646839179
            ],
            [
              2.2451446418448864,
              41.45001380286735
            ],
            [
              2.2451199886899795,
              41.450038097176815
            ],
            [
              2.2450955727859467,
              41.450060306915965
            ],
            [
              2.245049446752421,
              41.45003160466886
            ],
            [
              2.2450970705025926,
              41.44998646839179
            ]
          ]
        ]
      },
      "properties": {
        "intersection_id": "5588596724",
        "modes": [
          "CAR",
          "MOTORCYCLE"
        ],
        "stop_line": [
          2.2450735497989474,
          41.45000921040224
        ],
        "waiting_zone_id": "47373956#0_straight"
      }
    },
    {
      "type": "Feature",
      "geometry": {
        "type": "Polygon",
        "coordinates": [
          [
            [
              2.242810651050206,
              41.44875975303683
            ],
            [
              2.242565196313602,
              41.44861843180331
            ],
            [
              2.242611857426479,
              41.44857264167186
            ],
            [
              2.242857158029411,
              41.448714033851786
            ],
            [
              2.243622792932936,
              41.44915177248507
            ],
            [
              2.243829318705972,
              41.44927602769376
            ],
            [
              2.2438053935962525,
              41.449298538533945
            ],
            [
              2.2435994254508986,
              41.4491746130185
            ],
            [
              2.2428339593277937,
              41.44873696992017
            ],
            [
              2.242810651050206,
              41.44875975303683
            ]
          ]
        ]
      },
      "properties": {
        "intersection_id": "5588597318",
        "modes": [
          "CAR",
          "MOTORCYCLE"
        ],
        "stop_line": [
          2.2426002087008103,
          41.44858408188439
        ],
        "waiting_zone_id": "47373956#4_straight"
      }
    },
    {
      "type": "Feature",
      "geometry": {
        "type": "Polygon",
        "coordinates": [
          [
            [
              2.2477015986780917,
              41.454259277612174
            ],
            [
              2.2478969793569723,
              41.45426460675058
            ],
            [
              2.2478955906158378,
              41.454293410633646
            ],
            [
              2.247700209850699,
              41.45428808149218
            ],
            [
              2.2477015986780917,
              41.454259277612174
            ]
          ]
        ]
      },
      "properties": {
        "intersection_id": "5640465396",
        "modes": [
          "CAR",
          "MOTORCYCLE"
        ],
        "stop_line": [
          2.247896285021943,
          41.45427900895572
        ],
        "waiting_zone_id": "47395964#0_straight"
      }
    },
    {
      "type": "Feature",
      "geometry": {
        "type": "Polygon",
        "coordinates": [
          [
            [
              2.2349424920074363,
              41.452829731067936
            ],
            [
              2.2349758486448668,
              41.452843907216625
            ],
            [
              2.2344726640981545,
              41.45351404501351
            ],
            [
              2.2344393072313617,
              41.453499868718566
            ],
            [
              2.2349424920074363,
              41.452829731067936
            ]
          ]
        ]
      },
      "properties": {
        "intersection_id": "2119385407",
        "modes": [
          "CAR",
          "MOTORCYCLE"
        ],
        "stop_line": [
          2.23445598566293,
          41.45350695686723
        ],
        "waiting_zone_id": "4782356#3_straight"
      }
    },
    {
      "type": "Feature",
      "geometry": {
        "type": "Polygon",
        "coordinates": [
          [
            [
              2.2382533476636226,
              41.44610368874986
            ],
            [
              2.2382820737286853,
              41.446122756754164
            ],
            [
              2.2382424882515544,
              41.446156518429234
            ],
            [
              2.238213762183487,
              41.44613745041514
            ],
            [
              2.2382533476636226,
              41.44610368874986
            ]
          ]
        ]
      },
      "properties": {
        "intersection_id": "5588597071",
        "modes": [
          "CAR",
          "MOTORCYCLE"
        ],
        "stop_line": [
          2.2382281252154157,
          41.44614698442307
        ],
        "waiting_zone_id": "4782372#0_straight"
      }
    },
    {
      "type": "Feature",
      "geometry": {
        "type": "Polygon",
        "coordinates": [
          [
            [
              2.2367522213377518,
              41.447362830915665
            ],
            [
              2.2373628713164675,
              41.44685603129149
            ],
            [
              2.2374157631505693,
              41.44681395599688
            ],
            [
              2.237443217785001,
              41.44683405703982
            ],
            [
              2.236179161845045,
              41.44789213240918
            ],
            [
              2.2361505565426043,
              41.44787296200225
            ],
            [
              2.2367522213377518,
              41.447362830915665
            ]
          ]
        ]
      },
      "properties": {
        "intersection_id": "5588597308",
        "modes": [
          "CAR",
          "MOTORCYCLE"
        ],
        "stop_line": [
          2.2361649622233037,
          41.44788246017356
        ],
        "waiting_zone_id": "4782372#4_straight"
      }
    },
    {
      "type": "Feature",
      "geometry": {
        "type": "Polygon",
        "coordinates": [
          [
            [
              2.2416258879194793,
              41.44692897480814
            ],
            [
              2.241653783714753,
              41.44694872826794
            ],
            [
              2.241612789952992,
              41.44698150270824
            ],
            [
              2.2415848941564116,
              41.44696174923858
            ],
            [
              2.2416258879194793,
              41.44692897480814
            ]
          ]
        ]
      },
      "properties": {
        "intersection_id": "30618555",
        "modes": [
          "CAR",
          "MOTORCYCLE"
        ],
        "stop_line": [
          2.2416398358149996,
          41.44693885153888
        ],
        "waiting_zone_id": "4782375#3_left"
      }
    },
    {
      "type": "Feature",
      "geometry": {
        "type": "Polygon",
        "coordinates": [
          [
            [
              2.2487242820322373,
              41.45956271079507
            ],
            [
              2.248674108596762,
              41.459359982006326
            ],
            [
              2.248735586906404,
              41.45935102646731
            ],
            [
              2.2487992541804176,
              41.4595510467095
            ],
            [
              2.248835977641417,
              41.459677242693175
            ],
            [
              2.248799860248342,
              41.45968695372997
            ],
            [
              2.2487631253568825,
              41.459695180803514
            ],
            [
              2.248732648802938,
              41.459598965362055
            ],
            [
              2.2487242820322373,
              41.45956271079507
            ]
          ]
        ]
      },
      "properties": {
        "intersection_id": "5588790777",
        "modes": [
          "CAR",
          "MOTORCYCLE"
        ],
        "stop_line": [
          2.2487998099913065,
          41.459686847114156
        ],
        "waiting_zone_id": "48255517#0_straight"
      }
    },
    {
      "type": "Feature",
      "geometry": {
        "type": "Polygon",
        "coordinates": [
          [
            [
              2.2350554405883125,
              41.44762814461377
            ],
            [
              2.235809565210162,
              41.44830889458165
            ],
            [
              2.2357212836058498,
              41.44836424875844
            ],
            [
              2.2349638029746517,
              41.447680293572944
            ],
            [
              2.2350554405883125,
              41.44762814461377
            ]
          ]
        ]
      },
      "properties": {
        "intersection_id": "2117725619",
        "modes": [
          "CAR",
          "MOTORCYCLE"
        ],
        "stop_line": [
          2.235009991250633,
          41.44765458723587
        ],
        "waiting_zone_id": "50414619#0_straight"
      }
    },
    {
      "type": "Feature",
      "geometry": {
        "type": "Polygon",
        "coordinates": [
          [
            [
              2.2319050259899065,
              41.44583848015229
            ],
            [
              2.2319594706002666,
              41.44585712425856
            ],
            [
              2.231929370366278,
              41.445909165527254
            ],
            [
              2.2318744146880682,
              41.44589132145771
            ],
            [
              2.2319050259899065,
              41.44583848015229
            ]
          ]
        ]
      },
      "properties": {
        "intersection_id": "649387419",
        "modes": [
          "CAR",
          "MOTORCYCLE"
        ],
        "stop_line": [
          2.2318820034009215,
          41.4458780896591
        ],
        "waiting_zone_id": "50926853#0_straight"
      }
    },
    {
      "type": "Feature",
      "geometry": {
        "type": "Polygon",
        "coordinates": [
          [
            [
              2.230886875843622,
              41.44482138702922
            ],
            [
              2.2318901030734604,
              41.44582504049656
            ],
            [
              2.231828880893171,
              41.445859636397664
            ],
            [
              2.230825537059113,
              41.444855958204094
            ],
            [
              2.230886875843622,
              41.44482138702922
            ]
          ]
        ]
      },
      "properties": {
        "intersection_id": "649387402",
        "modes": [
          "CAR",
          "MOTORCYCLE"
        ],
        "stop_line": [
          2.230840874626223,
          41.44484732624159
        ],
        "waiting_zone_id": "50926853#1_straight"
      }
    },
    {
      "type": "Feature",
      "geometry": {
        "type": "Polygon",
        "coordinates": [
          [
            [
              2.2302567900023376,
              41.4441680930143
            ],
            [
              2.23035562628372,
              41.444267243456025
            ],
            [
              2.2308485861012097,
              41.44478237652013
            ],
            [
              2.2307864165440576,
              41.44481603507067
            ],
            [
              2.2301952469456645,
              41.444202348130965
            ],
            [
              2.2302567900023376,
              41.4441680930143
            ]
          ]
        ]
      },
      "properties": {
        "intersection_id": "4004644514",
        "modes": [
          "CAR",
          "MOTORCYCLE"
        ],
        "stop_line": [
          2.2302260575514974,
          41.44418526010308
        ],
        "waiting_zone_id": "50926853#3_straight"
      }
    },
    {
      "type": "Feature",
      "geometry": {
        "type": "Polygon",
        "coordinates": [
          [
            [
              2.228364109114853,
              41.444036830110626
            ],
            [
              2.2286482103329632,
              41.44388263649717
            ],
            [
              2.22885829615539,
              41.443808350056585
            ],
            [
              2.229103665100331,
              41.44375404038269
            ],
            [
              2.229366593119865,
              41.4437399489366
            ],
            [
              2.229559183186983,
              41.44375757032084
            ],
            [
              2.2298384461938325,
              41.44381822644722
            ],
            [
              2.230071645830815,
              41.44391349635583
            ],
            [
              2.2302883732050374,
              41.44408228239066
            ],
            [
              2.230235770358615,
              41.44412432032687
            ],
            [
              2.2300227859758497,
              41.44395839659063
            ],
            [
              2.229807654567387,
              41.44387117410153
            ],
            [
              2.2295424338023877,
              41.44381391137385
            ],
            [
              2.2293665262378233,
              41.44379770599565
            ],
            [
              2.229115304363289,
              41.443811188618675
            ],
            [
              2.228886915021211,
              41.44386193799981
            ],
            [
              2.2286886190216744,
              41.44393179441734
            ],
            [
              2.2284089872476662,
              41.44408359600665
            ],
            [
              2.228364109114853,
              41.444036830110626
            ]
          ]
        ]
      },
      "properties": {
        "intersection_id": "4004644513",
        "modes": [
          "CAR",
          "MOTORCYCLE"
        ],
        "stop_line": [
          2.2302745990606723,
          41.44409229613626
        ],
        "waiting_zone_id": "50926854#0_straight"
      }
    },
    {
      "type": "Feature",
      "geometry": {
        "type": "Polygon",
        "coordinates": [
          [
            [
              2.2303426447817776,
              41.44412817000875
            ],
            [
              2.2304351289603144,
              41.44421296506246
            ],
            [
              2.230949864681073,
              41.44473131850986
            ],
            [
              2.230888665544552,
              41.44476593478918
            ],
            [
              2.2302828337085625,
              41.44416417249414
            ],
            [
              2.2303426447817776,
              41.44412817000875
            ]
          ]
        ]
      },
      "properties": {
        "intersection_id": "649387424",
        "modes": [
          "CAR",
          "MOTORCYCLE"
        ],
        "stop_line": [
          2.230919135563471,
          41.444748497431505
        ],
        "waiting_zone_id": "50926854#2_straight"
      }
    },
    {
      "type": "Feature",
      "geometry": {
        "type": "Polygon",
        "coordinates": [
          [
            [
              2.230988437131302,
              41.44477031556284
            ],
            [
              2.231970179518236,
              41.44577494974424
            ],
            [
              2.231908439918282,
              41.44580916932578
            ],
            [
              2.2309266076808303,
              41.44480447727656
            ],
            [
              2.230988437131302,
              41.44477031556284
            ]
          ]
        ]
      },
      "properties": {
        "intersection_id": "649387422",
        "modes": [
          "CAR",
          "MOTORCYCLE"
        ],
        "stop_line": [
          2.23192391532951,
          41.445800678109144
        ],
        "waiting_zone_id": "50926854#4_straight"
      }
    },
    {
      "type": "Feature",
      "geometry": {
        "type": "Polygon",
        "coordinates": [
          [
            [
              2.23454329804293,
              41.44846322694394
            ],
            [
              2.234383520186908,
              41.44829636698588
            ],
            [
              2.2341953925486715,
              41.44809399585301
            ],
            [
              2.2342267850595325,
              41.44807747622461
            ],
            [
              2.2344146810016174,
              41.44827960076261
            ],
            [
              2.2345748858221683,
              41.44844692336923
            ],
            [
              2.2348343793268053,
              41.44869822047879
            ],
            [
              2.234883715471107,
              41.44875963614706
            ],
            [
              2.234907496087378,
              41.44877789385051
            ],
            [
              2.234880904719722,
              41.448798641258385
            ],
            [
              2.2348640876437478,
              41.44879234489983
            ],
            [
              2.2348556559990636,
              41.44877980271327
            ],
            [
              2.234773869552593,
              41.44873362703071
            ],
            [
              2.234512980960422,
              41.44848094416698
            ],
            [
              2.23454329804293,
              41.44846322694394
            ]
          ]
        ]
      },
      "properties": {
        "intersection_id": "5588597481",
        "modes": [
          "CAR",
          "MOTORCYCLE"
        ],
        "stop_line": [
          2.2348873879811677,
          41.448786834150354
        ],
        "waiting_zone_id": "50926859#0+50926861#0_straight"
      }
    },
    {
      "type": "Feature",
      "geometry": {
        "type": "Polygon",
        "coordinates": [
          [
            [
              2.234903572505962,
              41.44878445038754
            ],
            [
              2.2349595534468003,
              41.44880039205121
            ],
            [
              2.2349459923134947,
              41.44882734848351
            ],
            [
              2.2348900113530012,
              41.44881140681314
            ],
            [
              2.234903572505962,
              41.44878445038754
            ]
          ]
        ]
      },
      "properties": {
        "intersection_id": "649387457",
        "modes": [
          "CAR",
          "MOTORCYCLE"
        ],
        "stop_line": [
          2.2349527731054857,
          41.44881387018866
        ],
        "waiting_zone_id": "50926859#2_straight"
      }
    },
    {
      "type": "Feature",
      "geometry": {
        "type": "Polygon",
        "coordinates": [
          [
            [
              2.2346998188737808,
              41.44887809284592
            ],
            [
              2.2347382279004995,
              41.448877604351225
            ],
            [
              2.234739231438132,
              41.448885219606325
            ],
            [
              2.234739674508365,
              41.4489239220913
            ],
            [
              2.234663073735734,
              41.44892433484748
            ],
            [
              2.2346616783331386,
              41.44888079533974
            ],
            [
              2.2346998188737808,
              41.44887809284592
            ]
          ]
        ]
      },
      "properties": {
        "intersection_id": "649387450",
        "modes": [
          "CAR",
          "MOTORCYCLE"
        ],
        "stop_line": [
          2.2346999579374143,
          41.448879235191825
        ],
        "waiting_zone_id": "50926860#0_straight"
      }
    },
    {
      "type": "Feature",
      "geometry": {
        "type": "Polygon",
        "coordinates": [
          [
            [
              2.233997347135809,
              41.44808971742833
            ],
            [
              2.2340584010211164,
              41.448054957133635
            ],
            [
              2.23409573254769,
              41.44809015994322
            ],
            [
              2.2340657893931635,
              41.44810813668066
            ],
            [
              2.2340299497467426,
              41.4480743417491
            ],
            [
              2.23431116876833,
              41.44836103980475
            ],
            [
              2.2342803177744384,
              41.448378126925085
            ],
            [
              2.233997347135809,
              41.44808971742833
            ]
          ]
        ]
      },
      "properties": {
        "intersection_id": "5588597476",
        "modes": [
          "CAR",
          "MOTORCYCLE"
        ],
        "stop_line": [
          2.234028100022896,
          41.448072559368995
        ],
        "waiting_zone_id": "50926860#5_straight"
      }
    },
    {
      "type": "Feature",
      "geometry": {
        "type": "Polygon",
        "coordinates": [
          [
            [
              2.2332963941025437,
              41.44727698896025
            ],
            [
              2.2338975632364257,
              41.44789115779768
            ],
            [
              2.233835869762509,
              41.44792533907395
            ],
            [
              2.23323312927701,
              41.44730962457737
            ],
            [
              2.2332963941025437,
              41.44727698896025
            ]
          ]
        ]
      },
      "properties": {
        "intersection_id": "5588597474",
        "modes": [
          "CAR",
          "MOTORCYCLE"
        ],
        "stop_line": [
          2.2332809710977926,
          41.44728553510602
        ],
        "waiting_zone_id": "50926860#7_straight"
      }
    },
    {
      "type": "Feature",
      "geometry": {
        "type": "Polygon",
        "coordinates": [
          [
            [
              2.2320446987380502,
              41.44591115599642
            ],
            [
              2.2320933494238737,
              41.445937305989936
            ],
            [
              2.232071083992904,
              41.44596075864619
            ],
            [
              2.2320224320911293,
              41.44593460953596
            ],
            [
              2.2320446987380502,
              41.44591115599642
            ]
          ]
        ]
      },
      "properties": {
        "intersection_id": "649387426",
        "modes": [
          "CAR",
          "MOTORCYCLE"
        ],
        "stop_line": [
          2.232082216710401,
          41.44594903231864
        ],
        "waiting_zone_id": "50926863#0_straight"
      }
    },
    {
      "type": "Feature",
      "geometry": {
        "type": "Polygon",
        "coordinates": [
          [
            [
              2.233238939209148,
              41.44711164653745
            ],
            [
              2.2332755098042996,
              41.447116934453504
            ],
            [
              2.23328708525352,
              41.447122307976606
            ],
            [
              2.2333510347984857,
              41.44718494493824
            ],
            [
              2.233321694229029,
              41.44720361637137
            ],
            [
              2.233291293155811,
              41.447221152997756
            ],
            [
              2.233224556652328,
              41.44716827770065
            ],
            [
              2.233238939209148,
              41.44711164653745
            ]
          ]
        ]
      },
      "properties": {
        "intersection_id": "5588597473",
        "modes": [
          "CAR",
          "MOTORCYCLE"
        ],
        "stop_line": [
          2.2333211696590696,
          41.447203054425565
        ],
        "waiting_zone_id": "50926865#0_straight"
      }
    },
    {
      "type": "Feature",
      "geometry": {
        "type": "Polygon",
        "coordinates": [
          [
            [
              2.234062512655497,
              41.44791515849688
            ],
            [
              2.234118505448442,
              41.44797256097126
            ],
            [
              2.234056578772034,
              41.448006622815505
            ],
            [
              2.234000764697703,
              41.44794919357839
            ],
            [
              2.234062512655497,
              41.44791515849688
            ]
          ]
        ]
      },
      "properties": {
        "intersection_id": "5588597475",
        "modes": [
          "CAR",
          "MOTORCYCLE"
        ],
        "stop_line": [
          2.2341031368136375,
          41.44798116163275
        ],
        "waiting_zone_id": "50926865#2_straight"
      }
    },
    {
      "type": "Feature",
      "geometry": {
        "type": "Polygon",
        "coordinates": [
          [
            [
              2.2333641372381416,
              41.44066553933409
            ],
            [
              2.233402467492103,
              41.440644175994635
            ],
            [
              2.233442233338527,
              41.44069337302854
            ],
            [
              2.2330439513023235,
              41.44093280071097
            ],
            [
              2.232306367743715,
              41.44135304944562
            ],
            [
              2.232260915789847,
              41.44130664601856
            ],
            [
              2.2333641372381416,
              41.44066553933409
            ]
          ]
        ]
      },
      "properties": {
        "intersection_id": "5588597295",
        "modes": [
          "CAR",
          "MOTORCYCLE"
        ],
        "stop_line": [
          2.2322837177604953,
          41.44132980556923
        ],
        "waiting_zone_id": "51201433#2_straight"
      }
    },
    {
      "type": "Feature",
      "geometry": {
        "type": "Polygon",
        "coordinates": [
          [
            [
              2.2405081181491924,
              41.44594896644105
            ],
            [
              2.240506455949575,
              41.445947784499744
            ],
            [
              2.2405327665704418,
              41.445926835758385
            ],
            [
              2.2405343085098366,
              41.44592796195998
            ],
            [
              2.2405081181491924,
              41.44594896644105
            ]
          ]
        ]
      },
      "properties": {
        "intersection_id": "279311901",
        "modes": [
          "CAR",
          "MOTORCYCLE"
        ],
        "stop_line": [
          2.2405212734617166,
          41.44593849207095
        ],
        "waiting_zone_id": "531735370#1_straight"
      }
    },
    {
      "type": "Feature",
      "geometry": {
        "type": "Polygon",
        "coordinates": [
          [
            [
              2.2405599716016007,
              41.44590648830733
            ],
            [
              2.2405616327508806,
              41.44590776031533
            ],
            [
              2.240534318770077,
              41.445927954374255
            ],
            [
              2.2405599716016007,
              41.44590648830733
            ]
          ]
        ]
      },
      "properties": {
        "intersection_id": "279311901",
        "modes": [
          "CAR",
          "MOTORCYCLE"
        ],
        "stop_line": [
          2.2405479706324685,
          41.44591786113848
        ],
        "waiting_zone_id": "531735370#1_straight+right"
      }
    },
    {
      "type": "Feature",
      "geometry": {
        "type": "Polygon",
        "coordinates": [
          [
            [
              2.249912966773781,
              41.463346985771715
            ],
            [
              2.249950544891345,
              41.46335262264699
            ],
            [
              2.2499191230716264,
              41.46347113548598
            ],
            [
              2.249902777697336,
              41.4634963955814
            ],
            [
              2.249868655290334,
              41.46348328345397
            ],
            [
              2.249912966773781,
              41.463346985771715
            ]
          ]
        ]
      },
      "properties": {
        "intersection_id": "1273465198",
        "modes": [
          "CAR",
          "MOTORCYCLE"
        ],
        "stop_line": [
          2.2498857164921024,
          41.46348983951894
        ],
        "waiting_zone_id": "538025772#2_turn"
      }
    },
    {
      "type": "Feature",
      "geometry": {
        "type": "Polygon",
        "coordinates": [
          [
            [
              2.249137848958053,
              41.45158050270229
            ],
            [
              2.2488968702987746,
              41.45135407424986
            ],
            [
              2.2489266083829036,
              41.4513359040622
            ],
            [
              2.2491372258283824,
              41.45153102891097
            ],
            [
              2.249169336373342,
              41.451564085908586
            ],
            [
              2.249137848958053,
              41.45158050270229
            ]
          ]
        ]
      },
      "properties": {
        "intersection_id": "229063638",
        "modes": [
          "CAR",
          "MOTORCYCLE"
        ],
        "stop_line": [
          2.2491535375266607,
          41.451572234439766
        ],
        "waiting_zone_id": "550448817#3_straight+left"
      }
    },
    {
      "type": "Feature",
      "geometry": {
        "type": "Polygon",
        "coordinates": [
          [
            [
              2.2488339978976253,
              41.451247581368115
            ],
            [
              2.2484449380992806,
              41.450862650289395
            ],
            [
              2.2484754315552467,
              41.45084520394507
            ],
            [
              2.2491676020109983,
              41.45151348524045
            ],
            [
              2.249199861077223,
              41.4515467449655
            ],
            [
              2.2491690147826486,
              41.45156383790688
            ],
            [
              2.2489266480442036,
              41.4513358908099
            ],
            [
              2.2488339978976253,
              41.451247581368115
            ]
          ]
        ]
      },
      "properties": {
        "intersection_id": "229063638",
        "modes": [
          "CAR",
          "MOTORCYCLE"
        ],
        "stop_line": [
          2.2491844379316692,
          41.451555291437145
        ],
        "waiting_zone_id": "550448817#3_straight+right"
      }
    },
    {
      "type": "Feature",
      "geometry": {
        "type": "Polygon",
        "coordinates": [
          [
            [
              2.249510218805023,
              41.46034178213082
            ],
            [
              2.2497902771356886,
              41.46050692160183
            ],
            [
              2.249771540245356,
              41.46053206251022
            ],
            [
              2.24976059529183,
              41.460527242414706
            ],
            [
              2.249486472283481,
              41.46036440155879
            ],
            [
              2.249510218805023,
              41.46034178213082
            ]
          ]
        ]
      },
      "properties": {
        "intersection_id": "5317349320",
        "modes": [
          "CAR",
          "MOTORCYCLE"
        ],
        "stop_line": [
          2.2497809089647416,
          41.46051949231791
        ],
        "waiting_zone_id": "550524393#0_straight"
      }
    },
    {
      "type": "Feature",
      "geometry": {
        "type": "Polygon",
        "coordinates": [
          [
            [
              2.249617168191143,
              41.4613474096661
            ],
            [
              2.2496212705553917,
              41.4612668056219
            ],
            [
              2.249598237954865,
              41.46116681444153
            ],
            [
              2.2496068399959084,
              41.46111364842326
            ],
            [
              2.249586196165417,
              41.46112719241747
            ],
            [
              2.2495696835869357,
              41.46113043725489
            ],
            [
              2.248450274277147,
              41.460966840375676
            ],
            [
              2.248454254244716,
              41.46093813181302
            ],
            [
              2.2495681164975125,
              41.46110080883777
            ],
            [
              2.2496155176399455,
              41.46106971099743
            ],
            [
              2.2496216779611,
              41.4610529145166
            ],
            [
              2.249675533862319,
              41.460972199056485
            ],
            [
              2.249696111004122,
              41.46095331951658
            ],
            [
              2.249755638190043,
              41.460989638373306
            ],
            [
              2.2497410249264607,
              41.46100263264289
            ],
            [
              2.249692982418875,
              41.46107473352639
            ],
            [
              2.2496742932364118,
              41.46115929036242
            ],
            [
              2.249697827469138,
              41.46126137632243
            ],
            [
              2.2496937599858127,
              41.46134966212342
            ],
            [
              2.249617168191143,
              41.4613474096661
            ]
          ]
        ]
      },
      "properties": {
        "intersection_id": "5588790779",
        "modes": [
          "CAR",
          "MOTORCYCLE"
        ],
        "stop_line": [
          2.2497258670852225,
          41.460971485603956
        ],
        "waiting_zone_id": "550524433#1_straight"
      }
    },
    {
      "type": "Feature",
      "geometry": {
        "type": "Polygon",
        "coordinates": [
          [
            [
              2.2498781444312077,
              41.46102615713713
            ],
            [
              2.249893401273176,
              41.46105259612187
            ],
            [
              2.249838517432721,
              41.461070518767855
            ],
            [
              2.2498232606090616,
              41.461044079776066
            ],
            [
              2.2498781444312077,
              41.46102615713713
            ]
          ]
        ]
      },
      "properties": {
        "intersection_id": "5588790780",
        "modes": [
          "CAR",
          "MOTORCYCLE"
        ],
        "stop_line": [
          2.249830889019358,
          41.46105729927222
        ],
        "waiting_zone_id": "550603160#0_straight"
      }
    },
    {
      "type": "Feature",
      "geometry": {
        "type": "Polygon",
        "coordinates": [
          [
            [
              2.249757945489064,
              41.46060203895689
            ],
            [
              2.2497890322972536,
              41.460585217683104
            ],
            [
              2.2498245364081297,
              41.46062147890918
            ],
            [
              2.2497625991069574,
              41.4606553932311
            ],
            [
              2.2497270950126507,
              41.46061913198626
            ],
            [
              2.249757945489064,
              41.46060203895689
            ]
          ]
        ]
      },
      "properties": {
        "intersection_id": "5588790782",
        "modes": [
          "CAR",
          "MOTORCYCLE"
        ],
        "stop_line": [
          2.249758063662991,
          41.46060217483895
        ],
        "waiting_zone_id": "550631135#0_straight"
      }
    },
    {
      "type": "Feature",
      "geometry": {
        "type": "Polygon",
        "coordinates": [
          [
            [
              2.2320579813287473,
              41.446024521298575
            ],
            [
              2.232785955270393,
              41.44676427925
            ],
            [
              2.2327551614246945,
              41.44678142399533
            ],
            [
              2.232027826655566,
              41.446042297036165
            ],
            [
              2.2320579813287473,
              41.446024521298575
            ]
          ]
        ]
      },
      "properties": {
        "intersection_id": "539051280",
        "modes": [
          "CAR",
          "MOTORCYCLE"
        ],
        "stop_line": [
          2.23204290405755,
          41.44603340920493
        ],
        "waiting_zone_id": "550659999#0_straight"
      }
    },
    {
      "type": "Feature",
      "geometry": {
        "type": "Polygon",
        "coordinates": [
          [
            [
              2.2477583612777083,
              41.44707080204299
            ],
            [
              2.24791161582895,
              41.44695667280311
            ],
            [
              2.247938672839741,
              41.44697707499996
            ],
            [
              2.247314151316151,
              41.44745235465021
            ],
            [
              2.2472872996208797,
              41.44743179692211
            ],
            [
              2.2477583612777083,
              41.44707080204299
            ]
          ]
        ]
      },
      "properties": {
        "intersection_id": "5588789859",
        "modes": [
          "CAR",
          "MOTORCYCLE"
        ],
        "stop_line": [
          2.2479251443322266,
          41.446966873902326
        ],
        "waiting_zone_id": "550662208#1_straight"
      }
    },
    {
      "type": "Feature",
      "geometry": {
        "type": "Polygon",
        "coordinates": [
          [
            [
              2.245995278641499,
              41.448701174878
            ],
            [
              2.2463205831427078,
              41.448321937154724
            ],
            [
              2.2466202681795657,
              41.44800643126564
            ],
            [
              2.246651052451908,
              41.44802358667041
            ],
            [
              2.245994539374091,
              41.44875571636727
            ],
            [
              2.2459625596047657,
              41.448739848221756
            ],
            [
              2.245995278641499,
              41.448701174878
            ]
          ]
        ]
      },
      "properties": {
        "intersection_id": "247876196",
        "modes": [
          "CAR",
          "MOTORCYCLE"
        ],
        "stop_line": [
          2.2466356603137023,
          41.44801500896905
        ],
        "waiting_zone_id": "550667905#2_straight"
      }
    },
    {
      "type": "Feature",
      "geometry": {
        "type": "Polygon",
        "coordinates": [
          [
            [
              2.2446185664160896,
              41.44616181475139
            ],
            [
              2.2445828743556993,
              41.446151346122136
            ],
            [
              2.2449179226626494,
              41.44550207003539
            ],
            [
              2.244953646298268,
              41.4455124739149
            ],
            [
              2.244744217110588,
              41.445919586586704
            ],
            [
              2.2446185664160896,
              41.44616181475139
            ]
          ]
        ]
      },
      "properties": {
        "intersection_id": "279319221",
        "modes": [
          "CAR",
          "MOTORCYCLE"
        ],
        "stop_line": [
          2.2446007639327608,
          41.446156496380645
        ],
        "waiting_zone_id": "550667906#3_straight"
      }
    },
    {
      "type": "Feature",
      "geometry": {
        "type": "Polygon",
        "coordinates": [
          [
            [
              2.244744217110789,
              41.44591958658697
            ],
            [
              2.24495363585156,
              41.44551249422194
            ],
            [
              2.2449893195653914,
              41.445522886459806
            ],
            [
              2.2446543805173143,
              41.44617218689024
            ],
            [
              2.2446186467851277,
              41.44616180086724
            ],
            [
              2.244744217110789,
              41.44591958658697
            ]
          ]
        ]
      },
      "properties": {
        "intersection_id": "279319221",
        "modes": [
          "CAR",
          "MOTORCYCLE"
        ],
        "stop_line": [
          2.244636541602863,
          41.4461669394344
        ],
        "waiting_zone_id": "550667906#3_right"
      }
    },
    {
      "type": "Feature",
      "geometry": {
        "type": "Polygon",
        "coordinates": [
          [
            [
              2.241296131749919,
              41.448259290439275
            ],
            [
              2.2413011909521416,
              41.44828786116607
            ],
            [
              2.2410955467541744,
              41.44830847922947
            ],
            [
              2.2410904864332695,
              41.44827990938725
            ],
            [
              2.241296131749919,
              41.448259290439275
            ]
          ]
        ]
      },
      "properties": {
        "intersection_id": "13608027778",
        "modes": [
          "CAR",
          "MOTORCYCLE"
        ],
        "stop_line": [
          2.2410930169450425,
          41.448294194159885
        ],
        "waiting_zone_id": "550667908#0_straight"
      }
    },
    {
      "type": "Feature",
      "geometry": {
        "type": "Polygon",
        "coordinates": [
          [
            [
              2.2321693994099405,
              41.438789501485125
            ],
            [
              2.2321930216920562,
              41.43881219038041
            ],
            [
              2.2321459807009263,
              41.43883992289905
            ],
            [
              2.2321223584148138,
              41.43881723489495
            ],
            [
              2.2321693994099405,
              41.438789501485125
            ]
          ]
        ]
      },
      "properties": {
        "intersection_id": "5588596884",
        "modes": [
          "CAR",
          "MOTORCYCLE"
        ],
        "stop_line": [
          2.232181210548947,
          41.438800845933365
        ],
        "waiting_zone_id": "55289392#0_straight"
      }
    },
    {
      "type": "Feature",
      "geometry": {
        "type": "Polygon",
        "coordinates": [
          [
            [
              2.2341827978222035,
              41.4375921390037
            ],
            [
              2.2342067121050246,
              41.4376146528884
            ],
            [
              2.232988492158845,
              41.43834690893925
            ],
            [
              2.23296444302905,
              41.43832447497235
            ],
            [
              2.2341827978222035,
              41.4375921390037
            ]
          ]
        ]
      },
      "properties": {
        "intersection_id": "279317588",
        "modes": [
          "CAR",
          "MOTORCYCLE"
        ],
        "stop_line": [
          2.2341947500836974,
          41.437603398880626
        ],
        "waiting_zone_id": "55289392#6_straight+left"
      }
    },
    {
      "type": "Feature",
      "geometry": {
        "type": "Polygon",
        "coordinates": [
          [
            [
              2.238421962493359,
              41.43935048766401
            ],
            [
              2.2384587030301075,
              41.439385955416085
            ],
            [
              2.23842849400728,
              41.439403674853686
            ],
            [
              2.2383917534772766,
              41.43936820709212
            ],
            [
              2.238421962493359,
              41.43935048766401
            ]
          ]
        ]
      },
      "properties": {
        "intersection_id": "5588597283",
        "modes": [
          "CAR",
          "MOTORCYCLE"
        ],
        "stop_line": [
          2.238406857987366,
          41.43935934737909
        ],
        "waiting_zone_id": "554109749#0_straight+left+right"
      }
    },
    {
      "type": "Feature",
      "geometry": {
        "type": "Polygon",
        "coordinates": [
          [
            [
              2.23292062601082,
              41.45123118417853
            ],
            [
              2.233017978106071,
              41.451292107423974
            ],
            [
              2.232993447098372,
              41.451314246257446
            ],
            [
              2.2328967879781745,
              41.45125374735877
            ],
            [
              2.23292062601082,
              41.45123118417853
            ]
          ]
        ]
      },
      "properties": {
        "intersection_id": "5588597482",
        "modes": [
          "CAR",
          "MOTORCYCLE"
        ],
        "stop_line": [
          2.2329087070729523,
          41.45124246543889
        ],
        "waiting_zone_id": "55494596#1_straight"
      }
    },
    {
      "type": "Feature",
      "geometry": {
        "type": "Polygon",
        "coordinates": [
          [
            [
              2.231907827297589,
              41.44144193271414
            ],
            [
              2.2318722220487066,
              41.441395666938384
            ],
            [
              2.2318833928351256,
              41.441390799141836
            ],
            [
              2.2319215357573015,
              41.44135281361224
            ],
            [
              2.231969095235592,
              41.441380153475805
            ],
            [
              2.2319462609239085,
              41.44140264393899
            ],
            [
              2.232027104360297,
              41.44144785247756
            ],
            [
              2.232004738164072,
              41.44147125042453
            ],
            [
              2.231943162070327,
              41.44143682992022
            ],
            [
              2.231940066769358,
              41.44144300007086
            ],
            [
              2.2319344158436523,
              41.44144713368957
            ],
            [
              2.2319118522352133,
              41.441425854277384
            ],
            [
              2.231907827297589,
              41.44144193271414
            ]
          ]
        ]
      },
      "properties": {
        "intersection_id": "5588597297",
        "modes": [
          "CAR",
          "MOTORCYCLE"
        ],
        "stop_line": [
          2.231886892961576,
          41.44138735104315
        ],
        "waiting_zone_id": "558212802#0_straight"
      }
    },
    {
      "type": "Feature",
      "geometry": {
        "type": "Polygon",
        "coordinates": [
          [
            [
              2.2539383021951536,
              41.458407407653134
            ],
            [
              2.2539495365535727,
              41.45845164301423
            ],
            [
              2.253911902571405,
              41.45845705108538
            ],
            [
              2.253900668237735,
              41.45841281572087
            ],
            [
              2.2539383021951536,
              41.458407407653134
            ]
          ]
        ]
      },
      "properties": {
        "intersection_id": "5568932722",
        "modes": [
          "CAR",
          "MOTORCYCLE"
        ],
        "stop_line": [
          2.253930719354231,
          41.45845434716965
        ],
        "waiting_zone_id": "582244549#0_straight"
      }
    },
    {
      "type": "Feature",
      "geometry": {
        "type": "Polygon",
        "coordinates": [
          [
            [
              2.2606984181822445,
              41.45618591337085
            ],
            [
              2.2606222532291866,
              41.456137615108474
            ],
            [
              2.2606397393329343,
              41.45612200912868
            ],
            [
              2.2607160646690674,
              41.45617016359761
            ],
            [
              2.2606984181822445,
              41.45618591337085
            ]
          ]
        ]
      },
      "properties": {
        "intersection_id": "5588593498",
        "modes": [
          "CAR",
          "MOTORCYCLE"
        ],
        "stop_line": [
          2.2607107648410594,
          41.456174894047024
        ],
        "waiting_zone_id": "583327720#0_straight"
      }
    },
    {
      "type": "Feature",
      "geometry": {
        "type": "Polygon",
        "coordinates": [
          [
            [
              2.2607350605163354,
              41.456209043945485
            ],
            [
              2.2607527259198212,
              41.45619329352921
            ],
            [
              2.2611573346635288,
              41.45644856316464
            ],
            [
              2.2611335790231517,
              41.45647035898319
            ],
            [
              2.2607350605163354,
              41.456209043945485
            ]
          ]
        ]
      },
      "properties": {
        "intersection_id": ":303580418_36_0",
        "modes": [
          "CAR",
          "MOTORCYCLE"
        ],
        "stop_line": [
          2.2611461125693606,
          41.45645946014071
        ],
        "waiting_zone_id": "583327720#1_straight+turn+left+right+partial_left+partial_right"
      }
    },
    {
      "type": "Feature",
      "geometry": {
        "type": "Polygon",
        "coordinates": [
          [
            [
              2.245876479518398,
              41.45483615796782
            ],
            [
              2.245870081085425,
              41.45475802162587
            ],
            [
              2.2458770032946775,
              41.45474587094953
            ],
            [
              2.2459247381636898,
              41.45471630624006
            ],
            [
              2.2462533636797097,
              41.454553534015965
            ],
            [
              2.246274430249159,
              41.454577608390665
            ],
            [
              2.2459466536239234,
              41.454739960187425
            ],
            [
              2.245908899484835,
              41.45476331395916
            ],
            [
              2.2459141515453562,
              41.45482744434123
            ],
            [
              2.246020699993667,
              41.45488347718911
            ],
            [
              2.2461818575239034,
              41.454978683515584
            ],
            [
              2.246350735368789,
              41.455085710201416
            ],
            [
              2.247310521249552,
              41.455592356023125
            ],
            [
              2.2472885149183672,
              41.45561595019876
            ],
            [
              2.2463280362719855,
              41.455108938458416
            ],
            [
              2.2461579322716365,
              41.45500119662125
            ],
            [
              2.2459983126313654,
              41.45490687045946
            ],
            [
              2.245884625078552,
              41.454847083332524
            ],
            [
              2.245876479518398,
              41.45483615796782
            ]
          ]
        ]
      },
      "properties": {
        "intersection_id": "590815644",
        "modes": [
          "CAR",
          "MOTORCYCLE"
        ],
        "stop_line": [
          2.247299500474807,
          41.455604143815265
        ],
        "waiting_zone_id": "584980793#0_straight"
      }
    },
    {
      "type": "Feature",
      "geometry": {
        "type": "Polygon",
        "coordinates": [
          [
            [
              2.2359066105605288,
              41.45402707139815
            ],
            [
              2.2359353393902426,
              41.45404613998637
            ],
            [
              2.235895747829259,
              41.45407990075608
            ],
            [
              2.2358670189965433,
              41.454060832158056
            ],
            [
              2.2359066105605288,
              41.45402707139815
            ]
          ]
        ]
      },
      "properties": {
        "intersection_id": "5588597501",
        "modes": [
          "CAR",
          "MOTORCYCLE"
        ],
        "stop_line": [
          2.235920974973279,
          41.45403660569315
        ],
        "waiting_zone_id": "590866155_straight"
      }
    },
    {
      "type": "Feature",
      "geometry": {
        "type": "Polygon",
        "coordinates": [
          [
            [
              2.233819226334428,
              41.44227469589163
            ],
            [
              2.23389657805578,
              41.44231358275465
            ],
            [
              2.2338762456314645,
              41.442338033165
            ],
            [
              2.233797947928586,
              41.44229866169259
            ],
            [
              2.233819226334428,
              41.44227469589163
            ]
          ]
        ]
      },
      "properties": {
        "intersection_id": "5588597271",
        "modes": [
          "CAR",
          "MOTORCYCLE"
        ],
        "stop_line": [
          2.233875561219,
          41.442337701636795
        ],
        "waiting_zone_id": "595875049#0_straight"
      }
    },
    {
      "type": "Feature",
      "geometry": {
        "type": "Polygon",
        "coordinates": [
          [
            [
              2.233954011238797,
              41.44234509674565
            ],
            [
              2.2350446254199126,
              41.4429287403281
            ],
            [
              2.2350000036584245,
              41.4429755885588
            ],
            [
              2.2339096274404158,
              41.44239203621635
            ],
            [
              2.233954011238797,
              41.44234509674565
            ]
          ]
        ]
      },
      "properties": {
        "intersection_id": "5588597255",
        "modes": [
          "CAR",
          "MOTORCYCLE"
        ],
        "stop_line": [
          2.2350223145472237,
          41.44295216444573
        ],
        "waiting_zone_id": "595875049#1_straight"
      }
    },
    {
      "type": "Feature",
      "geometry": {
        "type": "Polygon",
        "coordinates": [
          [
            [
              2.235193118707208,
              41.44301083246793
            ],
            [
              2.235242080150684,
              41.443036642725545
            ],
            [
              2.235197409695877,
              41.44308346368607
            ],
            [
              2.2351488202345364,
              41.44305716858013
            ],
            [
              2.235193118707208,
              41.44301083246793
            ]
          ]
        ]
      },
      "properties": {
        "intersection_id": "11362029510",
        "modes": [
          "CAR",
          "MOTORCYCLE"
        ],
        "stop_line": [
          2.2352085924382274,
          41.44307176383232
        ],
        "waiting_zone_id": "595875049#4_straight"
      }
    },
    {
      "type": "Feature",
      "geometry": {
        "type": "Polygon",
        "coordinates": [
          [
            [
              2.235265422304732,
              41.443049459661104
            ],
            [
              2.2358123103028875,
              41.443348438027975
            ],
            [
              2.2357672466130016,
              41.44339501969971
            ],
            [
              2.2352203679388896,
              41.443096047487806
            ],
            [
              2.235265422304732,
              41.443049459661104
            ]
          ]
        ]
      },
      "properties": {
        "intersection_id": "5588597268",
        "modes": [
          "CAR",
          "MOTORCYCLE"
        ],
        "stop_line": [
          2.2357897631686057,
          41.443371720316215
        ],
        "waiting_zone_id": "595875049#5_straight"
      }
    },
    {
      "type": "Feature",
      "geometry": {
        "type": "Polygon",
        "coordinates": [
          [
            [
              2.2340222716810083,
              41.44473030207471
            ],
            [
              2.233995425337864,
              41.444709741279716
            ],
            [
              2.2340330436005935,
              41.44467876837496
            ],
            [
              2.2345493659117484,
              41.44422425153147
            ],
            [
              2.234641663650813,
              41.444151396446145
            ],
            [
              2.234682835316731,
              41.444121760250766
            ],
            [
              2.235200780546824,
              41.44378139802398
            ],
            [
              2.2352261999312972,
              41.443765973332795
            ],
            [
              2.235250232549243,
              41.44378841751039
            ],
            [
              2.235225691058926,
              41.443803295886944
            ],
            [
              2.234708997054353,
              41.44414281714669
            ],
            [
              2.2346688710733527,
              41.444171687469726
            ],
            [
              2.234578143223413,
              41.44424327846933
            ],
            [
              2.2340619709556617,
              41.444697663129524
            ],
            [
              2.2340222716810083,
              41.44473030207471
            ]
          ]
        ]
      },
      "properties": {
        "intersection_id": "5588597264",
        "modes": [
          "CAR",
          "MOTORCYCLE"
        ],
        "stop_line": [
          2.235238216238205,
          41.44377719542222
        ],
        "waiting_zone_id": "595875050#3_straight"
      }
    },
    {
      "type": "Feature",
      "geometry": {
        "type": "Polygon",
        "coordinates": [
          [
            [
              2.2353388605428366,
              41.44370040856249
            ],
            [
              2.2353636914879287,
              41.44372235540795
            ],
            [
              2.235318131167141,
              41.443751540228796
            ],
            [
              2.2352933002265716,
              41.44372959337365
            ],
            [
              2.2353388605428366,
              41.44370040856249
            ]
          ]
        ]
      },
      "properties": {
        "intersection_id": "5588597266",
        "modes": [
          "CAR",
          "MOTORCYCLE"
        ],
        "stop_line": [
          2.2353512760132945,
          41.443711381985885
        ],
        "waiting_zone_id": "595875050#6_straight"
      }
    },
    {
      "type": "Feature",
      "geometry": {
        "type": "Polygon",
        "coordinates": [
          [
            [
              2.2357125529692086,
              41.44346990541276
            ],
            [
              2.235736641111836,
              41.4434923156306
            ],
            [
              2.235399838438314,
              41.44370015722697
            ],
            [
              2.2353755429521547,
              41.443677873466996
            ],
            [
              2.2357125529692086,
              41.44346990541276
            ]
          ]
        ]
      },
      "properties": {
        "intersection_id": "5588597267",
        "modes": [
          "CAR",
          "MOTORCYCLE"
        ],
        "stop_line": [
          2.2357245970384554,
          41.443481110522306
        ],
        "waiting_zone_id": "595875050#7_straight"
      }
    },
    {
      "type": "Feature",
      "geometry": {
        "type": "Polygon",
        "coordinates": [
          [
            [
              2.2420200613925223,
              41.45832059957897
            ],
            [
              2.2410595472296286,
              41.45797334600268
            ],
            [
              2.24107612696932,
              41.457947360890415
            ],
            [
              2.242036695128856,
              41.45829463419541
            ],
            [
              2.2420200613925223,
              41.45832059957897
            ]
          ]
        ]
      },
      "properties": {
        "intersection_id": "590815668",
        "modes": [
          "CAR",
          "MOTORCYCLE"
        ],
        "stop_line": [
          2.242028380368419,
          41.45830761764924
        ],
        "waiting_zone_id": "60677146#0_straight"
      }
    },
    {
      "type": "Feature",
      "geometry": {
        "type": "Polygon",
        "coordinates": [
          [
            [
              2.242020061392905,
              41.45832059957906
            ],
            [
              2.242003496391008,
              41.458346528771216
            ],
            [
              2.2410429742920592,
              41.45799936268323
            ],
            [
              2.241059525416102,
              41.45797336837738
            ],
            [
              2.242020061392905,
              41.45832059957906
            ]
          ]
        ]
      },
      "properties": {
        "intersection_id": "590815668",
        "modes": [
          "CAR",
          "MOTORCYCLE"
        ],
        "stop_line": [
          2.2420117944630893,
          41.45833353980499
        ],
        "waiting_zone_id": "60677146#0_straight+left"
      }
    },
    {
      "type": "Feature",
      "geometry": {
        "type": "Polygon",
        "coordinates": [
          [
            [
              2.243162233567691,
              41.458674320024
            ],
            [
              2.243215542696311,
              41.45869481224988
            ],
            [
              2.2431814035424407,
              41.45874639922778
            ],
            [
              2.2431280943723277,
              41.45872590788667
            ],
            [
              2.243162233567691,
              41.458674320024
            ]
          ]
        ]
      },
      "properties": {
        "intersection_id": "5586016686",
        "modes": [
          "CAR",
          "MOTORCYCLE"
        ],
        "stop_line": [
          2.243206826184779,
          41.458707644907456
        ],
        "waiting_zone_id": "60677147#0_straight"
      }
    },
    {
      "type": "Feature",
      "geometry": {
        "type": "Polygon",
        "coordinates": [
          [
            [
              2.246870356669826,
              41.461623348714596
            ],
            [
              2.24689593991522,
              41.46160189300728
            ],
            [
              2.2470903180223964,
              41.46173306141185
            ],
            [
              2.247272041598338,
              41.461851471441335
            ],
            [
              2.247297154253049,
              41.461829701810174
            ],
            [
              2.2473423582330025,
              41.461859209551186
            ],
            [
              2.2472918802766295,
              41.46190264358891
            ],
            [
              2.2470651067086,
              41.461754765498945
            ],
            [
              2.246870356669826,
              41.461623348714596
            ]
          ]
        ]
      },
      "properties": {
        "intersection_id": "5588790733",
        "modes": [
          "CAR",
          "MOTORCYCLE"
        ],
        "stop_line": [
          2.2473044800231943,
          41.4618917871185
        ],
        "waiting_zone_id": "60677150#5_straight"
      }
    },
    {
      "type": "Feature",
      "geometry": {
        "type": "Polygon",
        "coordinates": [
          [
            [
              2.2473308411311375,
              41.46195139445968
            ],
            [
              2.2478336051100394,
              41.462301237142704
            ],
            [
              2.247891764208765,
              41.46234518990216
            ],
            [
              2.247836356758428,
              41.46238496645895
            ],
            [
              2.2472789759494876,
              41.46199383850621
            ],
            [
              2.2473308411311375,
              41.46195139445968
            ]
          ]
        ]
      },
      "properties": {
        "intersection_id": "5588790734",
        "modes": [
          "CAR",
          "MOTORCYCLE"
        ],
        "stop_line": [
          2.247305065245878,
          41.4619727252585
        ],
        "waiting_zone_id": "60677154#1_straight"
      }
    },
    {
      "type": "Feature",
      "geometry": {
        "type": "Polygon",
        "coordinates": [
          [
            [
              2.2466667829479148,
              41.46158986640454
            ],
            [
              2.2467225155905552,
              41.46155034294159
            ],
            [
              2.2467414253414604,
              41.4615654389008
            ],
            [
              2.2468384691609367,
              41.46163340658726
            ],
            [
              2.247167525975476,
              41.46184751146623
            ],
            [
              2.2471424608204202,
              41.46186931110428
            ],
            [
              2.2468131258687807,
              41.461655025986325
            ],
            [
              2.2467148560954935,
              41.46158621256057
            ],
            [
              2.2467357258299874,
              41.46160287783753
            ],
            [
              2.246707839102075,
              41.46162264304474
            ],
            [
              2.2466667829479148,
              41.46158986640454
            ]
          ]
        ]
      },
      "properties": {
        "intersection_id": "5588790732",
        "modes": [
          "CAR",
          "MOTORCYCLE"
        ],
        "stop_line": [
          2.2466946705067414,
          41.461570121418184
        ],
        "waiting_zone_id": "60677154#6_straight"
      }
    },
    {
      "type": "Feature",
      "geometry": {
        "type": "Polygon",
        "coordinates": [
          [
            [
              2.2445358643232334,
              41.46004752241239
            ],
            [
              2.2445890849096934,
              41.460081349802635
            ],
            [
              2.246334985351703,
              41.46127548687363
            ],
            [
              2.246673698079982,
              41.4615137152481
            ],
            [
              2.2466214208364725,
              41.461555855454804
            ],
            [
              2.244718835395836,
              41.460254203877895
            ],
            [
              2.244485104176944,
              41.46009067775055
            ],
            [
              2.2445358643232334,
              41.46004752241239
            ]
          ]
        ]
      },
      "properties": {
        "intersection_id": "5588789919",
        "modes": [
          "CAR",
          "MOTORCYCLE"
        ],
        "stop_line": [
          2.2445104904647497,
          41.46006910388968
        ],
        "waiting_zone_id": "60677154#7_straight"
      }
    },
    {
      "type": "Feature",
      "geometry": {
        "type": "Polygon",
        "coordinates": [
          [
            [
              2.2505209469233254,
              41.461150735793765
            ],
            [
              2.250572485602619,
              41.46117353608696
            ],
            [
              2.250553062519347,
              41.461198380809016
            ],
            [
              2.250501523837814,
              41.461175579606426
            ],
            [
              2.2505209469233254,
              41.461150735793765
            ]
          ]
        ]
      },
      "properties": {
        "intersection_id": "1828108787",
        "modes": [
          "CAR",
          "MOTORCYCLE"
        ],
        "stop_line": [
          2.250511235382435,
          41.46116315770054
        ],
        "waiting_zone_id": "60677159#0_straight"
      }
    },
    {
      "type": "Feature",
      "geometry": {
        "type": "Polygon",
        "coordinates": [
          [
            [
              2.243755899786202,
              41.45902057132502
            ],
            [
              2.2432632114244364,
              41.45885535525317
            ],
            [
              2.2432944431790727,
              41.45880265112165
            ],
            [
              2.24378870681456,
              41.45896839534316
            ],
            [
              2.243877819980644,
              41.459013643532955
            ],
            [
              2.2439035863742256,
              41.45903053607536
            ],
            [
              2.243926315765486,
              41.45905293380193
            ],
            [
              2.243895862204622,
              41.45907042420554
            ],
            [
              2.2440098140978275,
              41.459210817901734
            ],
            [
              2.2440651583893905,
              41.459364620313366
            ],
            [
              2.2441731594532723,
              41.459693585596376
            ],
            [
              2.2442210888833376,
              41.45985184200952
            ],
            [
              2.2443251431153075,
              41.45996910504981
            ],
            [
              2.2442942915364195,
              41.4599861966144
            ],
            [
              2.244188113992449,
              41.45986659387965
            ],
            [
              2.2441545043918465,
              41.459761732951364
            ],
            [
              2.244139373105518,
              41.45981122387137
            ],
            [
              2.2440823383937936,
              41.460094744913015
            ],
            [
              2.244035496588672,
              41.460212992726795
            ],
            [
              2.24402270628934,
              41.460298544899004
            ],
            [
              2.2439925892999866,
              41.46046433476862
            ],
            [
              2.24384711629332,
              41.46077160071627
            ],
            [
              2.243810362002346,
              41.46085560277808
            ],
            [
              2.243773868939532,
              41.46084682023662
            ],
            [
              2.2438108631202938,
              41.46076227121171
            ],
            [
              2.2439548967284533,
              41.4604589465027
            ],
            [
              2.243984656550965,
              41.4602951530417
            ],
            [
              2.243997613093809,
              41.46020848774869
            ],
            [
              2.244044657164167,
              41.46008942881045
            ],
            [
              2.2441016386629866,
              41.45980617315671
            ],
            [
              2.2441348686531764,
              41.45969716574916
            ],
            [
              2.2440281123150627,
              41.45937197551402
            ],
            [
              2.243973574411437,
              41.459220400515356
            ],
            [
              2.2438647764143074,
              41.4590872961391
            ],
            [
              2.243828995575484,
              41.459058103878796
            ],
            [
              2.243755899786202,
              41.45902057132502
            ]
          ]
        ]
      },
      "properties": {
        "intersection_id": "5586016685",
        "modes": [
          "CAR",
          "MOTORCYCLE"
        ],
        "stop_line": [
          2.243286643783183,
          41.458815813700454
        ],
        "waiting_zone_id": "60677160#1_straight"
      }
    },
    {
      "type": "Feature",
      "geometry": {
        "type": "Polygon",
        "coordinates": [
          [
            [
              2.241431217440234,
              41.458234634828884
            ],
            [
              2.2410177030664005,
              41.45809137158644
            ],
            [
              2.2410335626062388,
              41.4580651331248
            ],
            [
              2.241447087004813,
              41.45820834683574
            ],
            [
              2.241994692557636,
              41.45839421188969
            ],
            [
              2.2419788047126947,
              41.4584204394879
            ],
            [
              2.241431217440234,
              41.458234634828884
            ]
          ]
        ]
      },
      "properties": {
        "intersection_id": "495439120",
        "modes": [
          "CAR",
          "MOTORCYCLE"
        ],
        "stop_line": [
          2.2410256328378977,
          41.45807825235592
        ],
        "waiting_zone_id": "60677162#0_straight"
      }
    },
    {
      "type": "Feature",
      "geometry": {
        "type": "Polygon",
        "coordinates": [
          [
            [
              2.2410335381777537,
              41.4580650717129
            ],
            [
              2.2410494716403333,
              41.45803885895678
            ],
            [
              2.242010550004973,
              41.458367920136
            ],
            [
              2.241994690803001,
              41.458394156933124
            ],
            [
              2.2410335381777537,
              41.4580650717129
            ]
          ]
        ]
      },
      "properties": {
        "intersection_id": "495439120",
        "modes": [
          "CAR",
          "MOTORCYCLE"
        ],
        "stop_line": [
          2.2410415049106374,
          41.45805196533524
        ],
        "waiting_zone_id": "60677162#0_straight+left"
      }
    },
    {
      "type": "Feature",
      "geometry": {
        "type": "Polygon",
        "coordinates": [
          [
            [
              2.2350418954473126,
              41.453822492639496
            ],
            [
              2.235056890464812,
              41.45379596820419
            ],
            [
              2.2352247664036535,
              41.45384968238461
            ],
            [
              2.235451445253133,
              41.453914546530676
            ],
            [
              2.2354342295078893,
              41.45387234490923
            ],
            [
              2.235448207843894,
              41.45384796553955
            ],
            [
              2.2359371149532827,
              41.45341910339317
            ],
            [
              2.2361383990015256,
              41.453240060137745
            ],
            [
              2.236174808839454,
              41.45320874438529
            ],
            [
              2.2361531388499123,
              41.45321890769245
            ],
            [
              2.236120669630132,
              41.4531875281876
            ],
            [
              2.236144865107164,
              41.45316518109619
            ],
            [
              2.236164637265887,
              41.45317829929649
            ],
            [
              2.236183599245646,
              41.45320118427167
            ],
            [
              2.2362074787964126,
              41.45318065997417
            ],
            [
              2.2362362073456326,
              41.45319972848759
            ],
            [
              2.236167547275326,
              41.45325876485296
            ],
            [
              2.2359663237407705,
              41.453437754516244
            ],
            [
              2.2354785435677558,
              41.45386557581088
            ],
            [
              2.2354736286017403,
              41.45387068638561
            ],
            [
              2.235496705170947,
              41.453927254164
            ],
            [
              2.235766885212645,
              41.45400242664849
            ],
            [
              2.2357537624544253,
              41.45402950586174
            ],
            [
              2.235345582341833,
              41.45391553717588
            ],
            [
              2.235210697175797,
              41.45387649222694
            ],
            [
              2.2350418954473126,
              41.453822492639496
            ]
          ]
        ]
      },
      "properties": {
        "intersection_id": "2119385421",
        "modes": [
          "CAR",
          "MOTORCYCLE"
        ],
        "stop_line": [
          2.235760323311998,
          41.4540159658812
        ],
        "waiting_zone_id": "620614855#0_straight+partial_right"
      }
    },
    {
      "type": "Feature",
      "geometry": {
        "type": "Polygon",
        "coordinates": [
          [
            [
              2.251259218612251,
              41.4525157588305
            ],
            [
              2.2512872405884923,
              41.45253541168451
            ],
            [
              2.25081093895936,
              41.45291966622073
            ],
            [
              2.2507830039902554,
              41.452899941759185
            ],
            [
              2.251259218612251,
              41.4525157588305
            ]
          ]
        ]
      },
      "properties": {
        "intersection_id": "5588593510",
        "modes": [
          "CAR",
          "MOTORCYCLE"
        ],
        "stop_line": [
          2.25079697147269,
          41.452909803990785
        ],
        "waiting_zone_id": "6245392#5_straight"
      }
    },
    {
      "type": "Feature",
      "geometry": {
        "type": "Polygon",
        "coordinates": [
          [
            [
              2.23579627734518,
              41.45434433211975
            ],
            [
              2.2358319136255522,
              41.454354916589665
            ],
            [
              2.235459812738685,
              41.45505436298729
            ],
            [
              2.2354242422057924,
              41.45504365814027
            ],
            [
              2.23579627734518,
              41.45434433211975
            ]
          ]
        ]
      },
      "properties": {
        "intersection_id": "5588597505",
        "modes": [
          "CAR",
          "MOTORCYCLE"
        ],
        "stop_line": [
          2.2358140943595446,
          41.45434962649869
        ],
        "waiting_zone_id": "641069317#1_straight"
      }
    },
    {
      "type": "Feature",
      "geometry": {
        "type": "Polygon",
        "coordinates": [
          [
            [
              2.2305450263008,
              41.44238953123672
            ],
            [
              2.2305594390277297,
              41.44240391524335
            ],
            [
              2.230156945583405,
              41.44263224801505
            ],
            [
              2.2301425340933467,
              41.442617863966916
            ],
            [
              2.2305450263008,
              41.44238953123672
            ]
          ]
        ]
      },
      "properties": {
        "intersection_id": "2805069504",
        "modes": [
          "BICYCLE"
        ],
        "stop_line": [
          2.230149740063145,
          41.442625056300514
        ],
        "waiting_zone_id": "654818039#3_straight+turn+left"
      }
    },
    {
      "type": "Feature",
      "geometry": {
        "type": "Polygon",
        "coordinates": [
          [
            [
              2.2294899150764693,
              41.44120476120923
            ],
            [
              2.229516758553423,
              41.441225323043476
            ],
            [
              2.229474080648545,
              41.44125687040393
            ],
            [
              2.2294472371723666,
              41.44123630855983
            ],
            [
              2.2294899150764693,
              41.44120476120923
            ]
          ]
        ]
      },
      "properties": {
        "intersection_id": "5588596753",
        "modes": [
          "CAR",
          "MOTORCYCLE"
        ],
        "stop_line": [
          2.229503336812829,
          41.44121504212711
        ],
        "waiting_zone_id": "665948577#0_straight"
      }
    },
    {
      "type": "Feature",
      "geometry": {
        "type": "Polygon",
        "coordinates": [
          [
            [
              2.2302394655240967,
              41.44063283518257
            ],
            [
              2.230266738970335,
              41.44065307365134
            ],
            [
              2.229586975491813,
              41.441171720719254
            ],
            [
              2.229559820410697,
              41.44115139280936
            ],
            [
              2.2302394655240967,
              41.44063283518257
            ]
          ]
        ]
      },
      "properties": {
        "intersection_id": "5588596749",
        "modes": [
          "CAR",
          "MOTORCYCLE"
        ],
        "stop_line": [
          2.230253102245097,
          41.44064295441775
        ],
        "waiting_zone_id": "665948577#1_straight"
      }
    },
    {
      "type": "Feature",
      "geometry": {
        "type": "Polygon",
        "coordinates": [
          [
            [
              2.2596845232551126,
              41.46125257613191
            ],
            [
              2.2597218492633657,
              41.46125908191327
            ],
            [
              2.2596947447076876,
              41.46134709012775
            ],
            [
              2.259657418651931,
              41.46134058433729
            ],
            [
              2.2596845232551126,
              41.46125257613191
            ]
          ]
        ]
      },
      "properties": {
        "intersection_id": "1092073341",
        "modes": [
          "CAR",
          "MOTORCYCLE"
        ],
        "stop_line": [
          2.2596760816788555,
          41.46134383723403
        ],
        "waiting_zone_id": "669679326#2_straight+turn+left"
      }
    },
    {
      "type": "Feature",
      "geometry": {
        "type": "Polygon",
        "coordinates": [
          [
            [
              2.248923825655076,
              41.452925912967416
            ],
            [
              2.2489506801127126,
              41.45294647031736
            ],
            [
              2.2489765353101787,
              41.452967716510756
            ],
            [
              2.2489338589440435,
              41.45299927104158
            ],
            [
              2.2489070044702455,
              41.452978713687756
            ],
            [
              2.248881149291387,
              41.45295746747891
            ],
            [
              2.248923825655076,
              41.452925912967416
            ]
          ]
        ]
      },
      "properties": {
        "intersection_id": "5588593475",
        "modes": [
          "CAR",
          "MOTORCYCLE"
        ],
        "stop_line": [
          2.2489075041092588,
          41.452978369263235
        ],
        "waiting_zone_id": "673862123#0_straight"
      }
    },
    {
      "type": "Feature",
      "geometry": {
        "type": "Polygon",
        "coordinates": [
          [
            [
              2.248325513455741,
              41.453534646192296
            ],
            [
              2.248399287282931,
              41.45355037601516
            ],
            [
              2.2483750891974146,
              41.4536146813812
            ],
            [
              2.248301426381582,
              41.45359897478685
            ],
            [
              2.248325513455741,
              41.453534646192296
            ]
          ]
        ]
      },
      "properties": {
        "intersection_id": "228725703",
        "modes": [
          "CAR",
          "MOTORCYCLE"
        ],
        "stop_line": [
          2.2483382615427527,
          41.45360681928058
        ],
        "waiting_zone_id": "673862123#4_straight"
      }
    },
    {
      "type": "Feature",
      "geometry": {
        "type": "Polygon",
        "coordinates": [
          [
            [
              2.230360466703146,
              41.44052866119806
            ],
            [
              2.230409424338783,
              41.440554474391796
            ],
            [
              2.230386479630445,
              41.440579803857005
            ],
            [
              2.2303632260049064,
              41.44060270734725
            ],
            [
              2.2303156677734672,
              41.44057536682677
            ],
            [
              2.230360466703146,
              41.44052866119806
            ]
          ]
        ]
      },
      "properties": {
        "intersection_id": "5588596750",
        "modes": [
          "CAR",
          "MOTORCYCLE"
        ],
        "stop_line": [
          2.2303383859767942,
          41.440552189540476
        ],
        "waiting_zone_id": "673862127#0_straight"
      }
    },
    {
      "type": "Feature",
      "geometry": {
        "type": "Polygon",
        "coordinates": [
          [
            [
              2.2334103679539723,
              41.440259896223054
            ],
            [
              2.2334470851737387,
              41.44029552844559
            ],
            [
              2.233416790353636,
              41.44031316492204
            ],
            [
              2.2333802092616346,
              41.44027766330436
            ],
            [
              2.2334103679539723,
              41.440259896223054
            ]
          ]
        ]
      },
      "properties": {
        "intersection_id": "2160215017",
        "modes": [
          "CAR",
          "MOTORCYCLE"
        ],
        "stop_line": [
          2.2333952886098545,
          41.44026877976472
        ],
        "waiting_zone_id": "673926020#0_straight"
      }
    },
    {
      "type": "Feature",
      "geometry": {
        "type": "Polygon",
        "coordinates": [
          [
            [
              2.2327451167169308,
              41.43961876626784
            ],
            [
              2.2332344948118044,
              41.44005875790312
            ],
            [
              2.23317645190967,
              41.44009642207652
            ],
            [
              2.2330783440229722,
              41.440011007998166
            ],
            [
              2.2326870158764938,
              41.43965637936921
            ],
            [
              2.2327451167169308,
              41.43961876626784
            ]
          ]
        ]
      },
      "properties": {
        "intersection_id": "5588596932",
        "modes": [
          "CAR",
          "MOTORCYCLE"
        ],
        "stop_line": [
          2.2327305845331447,
          41.4396281523853
        ],
        "waiting_zone_id": "673926020#3_straight"
      }
    },
    {
      "type": "Feature",
      "geometry": {
        "type": "Polygon",
        "coordinates": [
          [
            [
              2.2320581515374296,
              41.43905999749775
            ],
            [
              2.2320873629150184,
              41.43904133990409
            ],
            [
              2.2323244602435848,
              41.43925122046357
            ],
            [
              2.232266059594404,
              41.439288583649336
            ],
            [
              2.2320305144557473,
              41.43907995365846
            ],
            [
              2.2320581515374296,
              41.43905999749775
            ]
          ]
        ]
      },
      "properties": {
        "intersection_id": "5588596928",
        "modes": [
          "CAR",
          "MOTORCYCLE"
        ],
        "stop_line": [
          2.2320588816251874,
          41.43906060162854
        ],
        "waiting_zone_id": "673926020#6_straight"
      }
    },
    {
      "type": "Feature",
      "geometry": {
        "type": "Polygon",
        "coordinates": [
          [
            [
              2.2317843610940753,
              41.43902485455286
            ],
            [
              2.2318079435614364,
              41.439047565778964
            ],
            [
              2.2309664357574586,
              41.43954234947206
            ],
            [
              2.230942852223327,
              41.439519637167706
            ],
            [
              2.2317843610940753,
              41.43902485455286
            ]
          ]
        ]
      },
      "properties": {
        "intersection_id": "5588596929",
        "modes": [
          "CAR",
          "MOTORCYCLE"
        ],
        "stop_line": [
          2.2317961524281733,
          41.43903621029752
        ],
        "waiting_zone_id": "673926021#5_straight"
      }
    },
    {
      "type": "Feature",
      "geometry": {
        "type": "Polygon",
        "coordinates": [
          [
            [
              2.231957491276683,
              41.43761127266882
            ],
            [
              2.2319833756185465,
              41.43763251750596
            ],
            [
              2.2313782628840095,
              41.43801983813333
            ],
            [
              2.231353141124106,
              41.43799808122914
            ],
            [
              2.231957491276683,
              41.43761127266882
            ]
          ]
        ]
      },
      "properties": {
        "intersection_id": "5588596890",
        "modes": [
          "CAR",
          "MOTORCYCLE"
        ],
        "stop_line": [
          2.231365757653393,
          41.438008923293324
        ],
        "waiting_zone_id": "673926023#4_straight"
      }
    },
    {
      "type": "Feature",
      "geometry": {
        "type": "Polygon",
        "coordinates": [
          [
            [
              2.2321446542702925,
              41.43888573493534
            ],
            [
              2.232173953032752,
              41.43886716977819
            ],
            [
              2.2322124865162296,
              41.43890162824207
            ],
            [
              2.232153770694109,
              41.438938738862994
            ],
            [
              2.2321156305299534,
              41.43890452620617
            ],
            [
              2.2321446542702925,
              41.43888573493534
            ]
          ]
        ]
      },
      "properties": {
        "intersection_id": "5588596926",
        "modes": [
          "CAR",
          "MOTORCYCLE"
        ],
        "stop_line": [
          2.232168442585243,
          41.43892947715168
        ],
        "waiting_zone_id": "673926024#0_straight"
      }
    },
    {
      "type": "Feature",
      "geometry": {
        "type": "Polygon",
        "coordinates": [
          [
            [
              2.232251222248885,
              41.43893629701548
            ],
            [
              2.2328664578486546,
              41.43948105625695
            ],
            [
              2.2328080808775788,
              41.439518348715715
            ],
            [
              2.2324217017364356,
              41.43917714804373
            ],
            [
              2.2321927932900953,
              41.43897354378152
            ],
            [
              2.232251222248885,
              41.43893629701548
            ]
          ]
        ]
      },
      "properties": {
        "intersection_id": "5588596931",
        "modes": [
          "CAR",
          "MOTORCYCLE"
        ],
        "stop_line": [
          2.232822711045498,
          41.43950904916743
        ],
        "waiting_zone_id": "673926024#1_straight"
      }
    },
    {
      "type": "Feature",
      "geometry": {
        "type": "Polygon",
        "coordinates": [
          [
            [
              2.259124695138058,
              41.459710968893354
            ],
            [
              2.26003734431221,
              41.459963647666505
            ],
            [
              2.260024107438091,
              41.459990694675554
            ],
            [
              2.2591114603132643,
              41.45973801761263
            ],
            [
              2.259124695138058,
              41.459710968893354
            ]
          ]
        ]
      },
      "properties": {
        "intersection_id": "1092073048",
        "modes": [
          "CAR",
          "MOTORCYCLE"
        ],
        "stop_line": [
          2.260030702166954,
          41.45997716460467
        ],
        "waiting_zone_id": "673941029#7_straight+left"
      }
    },
    {
      "type": "Feature",
      "geometry": {
        "type": "Polygon",
        "coordinates": [
          [
            [
              2.2395366194007895,
              41.45741187896996
            ],
            [
              2.239551985597395,
              41.45738547531482
            ],
            [
              2.2397723011188555,
              41.457459711534256
            ],
            [
              2.2404545935290847,
              41.457699342136785
            ],
            [
              2.240904477235212,
              41.457855238024024
            ],
            [
              2.240872514827971,
              41.457907634041156
            ],
            [
              2.240422515032791,
              41.45775160665558
            ],
            [
              2.2404385621270206,
              41.4577255208374
            ],
            [
              2.23975632317021,
              41.45748590850855
            ],
            [
              2.2395366194007895,
              41.45741187896996
            ]
          ]
        ]
      },
      "properties": {
        "intersection_id": "5588597537",
        "modes": [
          "CAR",
          "MOTORCYCLE"
        ],
        "stop_line": [
          2.240888459351026,
          41.45788142337766
        ],
        "waiting_zone_id": "673941031#7_straight"
      }
    },
    {
      "type": "Feature",
      "geometry": {
        "type": "Polygon",
        "coordinates": [
          [
            [
              2.238637213232745,
              41.457333580122935
            ],
            [
              2.2386738045917016,
              41.45734212534762
            ],
            [
              2.2385335835549323,
              41.457678331484594
            ],
            [
              2.238204594993727,
              41.45845039594138
            ],
            [
              2.2381681139097496,
              41.45844158828166
            ],
            [
              2.238637213232745,
              41.457333580122935
            ]
          ]
        ]
      },
      "properties": {
        "intersection_id": "495439285",
        "modes": [
          "CAR",
          "MOTORCYCLE"
        ],
        "stop_line": [
          2.2386554931311125,
          41.45733789097687
        ],
        "waiting_zone_id": "673941032#4_straight+right"
      }
    },
    {
      "type": "Feature",
      "geometry": {
        "type": "Polygon",
        "coordinates": [
          [
            [
              2.2430285410745143,
              41.458748106435166
            ],
            [
              2.2430829232176532,
              41.4587669376091
            ],
            [
              2.243051172761068,
              41.45881923743973
            ],
            [
              2.2429967009937117,
              41.458800593916166
            ],
            [
              2.2430285410745143,
              41.458748106435166
            ]
          ]
        ]
      },
      "properties": {
        "intersection_id": "5586016688",
        "modes": [
          "CAR",
          "MOTORCYCLE"
        ],
        "stop_line": [
          2.2430046340277072,
          41.45878747637291
        ],
        "waiting_zone_id": "673957847#0_straight"
      }
    },
    {
      "type": "Feature",
      "geometry": {
        "type": "Polygon",
        "coordinates": [
          [
            [
              2.24221714025936,
              41.45847044811508
            ],
            [
              2.2429847879299585,
              41.45873319225472
            ],
            [
              2.2429530538207105,
              41.45878562547586
            ],
            [
              2.242185343787587,
              41.45852295097286
            ],
            [
              2.24221714025936,
              41.45847044811508
            ]
          ]
        ]
      },
      "properties": {
        "intersection_id": "5586016704",
        "modes": [
          "CAR",
          "MOTORCYCLE"
        ],
        "stop_line": [
          2.242201242177178,
          41.458496699454095
        ],
        "waiting_zone_id": "673957847#1_straight"
      }
    },
    {
      "type": "Feature",
      "geometry": {
        "type": "Polygon",
        "coordinates": [
          [
            [
              2.2328983005344814,
              41.44674910781915
            ],
            [
              2.2329340938086357,
              41.44678520419925
            ],
            [
              2.2329033911034855,
              41.446802439666364
            ],
            [
              2.232867597826556,
              41.446766344177554
            ],
            [
              2.2328983005344814,
              41.44674910781915
            ]
          ]
        ]
      },
      "properties": {
        "intersection_id": "5588597470",
        "modes": [
          "CAR",
          "MOTORCYCLE"
        ],
        "stop_line": [
          2.2329187427972927,
          41.446793821868205
        ],
        "waiting_zone_id": "674381437#0_straight"
      }
    },
    {
      "type": "Feature",
      "geometry": {
        "type": "Polygon",
        "coordinates": [
          [
            [
              2.23061571739341,
              41.442391591157175
            ],
            [
              2.2306767425370015,
              41.44246304548422
            ],
            [
              2.230644517806196,
              41.44247862722776
            ],
            [
              2.2305834926838775,
              41.442407172884
            ],
            [
              2.23061571739341,
              41.442391591157175
            ]
          ]
        ]
      },
      "properties": {
        "intersection_id": "2805069506",
        "modes": [
          "CAR",
          "MOTORCYCLE"
        ],
        "stop_line": [
          2.2306606298147673,
          41.442470836468694
        ],
        "waiting_zone_id": "674381439#1_straight"
      }
    },
    {
      "type": "Feature",
      "geometry": {
        "type": "Polygon",
        "coordinates": [
          [
            [
              2.2387250959783667,
              41.44569978523346
            ],
            [
              2.23880750033263,
              41.44563258017071
            ],
            [
              2.239194224667776,
              41.44532594456638
            ],
            [
              2.239222010294771,
              41.445345784361514
            ],
            [
              2.2383366621248952,
              41.44607636328722
            ],
            [
              2.2383079771846273,
              41.44605725953895
            ],
            [
              2.2387250959783667,
              41.44569978523346
            ]
          ]
        ]
      },
      "properties": {
        "intersection_id": "30618505",
        "modes": [
          "CAR",
          "MOTORCYCLE"
        ],
        "stop_line": [
          2.238322357697212,
          41.446066779073945
        ],
        "waiting_zone_id": "674381440#4_straight+left"
      }
    },
    {
      "type": "Feature",
      "geometry": {
        "type": "Polygon",
        "coordinates": [
          [
            [
              2.2374791316566722,
              41.445466162470694
            ],
            [
              2.238239938862457,
              41.44606395281622
            ],
            [
              2.2381846273903787,
              41.446103792140015
            ],
            [
              2.2374237005560302,
              41.44550599883829
            ],
            [
              2.2374791316566722,
              41.445466162470694
            ]
          ]
        ]
      },
      "properties": {
        "intersection_id": "5588597075",
        "modes": [
          "CAR",
          "MOTORCYCLE"
        ],
        "stop_line": [
          2.2374375239382798,
          41.44549602297231
        ],
        "waiting_zone_id": "674381441#0_straight"
      }
    },
    {
      "type": "Feature",
      "geometry": {
        "type": "Polygon",
        "coordinates": [
          [
            [
              2.2369956565215494,
              41.44507302377546
            ],
            [
              2.2372326810745298,
              41.44526625684882
            ],
            [
              2.2373713528307086,
              41.44538045290808
            ],
            [
              2.2373148385927046,
              41.44541934797174
            ],
            [
              2.2369392668897206,
              41.445112015862776
            ],
            [
              2.2369956565215494,
              41.44507302377546
            ]
          ]
        ]
      },
      "properties": {
        "intersection_id": "5588597079",
        "modes": [
          "CAR",
          "MOTORCYCLE"
        ],
        "stop_line": [
          2.236967463042576,
          41.44509252139245
        ],
        "waiting_zone_id": "674381441#3_straight"
      }
    },
    {
      "type": "Feature",
      "geometry": {
        "type": "Polygon",
        "coordinates": [
          [
            [
              2.24068466145549,
              41.44828718458993
            ],
            [
              2.240753659509046,
              41.44831130344019
            ],
            [
              2.2407650477953003,
              41.44836832991912
            ],
            [
              2.2405745712318934,
              41.44838300766971
            ],
            [
              2.240562291640494,
              41.44829709834914
            ],
            [
              2.24068466145549,
              41.44828718458993
            ]
          ]
        ]
      },
      "properties": {
        "intersection_id": "13608027779",
        "modes": [
          "CAR",
          "MOTORCYCLE"
        ],
        "stop_line": [
          2.2405684483875787,
          41.44834003630777
        ],
        "waiting_zone_id": "674401335#1_straight"
      }
    },
    {
      "type": "Feature",
      "geometry": {
        "type": "Polygon",
        "coordinates": [
          [
            [
              2.2373809981214414,
              41.44857075295049
            ],
            [
              2.2376166326563576,
              41.448550013324606
            ],
            [
              2.2376255415100506,
              41.44860722363979
            ],
            [
              2.2370369095326277,
              41.448666206492646
            ],
            [
              2.2370270039048563,
              41.448609101214494
            ],
            [
              2.2373809981214414,
              41.44857075295049
            ]
          ]
        ]
      },
      "properties": {
        "intersection_id": "13608027782",
        "modes": [
          "CAR",
          "MOTORCYCLE"
        ],
        "stop_line": [
          2.2370297335524385,
          41.44862336543706
        ],
        "waiting_zone_id": "674401335#10_straight"
      }
    },
    {
      "type": "Feature",
      "geometry": {
        "type": "Polygon",
        "coordinates": [
          [
            [
              2.239960484410703,
              41.44834703508843
            ],
            [
              2.2401084561732163,
              41.44833330980529
            ],
            [
              2.2401224045475,
              41.44841917525062
            ],
            [
              2.239433079714478,
              41.44848746831961
            ],
            [
              2.239418564125256,
              41.44840165849221
            ],
            [
              2.239960484410703,
              41.44834703508843
            ]
          ]
        ]
      },
      "properties": {
        "intersection_id": "13608027780",
        "modes": [
          "CAR",
          "MOTORCYCLE"
        ],
        "stop_line": [
          2.2394211077961135,
          41.44841594214533
        ],
        "waiting_zone_id": "674401335#3_straight"
      }
    },
    {
      "type": "Feature",
      "geometry": {
        "type": "Polygon",
        "coordinates": [
          [
            [
              2.2388992715025537,
              41.448443825848976
            ],
            [
              2.23923756042449,
              41.44841848818579
            ],
            [
              2.2392489475053217,
              41.44850450703557
            ],
            [
              2.2381405621501353,
              41.448592187559804
            ],
            [
              2.2381287540137076,
              41.44850616041124
            ],
            [
              2.2388992715025537,
              41.448443825848976
            ]
          ]
        ]
      },
      "properties": {
        "intersection_id": "5588597311",
        "modes": [
          "CAR",
          "MOTORCYCLE"
        ],
        "stop_line": [
          2.2381346585421347,
          41.44854917538051
        ],
        "waiting_zone_id": "674401335#5_straight"
      }
    },
    {
      "type": "Feature",
      "geometry": {
        "type": "Polygon",
        "coordinates": [
          [
            [
              2.2381262266048596,
              41.44856429657352
            ],
            [
              2.2381303915841606,
              41.44859294888542
            ],
            [
              2.2380708895521177,
              41.44859784485944
            ],
            [
              2.23806672459875,
              41.448569192545634
            ],
            [
              2.2381262266048596,
              41.44856429657352
            ]
          ]
        ]
      },
      "properties": {
        "intersection_id": "13608027781",
        "modes": [
          "CAR",
          "MOTORCYCLE"
        ],
        "stop_line": [
          2.2380688070153183,
          41.44858351871716
        ],
        "waiting_zone_id": "674401335#7_straight"
      }
    },
    {
      "type": "Feature",
      "geometry": {
        "type": "Polygon",
        "coordinates": [
          [
            [
              2.2378724830865315,
              41.448527390386246
            ],
            [
              2.2378859830083426,
              41.44861327203896
            ],
            [
              2.237677577629309,
              41.44863170751183
            ],
            [
              2.2376640779792702,
              41.44854582583725
            ],
            [
              2.2378724830865315,
              41.448527390386246
            ]
          ]
        ]
      },
      "properties": {
        "intersection_id": "5588597309",
        "modes": [
          "CAR",
          "MOTORCYCLE"
        ],
        "stop_line": [
          2.237670847927219,
          41.44858875179586
        ],
        "waiting_zone_id": "674401335#9_straight"
      }
    },
    {
      "type": "Feature",
      "geometry": {
        "type": "Polygon",
        "coordinates": [
          [
            [
              2.2351814531936354,
              41.448839886156144
            ],
            [
              2.2352137594536505,
              41.44882090429894
            ],
            [
              2.2352373261351834,
              41.44884362639761
            ],
            [
              2.2351273136256684,
              41.448912195465866
            ],
            [
              2.2351025435333263,
              41.44889020845644
            ],
            [
              2.2351814531936354,
              41.448839886156144
            ]
          ]
        ]
      },
      "properties": {
        "intersection_id": "302182247",
        "modes": [
          "CAR",
          "MOTORCYCLE"
        ],
        "stop_line": [
          2.2351149288223757,
          41.44890120178761
        ],
        "waiting_zone_id": "674962061#1_straight"
      }
    },
    {
      "type": "Feature",
      "geometry": {
        "type": "Polygon",
        "coordinates": [
          [
            [
              2.234824817397263,
              41.44887794975787
            ],
            [
              2.2348309817084173,
              41.44887458685147
            ],
            [
              2.234966204459563,
              41.44882825754413
            ],
            [
              2.23498765863232,
              41.44885215102292
            ],
            [
              2.235007843202746,
              41.44887660532449
            ],
            [
              2.234826872681346,
              41.4489627422942
            ],
            [
              2.2347695453437915,
              41.44892454505049
            ],
            [
              2.234824817397263,
              41.44887794975787
            ]
          ]
        ]
      },
      "properties": {
        "intersection_id": "5588597480",
        "modes": [
          "CAR",
          "MOTORCYCLE"
        ],
        "stop_line": [
          2.2349874628228172,
          41.44885222222827
        ],
        "waiting_zone_id": "675305866#0_straight"
      }
    },
    {
      "type": "Feature",
      "geometry": {
        "type": "Polygon",
        "coordinates": [
          [
            [
              2.2357948471897293,
              41.448649903158184
            ],
            [
              2.235781137834294,
              41.44862303457139
            ],
            [
              2.235927450239743,
              41.448580770797065
            ],
            [
              2.235941179830173,
              41.44860767892269
            ],
            [
              2.2357948471897293,
              41.448649903158184
            ]
          ]
        ]
      },
      "properties": {
        "intersection_id": "302192268",
        "modes": [
          "CAR",
          "MOTORCYCLE"
        ],
        "stop_line": [
          2.2359343150336026,
          41.44859422486015
        ],
        "waiting_zone_id": "675305866#3_straight+right"
      }
    },
    {
      "type": "Feature",
      "geometry": {
        "type": "Polygon",
        "coordinates": [
          [
            [
              2.2312520506621767,
              41.438090515749025
            ],
            [
              2.2312824045590443,
              41.43807118142495
            ],
            [
              2.2313211180066803,
              41.4381055251968
            ],
            [
              2.2312633449077657,
              41.43814330551677
            ],
            [
              2.231223481859705,
              41.43810971427204
            ],
            [
              2.2312520506621767,
              41.438090515749025
            ]
          ]
        ]
      },
      "properties": {
        "intersection_id": "5588596889",
        "modes": [
          "CAR",
          "MOTORCYCLE"
        ],
        "stop_line": [
          2.231292071058288,
          41.43812427675066
        ],
        "waiting_zone_id": "677169240#0_straight"
      }
    },
    {
      "type": "Feature",
      "geometry": {
        "type": "Polygon",
        "coordinates": [
          [
            [
              2.231360103272034,
              41.43813966089805
            ],
            [
              2.232041356764826,
              41.43874408604921
            ],
            [
              2.231983255138595,
              41.438781595210536
            ],
            [
              2.2313017029811744,
              41.43817693082784
            ],
            [
              2.231360103272034,
              41.43813966089805
            ]
          ]
        ]
      },
      "properties": {
        "intersection_id": "5588596925",
        "modes": [
          "CAR",
          "MOTORCYCLE"
        ],
        "stop_line": [
          2.23201229802313,
          41.43876283358642
        ],
        "waiting_zone_id": "677169240#1_straight"
      }
    },
    {
      "type": "Feature",
      "geometry": {
        "type": "Polygon",
        "coordinates": [
          [
            [
              2.2529062871972165,
              41.458658404198005
            ],
            [
              2.252893975111718,
              41.45864017654106
            ],
            [
              2.2533074184238324,
              41.4584720696325
            ],
            [
              2.2533189475155457,
              41.45848785882122
            ],
            [
              2.2529062871972165,
              41.458658404198005
            ]
          ]
        ]
      },
      "properties": {
        "intersection_id": "5588790790",
        "modes": [
          "BICYCLE"
        ],
        "stop_line": [
          2.252748145267036,
          41.45870967740867
        ],
        "waiting_zone_id": "683963534_straight+turn+partial_left"
      }
    },
    {
      "type": "Feature",
      "geometry": {
        "type": "Polygon",
        "coordinates": [
          [
            [
              2.251541787874667,
              41.45909794666553
            ],
            [
              2.2515304299325862,
              41.45908208815662
            ],
            [
              2.2516210239337577,
              41.459048380027845
            ],
            [
              2.2517067157286212,
              41.45901832397348
            ],
            [
              2.2517844174387798,
              41.4589969098479
            ],
            [
              2.2519999309443275,
              41.45894513343188
            ],
            [
              2.252166683451868,
              41.45890973667711
            ],
            [
              2.252179431380844,
              41.45890904761676
            ],
            [
              2.2521810222269805,
              41.45892180346195
            ],
            [
              2.252173184771075,
              41.45892707319456
            ],
            [
              2.2520070204218374,
              41.45896234047328
            ],
            [
              2.251792408673555,
              41.45901389217772
            ],
            [
              2.251716369771952,
              41.45903481361042
            ],
            [
              2.2516314654312533,
              41.45906459196185
            ],
            [
              2.251541787874667,
              41.45909794666553
            ]
          ]
        ]
      },
      "properties": {
        "intersection_id": "5588790789",
        "modes": [
          "BICYCLE"
        ],
        "stop_line": [
          2.2521677441237182,
          41.45891100461189
        ],
        "waiting_zone_id": "683963536#1_straight+turn+left"
      }
    },
    {
      "type": "Feature",
      "geometry": {
        "type": "Polygon",
        "coordinates": [
          [
            [
              2.245126591199366,
              41.4553213929832
            ],
            [
              2.2451562971837653,
              41.45533959466439
            ],
            [
              2.245143695891634,
              41.4553512351391
            ],
            [
              2.2451159037298485,
              41.455373982064266
            ],
            [
              2.2450877192709386,
              41.45535445906034
            ],
            [
              2.245126591199366,
              41.4553213929832
            ]
          ]
        ]
      },
      "properties": {
        "intersection_id": "6556429507",
        "modes": [
          "CAR",
          "MOTORCYCLE"
        ],
        "stop_line": [
          2.2451414441206623,
          41.45533049377693
        ],
        "waiting_zone_id": "698127479#0_turn"
      }
    },
    {
      "type": "Feature",
      "geometry": {
        "type": "Polygon",
        "coordinates": [
          [
            [
              2.2449273567724424,
              41.4550552129943
            ],
            [
              2.2451377486407016,
              41.45517684296138
            ],
            [
              2.2450910343954145,
              41.45522251391269
            ],
            [
              2.244879452573698,
              41.45510024552978
            ],
            [
              2.2449273567724424,
              41.4550552129943
            ]
          ]
        ]
      },
      "properties": {
        "intersection_id": "6551343292",
        "modes": [
          "CAR",
          "MOTORCYCLE"
        ],
        "stop_line": [
          2.2449156846830234,
          41.4550666397627
        ],
        "waiting_zone_id": "698127480#0_straight"
      }
    },
    {
      "type": "Feature",
      "geometry": {
        "type": "Polygon",
        "coordinates": [
          [
            [
              2.244631934374794,
              41.45484395167064
            ],
            [
              2.2446818030444518,
              41.4548791306622
            ],
            [
              2.2446032824340696,
              41.45494224892629
            ],
            [
              2.2445533581655575,
              41.45490711457304
            ],
            [
              2.244631934374794,
              41.45484395167064
            ]
          ]
        ]
      },
      "properties": {
        "intersection_id": "6551343294",
        "modes": [
          "CAR",
          "MOTORCYCLE"
        ],
        "stop_line": [
          2.244566445106302,
          41.45489659011136
        ],
        "waiting_zone_id": "698127480#3_straight"
      }
    },
    {
      "type": "Feature",
      "geometry": {
        "type": "Polygon",
        "coordinates": [
          [
            [
              2.242913896165409,
              41.45399951434734
            ],
            [
              2.242974581832546,
              41.45402532728977
            ],
            [
              2.243669728886975,
              41.454348594422974
            ],
            [
              2.2439038878122,
              41.45448830679689
            ],
            [
              2.2438841474001237,
              41.454513008719296
            ],
            [
              2.243609386377642,
              41.454422118914565
            ],
            [
              2.2428556027459625,
              41.454074079680396
            ],
            [
              2.242913896165409,
              41.45399951434734
            ]
          ]
        ]
      },
      "properties": {
        "intersection_id": "6556429525",
        "modes": [
          "CAR",
          "MOTORCYCLE"
        ],
        "stop_line": [
          2.242904468327531,
          41.45401205995686
        ],
        "waiting_zone_id": "698127480#6_straight"
      }
    },
    {
      "type": "Feature",
      "geometry": {
        "type": "Polygon",
        "coordinates": [
          [
            [
              2.245205724896689,
              41.455294410779175
            ],
            [
              2.245235246952047,
              41.455312780572825
            ],
            [
              2.245197094832165,
              41.45534748445642
            ],
            [
              2.245167571574915,
              41.455329114645174
            ],
            [
              2.245205724896689,
              41.455294410779175
            ]
          ]
        ]
      },
      "properties": {
        "intersection_id": "6556429507",
        "modes": [
          "CAR",
          "MOTORCYCLE"
        ],
        "stop_line": [
          2.2451823329824867,
          41.45533829930531
        ],
        "waiting_zone_id": "698127482_straight"
      }
    },
    {
      "type": "Feature",
      "geometry": {
        "type": "Polygon",
        "coordinates": [
          [
            [
              2.2473763001421427,
              41.45554026321028
            ],
            [
              2.2473803656108307,
              41.45553306405184
            ],
            [
              2.2474337448626196,
              41.455483061768305
            ],
            [
              2.247463617372911,
              41.45550110991688
            ],
            [
              2.247412044858227,
              41.45555722386385
            ],
            [
              2.2473740413878343,
              41.455553574919506
            ],
            [
              2.2473763001421427,
              41.45554026321028
            ]
          ]
        ]
      },
      "properties": {
        "intersection_id": "590815644",
        "modes": [
          "CAR",
          "MOTORCYCLE"
        ],
        "stop_line": [
          2.247393043380141,
          41.4555553995532
        ],
        "waiting_zone_id": "698127484#0_right"
      }
    },
    {
      "type": "Feature",
      "geometry": {
        "type": "Polygon",
        "coordinates": [
          [
            [
              2.242907950982709,
              41.45367132830892
            ],
            [
              2.242982227399062,
              41.453685539053275
            ],
            [
              2.242917904286175,
              41.4538753715312
            ],
            [
              2.2428437287903193,
              41.45386121635498
            ],
            [
              2.242907950982709,
              41.45367132830892
            ]
          ]
        ]
      },
      "properties": {
        "intersection_id": "6556429512",
        "modes": [
          "CAR",
          "MOTORCYCLE"
        ],
        "stop_line": [
          2.2428808224945085,
          41.4538682775729
        ],
        "waiting_zone_id": "698130737#0_straight"
      }
    },
    {
      "type": "Feature",
      "geometry": {
        "type": "Polygon",
        "coordinates": [
          [
            [
              2.242561497153699,
              41.453909590959405
            ],
            [
              2.242602773338289,
              41.45386111093391
            ],
            [
              2.2426146966541167,
              41.4538664939129
            ],
            [
              2.2426308197159606,
              41.453834438144916
            ],
            [
              2.242702448821,
              41.45385505303544
            ],
            [
              2.242681263962937,
              41.453897173716626
            ],
            [
              2.2426507184140476,
              41.45388847771066
            ],
            [
              2.2426343621175464,
              41.453908985323714
            ],
            [
              2.24258508595251,
              41.4538867395061
            ],
            [
              2.2427351906362203,
              41.45395655980974
            ],
            [
              2.2427158930387256,
              41.45398145900885
            ],
            [
              2.242561497153699,
              41.453909590959405
            ]
          ]
        ]
      },
      "properties": {
        "intersection_id": "301578022",
        "modes": [
          "CAR",
          "MOTORCYCLE"
        ],
        "stop_line": [
          2.2426098897092466,
          41.453876457558096
        ],
        "waiting_zone_id": "698130738#0+885217173_straight"
      }
    },
    {
      "type": "Feature",
      "geometry": {
        "type": "Polygon",
        "coordinates": [
          [
            [
              2.253827582295038,
              41.45838578236631
            ],
            [
              2.2538490792376487,
              41.45840964015738
            ],
            [
              2.253765903809355,
              41.45845222004586
            ],
            [
              2.2537443057139432,
              41.45842841382628
            ],
            [
              2.253827582295038,
              41.45838578236631
            ]
          ]
        ]
      },
      "properties": {
        "intersection_id": "5568932117",
        "modes": [
          "CAR",
          "MOTORCYCLE"
        ],
        "stop_line": [
          2.2537551047596827,
          41.45844031693657
        ],
        "waiting_zone_id": "698859732#2_straight"
      }
    },
    {
      "type": "Feature",
      "geometry": {
        "type": "Polygon",
        "coordinates": [
          [
            [
              2.256967369934449,
              41.45598594963065
            ],
            [
              2.2569873609018694,
              41.45599586532855
            ],
            [
              2.2569544102634134,
              41.456033464773206
            ],
            [
              2.2569344180924054,
              41.456023549061854
            ],
            [
              2.256967369934449,
              41.45598594963065
            ]
          ]
        ]
      },
      "properties": {
        "intersection_id": "303580405",
        "modes": [
          "BICYCLE"
        ],
        "stop_line": [
          2.256977365416777,
          41.455990907803994
        ],
        "waiting_zone_id": "703229779#0_straight+turn+left+right"
      }
    },
    {
      "type": "Feature",
      "geometry": {
        "type": "Polygon",
        "coordinates": [
          [
            [
              2.2571048583385624,
              41.455788110340784
            ],
            [
              2.2574349332452557,
              41.45546648661741
            ],
            [
              2.2575272755804865,
              41.45537808116613
            ],
            [
              2.257905234737199,
              41.45502388799991
            ],
            [
              2.257935110002115,
              41.4550419316515
            ],
            [
              2.2575182918941574,
              41.45545506282387
            ],
            [
              2.2571087237542744,
              41.455833395831874
            ],
            [
              2.2570776337522065,
              41.455816552919536
            ],
            [
              2.2571048583385624,
              41.455788110340784
            ]
          ]
        ]
      },
      "properties": {
        "intersection_id": "1091758345",
        "modes": [
          "CAR",
          "MOTORCYCLE"
        ],
        "stop_line": [
          2.2570931782769024,
          41.45582497418029
        ],
        "waiting_zone_id": "703229806#2_straight"
      }
    },
    {
      "type": "Feature",
      "geometry": {
        "type": "Polygon",
        "coordinates": [
          [
            [
              2.2523568571531807,
              41.45877168118472
            ],
            [
              2.252364554288374,
              41.458788739028
            ],
            [
              2.2522169649624075,
              41.45882642152819
            ],
            [
              2.252196745260372,
              41.45883098565305
            ],
            [
              2.252189871835869,
              41.45881372958589
            ],
            [
              2.2523568571531807,
              41.45877168118472
            ]
          ]
        ]
      },
      "properties": {
        "intersection_id": "5588790790",
        "modes": [
          "BICYCLE"
        ],
        "stop_line": [
          2.25236070572028,
          41.458780210106426
        ],
        "waiting_zone_id": "703229824_straight+turn+right"
      }
    },
    {
      "type": "Feature",
      "geometry": {
        "type": "Polygon",
        "coordinates": [
          [
            [
              2.230291652676337,
              41.45307770417543
            ],
            [
              2.230283437045414,
              41.45304955143823
            ],
            [
              2.231105018968056,
              41.45291300512
            ],
            [
              2.2312677720870586,
              41.45288713183725
            ],
            [
              2.2315175367313898,
              41.452811270145396
            ],
            [
              2.2315333960163573,
              41.45283750753819
            ],
            [
              2.231277335177849,
              41.452915070126096
            ],
            [
              2.231113213347287,
              41.45294116126076
            ],
            [
              2.230291652676337,
              41.45307770417543
            ]
          ]
        ]
      },
      "properties": {
        "intersection_id": "2139494671",
        "modes": [
          "CAR",
          "MOTORCYCLE"
        ],
        "stop_line": [
          2.231525465818923,
          41.45282438874526
        ],
        "waiting_zone_id": "734604334#0_straight"
      }
    },
    {
      "type": "Feature",
      "geometry": {
        "type": "Polygon",
        "coordinates": [
          [
            [
              2.2347734087779654,
              41.44924096765351
            ],
            [
              2.234744063084949,
              41.449222438709405
            ],
            [
              2.23477669631562,
              41.44919318257151
            ],
            [
              2.234925289095147,
              41.44904706873434
            ],
            [
              2.2349485891610668,
              41.44902573736434
            ],
            [
              2.2349639692640713,
              41.44898519360668
            ],
            [
              2.2349487047948338,
              41.44893213198382
            ],
            [
              2.234945894210262,
              41.4489263908692
            ],
            [
              2.2349818429913957,
              41.448916429927245
            ],
            [
              2.234985862448994,
              41.44892504884867
            ],
            [
              2.2350028499226515,
              41.44898614214371
            ],
            [
              2.2349843336815685,
              41.449036530892265
            ],
            [
              2.2349807085835622,
              41.44904172929417
            ],
            [
              2.2349555086829254,
              41.449064784668884
            ],
            [
              2.234806857802162,
              41.44921095490505
            ],
            [
              2.2347734087779654,
              41.44924096765351
            ]
          ]
        ]
      },
      "properties": {
        "intersection_id": "2112389533",
        "modes": [
          "CAR",
          "MOTORCYCLE"
        ],
        "stop_line": [
          2.234758735929365,
          41.449231703182384
        ],
        "waiting_zone_id": "734604335#0_straight"
      }
    },
    {
      "type": "Feature",
      "geometry": {
        "type": "Polygon",
        "coordinates": [
          [
            [
              2.247974193571339,
              41.45585951720679
            ],
            [
              2.248012130275267,
              41.4558554893879
            ],
            [
              2.248020495677795,
              41.45590008219381
            ],
            [
              2.247945097233961,
              41.45591003068767
            ],
            [
              2.247933288661512,
              41.45586593419315
            ],
            [
              2.247974193571339,
              41.45585951720679
            ]
          ]
        ]
      },
      "properties": {
        "intersection_id": "5588789873",
        "modes": [
          "CAR",
          "MOTORCYCLE"
        ],
        "stop_line": [
          2.2479827016948963,
          41.45590464052778
        ],
        "waiting_zone_id": "829557191#0_straight"
      }
    },
    {
      "type": "Feature",
      "geometry": {
        "type": "Polygon",
        "coordinates": [
          [
            [
              2.2305550571252626,
              41.44069992977896
            ],
            [
              2.2306012177747916,
              41.440653969073495
            ],
            [
              2.2309598600199316,
              41.4408403973791
            ],
            [
              2.2309381003316924,
              41.44086411803885
            ],
            [
              2.2311941548411722,
              41.44099678427486
            ],
            [
              2.231714806100537,
              41.441273838525575
            ],
            [
              2.231763801636558,
              41.441301199774486
            ],
            [
              2.231740971539881,
              41.441324344165764
            ],
            [
              2.23169251001703,
              41.44129727561268
            ],
            [
              2.2311723571160944,
              41.44102048490779
            ],
            [
              2.230980780355839,
              41.44092133130929
            ],
            [
              2.2309754639844424,
              41.4409308895995
            ],
            [
              2.230946298593959,
              41.44091412273084
            ],
            [
              2.230945140597203,
              41.44092795042474
            ],
            [
              2.2309127471707315,
              41.44088600957847
            ],
            [
              2.2305550571252626,
              41.44069992977896
            ]
          ]
        ]
      },
      "properties": {
        "intersection_id": "5588596752",
        "modes": [
          "CAR",
          "MOTORCYCLE"
        ],
        "stop_line": [
          2.2305781824117634,
          41.44067697538496
        ],
        "waiting_zone_id": "867627995#0_straight"
      }
    },
    {
      "type": "Feature",
      "geometry": {
        "type": "Polygon",
        "coordinates": [
          [
            [
              2.233523880122742,
              41.44006523782525
            ],
            [
              2.2335622994222626,
              41.440099652736826
            ],
            [
              2.233503624906653,
              41.44013678593167
            ],
            [
              2.233465295917192,
              41.440102224781114
            ],
            [
              2.233523880122742,
              41.44006523782525
            ]
          ]
        ]
      },
      "properties": {
        "intersection_id": "2160215023",
        "modes": [
          "CAR",
          "MOTORCYCLE"
        ],
        "stop_line": [
          2.23354763575425,
          41.44010892188469
        ],
        "waiting_zone_id": "86968890#0_straight"
      }
    },
    {
      "type": "Feature",
      "geometry": {
        "type": "Polygon",
        "coordinates": [
          [
            [
              2.2319127124197746,
              41.43888351911104
            ],
            [
              2.2319506163046494,
              41.43891837068713
            ],
            [
              2.231891614405571,
              41.43895485774993
            ],
            [
              2.231853562650347,
              41.43892016279763
            ],
            [
              2.2319127124197746,
              41.43888351911104
            ]
          ]
        ]
      },
      "properties": {
        "intersection_id": "5588596927",
        "modes": [
          "CAR",
          "MOTORCYCLE"
        ],
        "stop_line": [
          2.2318683328818425,
          41.43891099005426
        ],
        "waiting_zone_id": "86968891#0_straight"
      }
    },
    {
      "type": "Feature",
      "geometry": {
        "type": "Polygon",
        "coordinates": [
          [
            [
              2.2311777422017625,
              41.438268476548714
            ],
            [
              2.2318442735616975,
              41.438866697412934
            ],
            [
              2.231814934415549,
              41.43888522798798
            ],
            [
              2.2311550676848007,
              41.43829362423302
            ],
            [
              2.231147260765201,
              41.43828592923654
            ],
            [
              2.2311777422017625,
              41.438268476548714
            ]
          ]
        ]
      },
      "properties": {
        "intersection_id": "5588596888",
        "modes": [
          "CAR",
          "MOTORCYCLE"
        ],
        "stop_line": [
          2.2311625011329053,
          41.43827720257431
        ],
        "waiting_zone_id": "86968891#1_straight"
      }
    },
    {
      "type": "Feature",
      "geometry": {
        "type": "Polygon",
        "coordinates": [
          [
            [
              2.2310404868080185,
              41.438103203858184
            ],
            [
              2.2310800517536453,
              41.4381369940398
            ],
            [
              2.2310513134046155,
              41.43815604906882
            ],
            [
              2.231011748462622,
              41.43812225887746
            ],
            [
              2.2310404868080185,
              41.438103203858184
            ]
          ]
        ]
      },
      "properties": {
        "intersection_id": "5588596886",
        "modes": [
          "CAR",
          "MOTORCYCLE"
        ],
        "stop_line": [
          2.231026117685658,
          41.43811273159021
        ],
        "waiting_zone_id": "86968891#4_straight"
      }
    },
    {
      "type": "Feature",
      "geometry": {
        "type": "Polygon",
        "coordinates": [
          [
            [
              2.229661093905636,
              41.44268844984744
            ],
            [
              2.229802111354382,
              41.44260876755476
            ],
            [
              2.229848727983783,
              41.44265449697458
            ],
            [
              2.2293873354508325,
              41.4429187642203
            ],
            [
              2.2293407551270463,
              41.44287301324117
            ],
            [
              2.229661093905636,
              41.44268844984744
            ]
          ]
        ]
      },
      "properties": {
        "intersection_id": "6033236613",
        "modes": [
          "CAR",
          "MOTORCYCLE"
        ],
        "stop_line": [
          2.2298254100212267,
          41.442631637606944
        ],
        "waiting_zone_id": "86969103#4_straight"
      }
    },
    {
      "type": "Feature",
      "geometry": {
        "type": "Polygon",
        "coordinates": [
          [
            [
              2.248292247715987,
              41.45725039241322
            ],
            [
              2.2483031659976263,
              41.457260576396756
            ],
            [
              2.2483588190392925,
              41.4574598302884
            ],
            [
              2.248451353228636,
              41.45796565046856
            ],
            [
              2.24837579374112,
              41.457975345076115
            ],
            [
              2.2483058451259845,
              41.45766316450113
            ],
            [
              2.2482846378599874,
              41.45754473682554
            ],
            [
              2.248265373431181,
              41.45726200660925
            ],
            [
              2.248292247715987,
              41.45725039241322
            ]
          ]
        ]
      },
      "properties": {
        "intersection_id": "5588790773",
        "modes": [
          "CAR",
          "MOTORCYCLE"
        ],
        "stop_line": [
          2.248432527861335,
          41.45796831901827
        ],
        "waiting_zone_id": "870644483#0_straight"
      }
    },
    {
      "type": "Feature",
      "geometry": {
        "type": "Polygon",
        "coordinates": [
          [
            [
              2.2483858763192943,
              41.458020548377235
            ],
            [
              2.2484614298204355,
              41.4580110020239
            ],
            [
              2.248676400050145,
              41.45904627283152
            ],
            [
              2.2486007578524663,
              41.45905555810488
            ],
            [
              2.2483858763192943,
              41.458020548377235
            ]
          ]
        ]
      },
      "properties": {
        "intersection_id": "5588790775",
        "modes": [
          "CAR",
          "MOTORCYCLE"
        ],
        "stop_line": [
          2.248619654642733,
          41.459053191154695
        ],
        "waiting_zone_id": "870644483#1_straight"
      }
    },
    {
      "type": "Feature",
      "geometry": {
        "type": "Polygon",
        "coordinates": [
          [
            [
              2.2300384491382728,
              41.44250949240021
            ],
            [
              2.2300164362007084,
              41.44248590409583
            ],
            [
              2.230369621239743,
              41.442299291380564
            ],
            [
              2.2304088845990457,
              41.44227946115185
            ],
            [
              2.23053149766209,
              41.442211850008285
            ],
            [
              2.230564559785391,
              41.44219255652477
            ],
            [
              2.230611422912157,
              41.44223821342687
            ],
            [
              2.230564046099525,
              41.44226573225604
            ],
            [
              2.230540640120801,
              41.44224291657942
            ],
            [
              2.2304312071903,
              41.44230288571665
            ],
            [
              2.2303914680195196,
              41.44232296677958
            ],
            [
              2.2300384491382728,
              41.44250949240021
            ]
          ]
        ]
      },
      "properties": {
        "intersection_id": "6033236616",
        "modes": [
          "CAR",
          "MOTORCYCLE"
        ],
        "stop_line": [
          2.23058797453315,
          41.442215394615765
        ],
        "waiting_zone_id": "87966157#0_straight"
      }
    },
    {
      "type": "Feature",
      "geometry": {
        "type": "Polygon",
        "coordinates": [
          [
            [
              2.2317693583841796,
              41.44150408272767
            ],
            [
              2.231812021461485,
              41.44155196926481
            ],
            [
              2.230661450433284,
              41.44220933867004
            ],
            [
              2.2306150941082543,
              41.44216344017515
            ],
            [
              2.2317693583841796,
              41.44150408272767
            ]
          ]
        ]
      },
      "properties": {
        "intersection_id": "5588597299",
        "modes": [
          "CAR",
          "MOTORCYCLE"
        ],
        "stop_line": [
          2.2317801554416357,
          41.4415159852073
        ],
        "waiting_zone_id": "87966157#1_straight"
      }
    },
    {
      "type": "Feature",
      "geometry": {
        "type": "Polygon",
        "coordinates": [
          [
            [
              2.2342678672822305,
              41.453689162637176
            ],
            [
              2.234225236748275,
              41.45367535510358
            ],
            [
              2.2342403859049,
              41.45364888224231
            ],
            [
              2.2342953683426185,
              41.453666689319846
            ],
            [
              2.2343345995093467,
              41.45368663257834
            ],
            [
              2.234316713324432,
              41.453671677393906
            ],
            [
              2.234340894370575,
              41.45365530881805
            ],
            [
              2.2343477897102266,
              41.45364337573726
            ],
            [
              2.2343836069868646,
              41.453653686233466
            ],
            [
              2.234369614702613,
              41.4536746398569
            ],
            [
              2.2343447915988066,
              41.453691442826894
            ],
            [
              2.2343996657946468,
              41.453717340504916
            ],
            [
              2.2348642252941375,
              41.45387296229315
            ],
            [
              2.2348486672479124,
              41.453899301007766
            ],
            [
              2.234382812471354,
              41.453743244484954
            ],
            [
              2.2342678672822305,
              41.453689162637176
            ]
          ]
        ]
      },
      "properties": {
        "intersection_id": "5588597495",
        "modes": [
          "CAR",
          "MOTORCYCLE"
        ],
        "stop_line": [
          2.2342328112436585,
          41.45366211867404
        ],
        "waiting_zone_id": "880490989#0_straight"
      }
    },
    {
      "type": "Feature",
      "geometry": {
        "type": "Polygon",
        "coordinates": [
          [
            [
              2.2322949390616316,
              41.45301317146766
            ],
            [
              2.2334470577030427,
              41.45339231554749
            ],
            [
              2.2334317043334364,
              41.453418722090596
            ],
            [
              2.232281246961253,
              41.45304009876547
            ],
            [
              2.2322949390616316,
              41.45301317146766
            ]
          ]
        ]
      },
      "properties": {
        "intersection_id": "5588597493",
        "modes": [
          "CAR",
          "MOTORCYCLE"
        ],
        "stop_line": [
          2.232287667287353,
          41.45302650369375
        ],
        "waiting_zone_id": "880490989#2_straight"
      }
    },
    {
      "type": "Feature",
      "geometry": {
        "type": "Polygon",
        "coordinates": [
          [
            [
              2.2421346942322553,
              41.458224787815034
            ],
            [
              2.242170279854401,
              41.45823546906788
            ],
            [
              2.2421481250006003,
              41.45827724004279
            ],
            [
              2.2421125393594603,
              41.45826655878299
            ],
            [
              2.2421346942322553,
              41.458224787815034
            ]
          ]
        ]
      },
      "properties": {
        "intersection_id": "590815668",
        "modes": [
          "CAR",
          "MOTORCYCLE"
        ],
        "stop_line": [
          2.242130332178553,
          41.45827189941426
        ],
        "waiting_zone_id": "88412327#10_straight+right"
      }
    },
    {
      "type": "Feature",
      "geometry": {
        "type": "Polygon",
        "coordinates": [
          [
            [
              2.2426797377787606,
              41.45595130994796
            ],
            [
              2.2426822227363874,
              41.455922547585665
            ],
            [
              2.2430328374626503,
              41.455939713087815
            ],
            [
              2.243047171659995,
              41.45594558747765
            ],
            [
              2.243076881227754,
              41.45597612178231
            ],
            [
              2.2430915465632566,
              41.45593044705161
            ],
            [
              2.243128967378426,
              41.455936630968615
            ],
            [
              2.2428295234080484,
              41.456865861352355
            ],
            [
              2.242792276303401,
              41.456859111013756
            ],
            [
              2.2430650744788716,
              41.45601278447687
            ],
            [
              2.2430215465735763,
              41.45596804910623
            ],
            [
              2.2426797377787606,
              41.45595130994796
            ]
          ]
        ]
      },
      "properties": {
        "intersection_id": "590815562",
        "modes": [
          "CAR",
          "MOTORCYCLE"
        ],
        "stop_line": [
          2.242810899854738,
          41.45686248618456
        ],
        "waiting_zone_id": "88412327#6_straight+left"
      }
    },
    {
      "type": "Feature",
      "geometry": {
        "type": "Polygon",
        "coordinates": [
          [
            [
              2.2465183380635665,
              41.4619621191495
            ],
            [
              2.246550100782724,
              41.46194599855786
            ],
            [
              2.246792056557953,
              41.46221282902801
            ],
            [
              2.246866167051447,
              41.46222397635747
            ],
            [
              2.246931636138512,
              41.46219141172286
            ],
            [
              2.246964908685951,
              41.46207045727787
            ],
            [
              2.2469698229354136,
              41.462063418626926
            ],
            [
              2.2470818979234832,
              41.461975380571786
            ],
            [
              2.247109238668817,
              41.461995574006046
            ],
            [
              2.247001315806123,
              41.46208034795817
            ],
            [
              2.246967575832273,
              41.46220300085454
            ],
            [
              2.2469421943803605,
              41.46230035078152
            ],
            [
              2.2467978412603076,
              41.46291906450326
            ],
            [
              2.2467601004369193,
              41.46291408127282
            ],
            [
              2.246904487867595,
              41.46229522640677
            ],
            [
              2.246921187252861,
              41.46223116330136
            ],
            [
              2.246880717080338,
              41.46225129293294
            ],
            [
              2.246866392941567,
              41.462253403263475
            ],
            [
              2.2467768612019428,
              41.462239936428354
            ],
            [
              2.2467647758472493,
              41.46223390789299
            ],
            [
              2.2465183380635665,
              41.4619621191495
            ]
          ]
        ]
      },
      "properties": {
        "intersection_id": "5588790735",
        "modes": [
          "CAR",
          "MOTORCYCLE"
        ],
        "stop_line": [
          2.2470955682940295,
          41.46198547728972
        ],
        "waiting_zone_id": "88438872#1_straight"
      }
    },
    {
      "type": "Feature",
      "geometry": {
        "type": "Polygon",
        "coordinates": [
          [
            [
              2.230216208061908,
              41.44276571513103
            ],
            [
              2.2305751521821033,
              41.44313571376279
            ],
            [
              2.230544212833787,
              41.44315270743232
            ],
            [
              2.2301852758953427,
              41.44278271595926
            ],
            [
              2.230216208061908,
              41.44276571513103
            ]
          ]
        ]
      },
      "properties": {
        "intersection_id": "2805069513",
        "modes": [
          "CAR",
          "MOTORCYCLE"
        ],
        "stop_line": [
          2.2302007419806364,
          41.4427742155462
        ],
        "waiting_zone_id": "884564207#2_straight"
      }
    },
    {
      "type": "Feature",
      "geometry": {
        "type": "Polygon",
        "coordinates": [
          [
            [
              2.2301526425892937,
              41.44265185634333
            ],
            [
              2.230210466572964,
              41.442711048377944
            ],
            [
              2.230179619591487,
              41.44272813624634
            ],
            [
              2.2301217696070688,
              41.44266891700007
            ],
            [
              2.2301526425892937,
              41.44265185634333
            ]
          ]
        ]
      },
      "properties": {
        "intersection_id": "2805069504",
        "modes": [
          "CAR",
          "MOTORCYCLE"
        ],
        "stop_line": [
          2.230137206100196,
          41.44266038667276
        ],
        "waiting_zone_id": "884564207#4_straight+left"
      }
    },
    {
      "type": "Feature",
      "geometry": {
        "type": "Polygon",
        "coordinates": [
          [
            [
              2.230121795621153,
              41.44266894419648
            ],
            [
              2.230179619591487,
              41.44272813624634
            ],
            [
              2.2301487725938824,
              41.44274522410626
            ],
            [
              2.230090922622806,
              41.44268600484476
            ],
            [
              2.230121795621153,
              41.44266894419648
            ]
          ]
        ]
      },
      "properties": {
        "intersection_id": "2805069504",
        "modes": [
          "CAR",
          "MOTORCYCLE"
        ],
        "stop_line": [
          2.2301063591239947,
          41.44267747452168
        ],
        "waiting_zone_id": "884564207#4_straight+right"
      }
    },
    {
      "type": "Feature",
      "geometry": {
        "type": "Polygon",
        "coordinates": [
          [
            [
              2.229328278786164,
              41.436330740223454
            ],
            [
              2.229442042699029,
              41.436427431640716
            ],
            [
              2.230376070691707,
              41.437258925113014
            ],
            [
              2.2311664063651304,
              41.437969311140016
            ],
            [
              2.23110747037629,
              41.4380061324242
            ],
            [
              2.22927100652622,
              41.43636902012151
            ],
            [
              2.229328278786164,
              41.436330740223454
            ]
          ]
        ]
      },
      "properties": {
        "intersection_id": "5588596885",
        "modes": [
          "CAR",
          "MOTORCYCLE"
        ],
        "stop_line": [
          2.2311516275404086,
          41.437978476493974
        ],
        "waiting_zone_id": "884564210#0_straight"
      }
    },
    {
      "type": "Feature",
      "geometry": {
        "type": "Polygon",
        "coordinates": [
          [
            [
              2.2534609524865106,
              41.45898784940272
            ],
            [
              2.2529739559166555,
              41.4588714572921
            ],
            [
              2.252997026781542,
              41.458816576265
            ],
            [
              2.2534841483181167,
              41.458932897930694
            ],
            [
              2.2534609524865106,
              41.45898784940272
            ]
          ]
        ]
      },
      "properties": {
        "intersection_id": "331829334",
        "modes": [
          "CAR",
          "MOTORCYCLE"
        ],
        "stop_line": [
          2.2529859558708107,
          41.45884412653382
        ],
        "waiting_zone_id": "885217174#5_straight"
      }
    },
    {
      "type": "Feature",
      "geometry": {
        "type": "Polygon",
        "coordinates": [
          [
            [
              2.25298857696632,
              41.45890520375612
            ],
            [
              2.2529623852052207,
              41.458898944863705
            ],
            [
              2.2529748154567777,
              41.45887168085374
            ],
            [
              2.253080674797094,
              41.45889697529004
            ],
            [
              2.252989223641266,
              41.4588941975002
            ],
            [
              2.25298857696632,
              41.45890520375612
            ]
          ]
        ]
      },
      "properties": {
        "intersection_id": "331829334",
        "modes": [
          "CAR",
          "MOTORCYCLE"
        ],
        "stop_line": [
          2.2529686003323346,
          41.458885312858925
        ],
        "waiting_zone_id": "885217174#5_straight+right"
      }
    },
    {
      "type": "Feature",
      "geometry": {
        "type": "Polygon",
        "coordinates": [
          [
            [
              2.235991260742641,
              41.448525493539584
            ],
            [
              2.2360398545963087,
              41.448551788302595
            ],
            [
              2.2360174885380806,
              41.448575187901135
            ],
            [
              2.2359688934791833,
              41.448548893120766
            ],
            [
              2.235991260742641,
              41.448525493539584
            ]
          ]
        ]
      },
      "properties": {
        "intersection_id": "302192394",
        "modes": [
          "CAR",
          "MOTORCYCLE"
        ],
        "stop_line": [
          2.2359800771884295,
          41.44853719345157
        ],
        "waiting_zone_id": "885217189_straight"
      }
    },
    {
      "type": "Feature",
      "geometry": {
        "type": "Polygon",
        "coordinates": [
          [
            [
              2.2385414562027655,
              41.46185206250494
            ],
            [
              2.2385744631762083,
              41.46186670006655
            ],
            [
              2.2379106635748003,
              41.4627147820255
            ],
            [
              2.237928623974236,
              41.46276612166957
            ],
            [
              2.237945579067131,
              41.46277354171149
            ],
            [
              2.2379263127369895,
              41.462798454679714
            ],
            [
              2.2378954891741945,
              41.46278272619037
            ],
            [
              2.2378833256231534,
              41.462749894647914
            ],
            [
              2.237818007937276,
              41.46283382529943
            ],
            [
              2.237785028532533,
              41.46281926066557
            ],
            [
              2.2385414562027655,
              41.46185206250494
            ]
          ]
        ]
      },
      "properties": {
        "intersection_id": "301578030",
        "modes": [
          "CAR",
          "MOTORCYCLE"
        ],
        "stop_line": [
          2.23855795968746,
          41.461859381286985
        ],
        "waiting_zone_id": "885342456#4_straight"
      }
    },
    {
      "type": "Feature",
      "geometry": {
        "type": "Polygon",
        "coordinates": [
          [
            [
              2.2385414544262834,
              41.461852064776664
            ],
            [
              2.2377849660468003,
              41.46281923325553
            ],
            [
              2.237751928868737,
              41.462804741162856
            ],
            [
              2.2377786766025323,
              41.46277023986648
            ],
            [
              2.2385084587388953,
              41.461837432203524
            ],
            [
              2.2385414544262834,
              41.461852064776664
            ]
          ]
        ]
      },
      "properties": {
        "intersection_id": "301578030",
        "modes": [
          "CAR",
          "MOTORCYCLE"
        ],
        "stop_line": [
          2.238524962215765,
          41.46184475098982
        ],
        "waiting_zone_id": "885342456#4_straight+right"
      }
    },
    {
      "type": "Feature",
      "geometry": {
        "type": "Polygon",
        "coordinates": [
          [
            [
              2.240568580504833,
              41.458833412899644
            ],
            [
              2.240533418037584,
              41.45882196651383
            ],
            [
              2.240746257564624,
              41.4584516515356
            ],
            [
              2.2407915543483856,
              41.45836884894541
            ],
            [
              2.240911058337161,
              41.45812340715967
            ],
            [
              2.2409469818926766,
              41.458133426273065
            ],
            [
              2.2408274019511074,
              41.45837902522454
            ],
            [
              2.2408070276063925,
              41.458416300376044
            ],
            [
              2.2408234341191564,
              41.45840159415212
            ],
            [
              2.240854482958566,
              41.45842119654341
            ],
            [
              2.2419013740262193,
              41.45876722111963
            ],
            [
              2.2418855075176887,
              41.45879345604971
            ],
            [
              2.2408366074264343,
              41.45844677404057
            ],
            [
              2.240801918520267,
              41.458425638877344
            ],
            [
              2.240781616665182,
              41.45846275326962
            ],
            [
              2.240568580504833,
              41.458833412899644
            ]
          ]
        ]
      },
      "properties": {
        "intersection_id": "495439120",
        "modes": [
          "CAR",
          "MOTORCYCLE"
        ],
        "stop_line": [
          2.2409289734412754,
          41.45812851141373
        ],
        "waiting_zone_id": "885342462#6_straight+right"
      }
    },
    {
      "type": "Feature",
      "geometry": {
        "type": "Polygon",
        "coordinates": [
          [
            [
              2.2410072965845997,
              41.457861765908454
            ],
            [
              2.2410431304801457,
              41.457871967251094
            ],
            [
              2.241021943206902,
              41.45791408757724
            ],
            [
              2.2409861092916863,
              41.4579038862279
            ],
            [
              2.2410072965845997,
              41.457861765908454
            ]
          ]
        ]
      },
      "properties": {
        "intersection_id": "5588597533",
        "modes": [
          "CAR",
          "MOTORCYCLE"
        ],
        "stop_line": [
          2.241025213426025,
          41.4578668664127
        ],
        "waiting_zone_id": "885342463#0_straight"
      }
    },
    {
      "type": "Feature",
      "geometry": {
        "type": "Polygon",
        "coordinates": [
          [
            [
              2.2595429098225845,
              41.455896777010764
            ],
            [
              2.259694431325677,
              41.455902311367396
            ],
            [
              2.2598886896253148,
              41.455913581244694
            ],
            [
              2.260074040150982,
              41.45593154163692
            ],
            [
              2.26009486446167,
              41.45593438664311
            ],
            [
              2.2602812491174316,
              41.45596989865143
            ],
            [
              2.2603928460741662,
              41.456002241235325
            ],
            [
              2.2604271429188176,
              41.4560176189226
            ],
            [
              2.2604104218658745,
              41.45603911453212
            ],
            [
              2.2604044865216277,
              41.45603650114718
            ],
            [
              2.2602707221706733,
              41.45599762518062
            ],
            [
              2.2600777447266283,
              41.45596085695021
            ],
            [
              2.2598852598041064,
              41.4559422910753
            ],
            [
              2.2596922949355274,
              41.45593108986632
            ],
            [
              2.259487710056154,
              41.45592358494158
            ],
            [
              2.259107903129539,
              41.45592869296126
            ],
            [
              2.259107218149881,
              41.45589987558465
            ],
            [
              2.2594447866174474,
              41.455895335766364
            ],
            [
              2.2595429098225845,
              41.455896777010764
            ]
          ]
        ]
      },
      "properties": {
        "intersection_id": "6228278085",
        "modes": [
          "CAR",
          "MOTORCYCLE"
        ],
        "stop_line": [
          2.260420097402757,
          41.45602667623006
        ],
        "waiting_zone_id": "909968686#0_straight"
      }
    },
    {
      "type": "Feature",
      "geometry": {
        "type": "Polygon",
        "coordinates": [
          [
            [
              2.2565972932733867,
              41.455830191798405
            ],
            [
              2.2565919222085475,
              41.45582817135543
            ],
            [
              2.2565976291321816,
              41.455819338215996
            ],
            [
              2.256604902377274,
              41.45582199737387
            ],
            [
              2.2565944348506823,
              41.45583819894442
            ],
            [
              2.256592463328501,
              41.45583747813981
            ],
            [
              2.2565972932733867,
              41.455830191798405
            ]
          ]
        ]
      },
      "properties": {
        "intersection_id": "8462121840",
        "modes": [
          "BICYCLE"
        ],
        "stop_line": [
          2.256599668614643,
          41.45583009815926
        ],
        "waiting_zone_id": "911342959#10_straight"
      }
    },
    {
      "type": "Feature",
      "geometry": {
        "type": "Polygon",
        "coordinates": [
          [
            [
              2.2520477767736513,
              41.453731785842784
            ],
            [
              2.2520251856775455,
              41.453718770800535
            ],
            [
              2.2520399148728245,
              41.45370456817759
            ],
            [
              2.253185029357434,
              41.45432710576972
            ],
            [
              2.2533118688083196,
              41.45440089385201
            ],
            [
              2.253305641103303,
              41.4544057498658
            ],
            [
              2.25205471817793,
              41.45372476901477
            ],
            [
              2.2520477767736513,
              41.453731785842784
            ]
          ]
        ]
      },
      "properties": {
        "intersection_id": "11406463739",
        "modes": [
          "BICYCLE"
        ],
        "stop_line": [
          2.253304688626167,
          41.45440810182899
        ],
        "waiting_zone_id": "911342959#3_straight"
      }
    },
    {
      "type": "Feature",
      "geometry": {
        "type": "Polygon",
        "coordinates": [
          [
            [
              2.234726372271918,
              41.44933988964011
            ],
            [
              2.234747467021402,
              41.44931582970174
            ],
            [
              2.2347921799716874,
              41.44933802240717
            ],
            [
              2.2347792405768,
              41.44932428016505
            ],
            [
              2.234793737202257,
              41.44931655274053
            ],
            [
              2.234820151257427,
              41.44929563303445
            ],
            [
              2.2348479251028333,
              41.44931548550474
            ],
            [
              2.234820222864647,
              41.44933742439659
            ],
            [
              2.2348033128184808,
              41.44934677152052
            ],
            [
              2.234808561076418,
              41.449349950025166
            ],
            [
              2.234926722134226,
              41.44943947717889
            ],
            [
              2.2349523796116872,
              41.44947215384198
            ],
            [
              2.2349191493737157,
              41.44948649425278
            ],
            [
              2.2348977618787074,
              41.44945843887227
            ],
            [
              2.234782741152934,
              41.44937124748901
            ],
            [
              2.234726372271918,
              41.44933988964011
            ]
          ]
        ]
      },
      "properties": {
        "intersection_id": "2112389533",
        "modes": [
          "CAR",
          "MOTORCYCLE"
        ],
        "stop_line": [
          2.2347369194806452,
          41.449327859667996
        ],
        "waiting_zone_id": "914122768#0_left+right"
      }
    },
    {
      "type": "Feature",
      "geometry": {
        "type": "Polygon",
        "coordinates": [
          [
            [
              2.249301509649727,
              41.451649879618884
            ],
            [
              2.249836136500302,
              41.45218392219607
            ],
            [
              2.2497750564847654,
              41.452218638436335
            ],
            [
              2.249240299473423,
              41.451684585721914
            ],
            [
              2.249301509649727,
              41.451649879618884
            ]
          ]
        ]
      },
      "properties": {
        "intersection_id": "5588593478",
        "modes": [
          "CAR",
          "MOTORCYCLE"
        ],
        "stop_line": [
          2.249805445854039,
          41.45220112992542
        ],
        "waiting_zone_id": "927976425#0_straight"
      }
    },
    {
      "type": "Feature",
      "geometry": {
        "type": "Polygon",
        "coordinates": [
          [
            [
              2.246115727165745,
              41.44943362753988
            ],
            [
              2.246180195444841,
              41.44945954105885
            ],
            [
              2.2466368026439647,
              41.449676716489186
            ],
            [
              2.2470987808742118,
              41.449914313587605
            ],
            [
              2.2470774595400895,
              41.449938259919556
            ],
            [
              2.2460976760525355,
              41.44945904892334
            ],
            [
              2.246115727165745,
              41.44943362753988
            ]
          ]
        ]
      },
      "properties": {
        "intersection_id": "6242753275",
        "modes": [
          "BICYCLE"
        ],
        "stop_line": [
          2.2470881202091197,
          41.449926286754106
        ],
        "waiting_zone_id": "931006705#1_straight"
      }
    },
    {
      "type": "Feature",
      "geometry": {
        "type": "Polygon",
        "coordinates": [
          [
            [
              2.2473078496493075,
              41.450022975615184
            ],
            [
              2.2474227821316877,
              41.45009542676371
            ],
            [
              2.24739817798527,
              41.45011751956544
            ],
            [
              2.247283245492002,
              41.450045068392505
            ],
            [
              2.2473078496493075,
              41.450022975615184
            ]
          ]
        ]
      },
      "properties": {
        "intersection_id": "3859746994",
        "modes": [
          "BICYCLE"
        ],
        "stop_line": [
          2.24741048006057,
          41.45010647316526
        ],
        "waiting_zone_id": "931006705#4_straight"
      }
    },
    {
      "type": "Feature",
      "geometry": {
        "type": "Polygon",
        "coordinates": [
          [
            [
              2.2568641025871887,
              41.45585567645744
            ],
            [
              2.2568945541706844,
              41.45587316744097
            ],
            [
              2.2568582261598875,
              41.45590896247096
            ],
            [
              2.2568277745696905,
              41.45589147147788
            ],
            [
              2.2568641025871887,
              41.45585567645744
            ]
          ]
        ]
      },
      "properties": {
        "intersection_id": "5588593502",
        "modes": [
          "CAR",
          "MOTORCYCLE"
        ],
        "stop_line": [
          2.2568793283768853,
          41.4558644219502
        ],
        "waiting_zone_id": "93906951#0_straight"
      }
    },
    {
      "type": "Feature",
      "geometry": {
        "type": "Polygon",
        "coordinates": [
          [
            [
              2.256491520245759,
              41.45649361414116
            ],
            [
              2.256809839552627,
              41.45668086746925
            ],
            [
              2.2567862396225395,
              41.45670357224119
            ],
            [
              2.2564679202641655,
              41.45651631974884
            ],
            [
              2.256491520245759,
              41.45649361414116
            ]
          ]
        ]
      },
      "properties": {
        "intersection_id": "1091758445",
        "modes": [
          "CAR",
          "MOTORCYCLE"
        ],
        "stop_line": [
          2.2564797199686595,
          41.456504966919674
        ],
        "waiting_zone_id": "93906957_right"
      }
    },
    {
      "type": "Feature",
      "geometry": {
        "type": "Polygon",
        "coordinates": [
          [
            [
              2.268045891935285,
              41.46090307207673
            ],
            [
              2.268078625814609,
              41.46091805433936
            ],
            [
              2.267765216097909,
              41.46130554070313
            ],
            [
              2.2677324820984346,
              41.46129055835132
            ],
            [
              2.268045891935285,
              41.46090307207673
            ]
          ]
        ]
      },
      "properties": {
        "intersection_id": "9689824638",
        "modes": [
          "CAR",
          "MOTORCYCLE"
        ],
        "stop_line": [
          2.2680622588730532,
          41.460910563209204
        ],
        "waiting_zone_id": "93939466#4_straight+right"
      }
    },
    {
      "type": "Feature",
      "geometry": {
        "type": "Polygon",
        "coordinates": [
          [
            [
              2.2689165362448716,
              41.46189463702483
            ],
            [
              2.269075487927354,
              41.461662863828316
            ],
            [
              2.269109243339663,
              41.46167650297594
            ],
            [
              2.2689415752097,
              41.46192121853281
            ],
            [
              2.268907403438784,
              41.46190818018743
            ],
            [
              2.2689165362448716,
              41.46189463702483
            ]
          ]
        ]
      },
      "properties": {
        "intersection_id": "5588593493",
        "modes": [
          "CAR",
          "MOTORCYCLE"
        ],
        "stop_line": [
          2.2690923656317272,
          41.46166968340335
        ],
        "waiting_zone_id": "93939489#4_straight+turn"
      }
    },
    {
      "type": "Feature",
      "geometry": {
        "type": "Polygon",
        "coordinates": [
          [
            [
              2.2597407009089463,
              41.46154866300261
            ],
            [
              2.259694834952821,
              41.461522977711105
            ],
            [
              2.2597179081366257,
              41.46150001047928
            ],
            [
              2.2597606065563713,
              41.46152383514227
            ],
            [
              2.259854425875821,
              41.46155712226712
            ],
            [
              2.2598381377466543,
              41.461583157906645
            ],
            [
              2.2597407009089463,
              41.46154866300261
            ]
          ]
        ]
      },
      "properties": {
        "intersection_id": "1092073341",
        "modes": [
          "CAR",
          "MOTORCYCLE"
        ],
        "stop_line": [
          2.25970638549241,
          41.461511480214256
        ],
        "waiting_zone_id": "94252718#2_straight"
      }
    },
    {
      "type": "Feature",
      "geometry": {
        "type": "Polygon",
        "coordinates": [
          [
            [
              2.2598544258758175,
              41.46155712226706
            ],
            [
              2.2597179360278825,
              41.46149998271603
            ],
            [
              2.259740927126974,
              41.46147696989454
            ],
            [
              2.259870808913075,
              41.4615310674395
            ],
            [
              2.2598544258758175,
              41.46155712226706
            ]
          ]
        ]
      },
      "properties": {
        "intersection_id": "1092073341",
        "modes": [
          "CAR",
          "MOTORCYCLE"
        ],
        "stop_line": [
          2.2597293980183832,
          41.461488479242526
        ],
        "waiting_zone_id": "94252718#2_straight+left"
      }
    },
    {
      "type": "Feature",
      "geometry": {
        "type": "Polygon",
        "coordinates": [
          [
            [
              2.259720777368067,
              41.461573483538395
            ],
            [
              2.259674950393383,
              41.46154773904091
            ],
            [
              2.2596980769950505,
              41.461524793281214
            ],
            [
              2.2597407009090933,
              41.46154866300261
            ],
            [
              2.2598375315055907,
              41.461582943283446
            ],
            [
              2.259821791889007,
              41.46160926251929
            ],
            [
              2.259720777368067,
              41.461573483538395
            ]
          ]
        ]
      },
      "properties": {
        "intersection_id": "1092073341",
        "modes": [
          "CAR",
          "MOTORCYCLE"
        ],
        "stop_line": [
          2.259686524777795,
          41.46153625562736
        ],
        "waiting_zone_id": "94252718#2_straight+right"
      }
    },
    {
      "type": "Feature",
      "geometry": {
        "type": "Polygon",
        "coordinates": [
          [
            [
              2.253074008293967,
              41.45892561873268
            ],
            [
              2.252987531799735,
              41.45892299225165
            ],
            [
              2.2529885769663545,
              41.458905203756125
            ],
            [
              2.253074008293967,
              41.45892561873268
            ]
          ]
        ]
      },
      "properties": {
        "intersection_id": "1095443100",
        "modes": [
          "CAR",
          "MOTORCYCLE"
        ],
        "stop_line": [
          2.25298837809133,
          41.45890859488431
        ],
        "waiting_zone_id": "94252720#0_straight"
      }
    },
    {
      "type": "Feature",
      "geometry": {
        "type": "Polygon",
        "coordinates": [
          [
            [
              2.2526663356568433,
              41.45874113850057
            ],
            [
              2.2526686794539534,
              41.45874150771953
            ],
            [
              2.252660845332245,
              41.45876970429492
            ],
            [
              2.252658827312513,
              41.458769373028204
            ],
            [
              2.2526663356568433,
              41.45874113850057
            ]
          ]
        ]
      },
      "properties": {
        "intersection_id": ":5588790790_10_0",
        "modes": [
          "CAR",
          "MOTORCYCLE"
        ],
        "stop_line": [
          2.2526624161738154,
          41.458755245473824
        ],
        "waiting_zone_id": "94252742#0_straight+left"
      }
    },
    {
      "type": "Feature",
      "geometry": {
        "type": "Polygon",
        "coordinates": [
          [
            [
              2.252653332539305,
              41.458797954812646
            ],
            [
              2.2526509887299184,
              41.458797586494065
            ],
            [
              2.252658819104476,
              41.45876940257165
            ],
            [
              2.2526608408894933,
              41.45876972028556
            ],
            [
              2.252653332539305,
              41.458797954812646
            ]
          ]
        ]
      },
      "properties": {
        "intersection_id": ":5588790790_10_0",
        "modes": [
          "CAR",
          "MOTORCYCLE"
        ],
        "stop_line": [
          2.252654907826134,
          41.458783480001095
        ],
        "waiting_zone_id": "94252742#0_straight+partial_right"
      }
    },
    {
      "type": "Feature",
      "geometry": {
        "type": "Polygon",
        "coordinates": [
          [
            [
              2.250664602948238,
              41.460966713360335
            ],
            [
              2.2507122697368276,
              41.46099393262932
            ],
            [
              2.2506891014486476,
              41.46101688934446
            ],
            [
              2.250641435850536,
              41.46098967007373
            ],
            [
              2.250664602948238,
              41.460966713360335
            ]
          ]
        ]
      },
      "properties": {
        "intersection_id": "1096813827",
        "modes": [
          "CAR",
          "MOTORCYCLE"
        ],
        "stop_line": [
          2.2507006855947864,
          41.4610054109875
        ],
        "waiting_zone_id": "94415141#0_straight"
      }
    },
    {
      "type": "Feature",
      "geometry": {
        "type": "Polygon",
        "coordinates": [
          [
            [
              2.2528939751117845,
              41.45864017654105
            ],
            [
              2.2527819913014535,
              41.45868570898278
            ],
            [
              2.2527690237748295,
              41.45866648913198
            ],
            [
              2.2528824334108863,
              41.45862308940301
            ],
            [
              2.2528939751117845,
              41.45864017654105
            ]
          ]
        ]
      },
      "properties": {
        "intersection_id": "6405154015",
        "modes": [
          "CAR",
          "MOTORCYCLE"
        ],
        "stop_line": [
          2.2528911189465153,
          41.45863593455425
        ],
        "waiting_zone_id": "94836249#0_straight"
      }
    },
    {
      "type": "Feature",
      "geometry": {
        "type": "Polygon",
        "coordinates": [
          [
            [
              2.25228408106529,
              41.45910005834393
            ],
            [
              2.252262866316626,
              41.45907605617792
            ],
            [
              2.2523573729282838,
              41.459028587942214
            ],
            [
              2.2525988351126016,
              41.45891364786553
            ],
            [
              2.2526274347351873,
              41.45888200865937
            ],
            [
              2.252628551021618,
              41.458831814842334
            ],
            [
              2.2526030392534495,
              41.45881143012349
            ],
            [
              2.2526308352033566,
              41.458791592624095
            ],
            [
              2.2526604993485524,
              41.45881511457754
            ],
            [
              2.252666885373364,
              41.45883113613554
            ],
            [
              2.252665647716394,
              41.458886793967906
            ],
            [
              2.252662335328715,
              41.45889465664501
            ],
            [
              2.2526225875966164,
              41.458936464868394
            ],
            [
              2.252436006274685,
              41.45902518707044
            ],
            [
              2.2525979729961016,
              41.45902335897721
            ],
            [
              2.252794642496116,
              41.45905976560233
            ],
            [
              2.2528401879671356,
              41.45906896167797
            ],
            [
              2.253222797190939,
              41.459153228203476
            ],
            [
              2.253457883400922,
              41.45921265745688
            ],
            [
              2.2534456753388916,
              41.459239978805684
            ],
            [
              2.2532116684744032,
              41.45918081054396
            ],
            [
              2.252830044495753,
              41.45909675665112
            ],
            [
              2.252785291069041,
              41.45908771704113
            ],
            [
              2.2525912525092373,
              41.45905179768202
            ],
            [
              2.2523739872018567,
              41.45905490031927
            ],
            [
              2.25228408106529,
              41.45910005834393
            ]
          ]
        ]
      },
      "properties": {
        "intersection_id": "5588790788",
        "modes": [
          "CAR",
          "MOTORCYCLE"
        ],
        "stop_line": [
          2.252273473689011,
          41.45908805726142
        ],
        "waiting_zone_id": "94836252#1_straight"
      }
    },
    {
      "type": "Feature",
      "geometry": {
        "type": "Polygon",
        "coordinates": [
          [
            [
              2.2506671748214053,
              41.46073612667011
            ],
            [
              2.2506313292040825,
              41.46072594716438
            ],
            [
              2.250646116286519,
              41.460696481144204
            ],
            [
              2.250768367467738,
              41.460415811823765
            ],
            [
              2.2509279346608233,
              41.46014978282566
            ],
            [
              2.251094722192848,
              41.45994461960608
            ],
            [
              2.2511829986555174,
              41.4598393706137
            ],
            [
              2.2513385505250207,
              41.45969617069726
            ],
            [
              2.251368205779711,
              41.459714421779516
            ],
            [
              2.2512147737659274,
              41.4598554998753
            ],
            [
              2.2511273326169396,
              41.45995975090326
            ],
            [
              2.251030708205932,
              41.46007848364952
            ],
            [
              2.251181246852975,
              41.45997718535923
            ],
            [
              2.2513405603435532,
              41.45990048649939
            ],
            [
              2.25150612637847,
              41.4598359565947
            ],
            [
              2.2515237377808943,
              41.45986155318376
            ],
            [
              2.251360452932076,
              41.45992512786065
            ],
            [
              2.2512048361828545,
              41.459999915117166
            ],
            [
              2.2509612024811947,
              41.46016439692083
            ],
            [
              2.250804450470524,
              41.460425536156954
            ],
            [
              2.2506824072353617,
              41.46070573217912
            ],
            [
              2.2506671748214053,
              41.46073612667011
            ]
          ]
        ]
      },
      "properties": {
        "intersection_id": "332181507",
        "modes": [
          "CAR",
          "MOTORCYCLE"
        ],
        "stop_line": [
          2.250649251758746,
          41.460731036753124
        ],
        "waiting_zone_id": "94836252#7_straight"
      }
    },
    {
      "type": "Feature",
      "geometry": {
        "type": "Polygon",
        "coordinates": [
          [
            [
              2.253516389279707,
              41.45854765700129
            ],
            [
              2.2535341526744976,
              41.458573194826634
            ],
            [
              2.25300729614423,
              41.45878051327879
            ],
            [
              2.2529895261342,
              41.45875498997866
            ],
            [
              2.253516389279707,
              41.45854765700129
            ]
          ]
        ]
      },
      "properties": {
        "intersection_id": "331829334",
        "modes": [
          "CAR",
          "MOTORCYCLE"
        ],
        "stop_line": [
          2.252998407965354,
          41.45876774687483
        ],
        "waiting_zone_id": "94836257#0_straight"
      }
    },
    {
      "type": "Feature",
      "geometry": {
        "type": "Polygon",
        "coordinates": [
          [
            [
              2.2535163585589237,
              41.458547669089235
            ],
            [
              2.2529895196697467,
              41.45875498069332
            ],
            [
              2.2529539448401263,
              41.458703947797616
            ],
            [
              2.2534808141454308,
              41.4584966242649
            ],
            [
              2.2535163585589237,
              41.458547669089235
            ]
          ]
        ]
      },
      "properties": {
        "intersection_id": "331829334",
        "modes": [
          "CAR",
          "MOTORCYCLE"
        ],
        "stop_line": [
          2.2529806205365897,
          41.45874223042993
        ],
        "waiting_zone_id": "94836257#0_left"
      }
    },
    {
      "type": "Feature",
      "geometry": {
        "type": "Polygon",
        "coordinates": [
          [
            [
              2.2544074258214395,
              41.45798723728685
            ],
            [
              2.2543840637064654,
              41.457964392553436
            ],
            [
              2.254469787588227,
              41.457914779518696
            ],
            [
              2.254594171984114,
              41.45780645164166
            ],
            [
              2.2546403818332603,
              41.45778005126462
            ],
            [
              2.254917908296582,
              41.45760250866079
            ],
            [
              2.255158453245368,
              41.45745982065728
            ],
            [
              2.255352211229877,
              41.457305184482315
            ],
            [
              2.255429215843839,
              41.457240167427535
            ],
            [
              2.2555534527837233,
              41.45712144567306
            ],
            [
              2.2558227275332543,
              41.45685500720402
            ],
            [
              2.256286312040197,
              41.45640367072096
            ],
            [
              2.2563041124200236,
              41.456391323127306
            ],
            [
              2.2563553496753888,
              41.456434177536224
            ],
            [
              2.2563437223162213,
              41.45644205142321
            ],
            [
              2.2558835103323833,
              41.45689007810402
            ],
            [
              2.255614345527996,
              41.457156439060824
            ],
            [
              2.25558384281645,
              41.457138999653914
            ],
            [
              2.255458745288758,
              41.45725853464575
            ],
            [
              2.255380637754813,
              41.45732450927605
            ],
            [
              2.255185364365819,
              41.457480364299194
            ],
            [
              2.254942458038138,
              41.457624638584065
            ],
            [
              2.2546650666391153,
              41.457802094749525
            ],
            [
              2.2546217941105438,
              41.45782648839976
            ],
            [
              2.25449750890778,
              41.457934728676406
            ],
            [
              2.2544074258214395,
              41.45798723728685
            ]
          ]
        ]
      },
      "properties": {
        "intersection_id": "1091758397",
        "modes": [
          "CAR",
          "MOTORCYCLE"
        ],
        "stop_line": [
          2.2563295577883946,
          41.45641286744402
        ],
        "waiting_zone_id": "94836258#4_straight"
      }
    },
    {
      "type": "Feature",
      "geometry": {
        "type": "Polygon",
        "coordinates": [
          [
            [
              2.2563413351745667,
              41.45634925948658
            ],
            [
              2.2565001852012823,
              41.456179835151374
            ],
            [
              2.256629261659055,
              41.456046505514074
            ],
            [
              2.2566913246871683,
              41.456080264676416
            ],
            [
              2.2563725210627603,
              41.45641913895015
            ],
            [
              2.256308208260544,
              41.45638777726159
            ],
            [
              2.2563413351745667,
              41.45634925948658
            ]
          ]
        ]
      },
      "properties": {
        "intersection_id": "5568932110",
        "modes": [
          "CAR",
          "MOTORCYCLE"
        ],
        "stop_line": [
          2.25666029270412,
          41.45606338497661
        ],
        "waiting_zone_id": "94836258#6_straight"
      }
    },
    {
      "type": "Feature",
      "geometry": {
        "type": "Polygon",
        "coordinates": [
          [
            [
              2.253585952455638,
              41.45837326710544
            ],
            [
              2.2536064883576437,
              41.4583976006029
            ],
            [
              2.2535559487886205,
              41.45842173862326
            ],
            [
              2.2535354128878318,
              41.45839740601764
            ],
            [
              2.253585952455638,
              41.45837326710544
            ]
          ]
        ]
      },
      "properties": {
        "intersection_id": "5568932118",
        "modes": [
          "CAR",
          "MOTORCYCLE"
        ],
        "stop_line": [
          2.253596220572782,
          41.45838543385341
        ],
        "waiting_zone_id": "94836265#0_straight"
      }
    }
  ]
}